"30 November 2025","","","Source: ThaiBMA"
"BOND","Coupon","Maturity","TTM (Yrs.)","Type","Coupon Type","TRIS","FITCH","Last Trade Date","Last Exec.Yield %","Quoted Date","Quoted Yield","Max","Min","Model Yield(%)","Static Spread(bp)","Market Yield(%)","DM","Clean Price %","AI %","Modified Duration*","Convexity","Par","Currency","Registration Status","Index Ratio"
"Government Bonds"
"ESGLB35DA","1.585","17-Dec-2035","10.049315","Straight","Fixed","","","28-Nov-25","1.715000","28-Nov-25","1.710000","1.732130","1.688739","1.715000","-","1.715000","-","98.802813","0.725192","9.173045","93.472967","1000","THB","Registered","-"
"ESGLB376A","3.39","17-Jun-2037","11.550685","Straight","Fixed","","","28-Nov-25","1.880000","28-Nov-25","1.846594","1.880000","1.817500","1.880000","-","1.880000","-","115.598572","1.551041","9.588487","107.871924","1000","THB","Registered","-"
"ILB283A","1.25","12-Mar-2028","2.279452","Straight","Fixed","","","19-Nov-25","1.940000","28-Nov-25","1.903527","2.000000","1.900000","1.903527","-","1.903527","-","98.555031","0.273973","2.224382","6.094633","1000","THB","Registered","1.12842"
"LB25DA","3.85","12-Dec-2025","0.030137","Straight","Fixed","","","26-Nov-25","1.210000","19-Nov-24","2.004115","2.030000","1.990000","1.252060","-","1.252060","-","100.072420","1.814247","0.029949","0.015779","1000","THB","Registered","-"
"LB266A","2.35","17-Jun-2026","0.542466","Straight","Fixed","","","28-Nov-25","1.190000","22-Jul-25","1.295556","1.315576","1.259650","1.190000","-","1.190000","-","100.623457","1.075205","0.534879","0.554773","1000","THB","Registered","-"
"LB267A","6.15","07-Jul-2026","0.597260","Straight","Fixed","","","06-Nov-25","1.300000","03-Jan-14","4.077500","4.200000","4.010000","1.243559","-","1.243559","-","102.903698","2.476849","0.583172","0.636860","1000","THB","Registered","-"
"LB26DA","2.125","17-Dec-2026","1.043836","Straight","Fixed","","","28-Nov-25","1.240000","28-Nov-25","1.250340","1.290000","1.230000","1.240000","-","1.240000","-","100.911853","0.972260","1.021898","1.564688","1000","THB","Registered","-"
"LB273A","2.25","17-Mar-2027","1.290411","Straight","Fixed","","","28-Nov-25","1.235000","28-Nov-25","1.255680","1.300000","1.240000","1.235000","-","1.235000","-","101.303825","0.462329","1.266104","2.245500","1000","THB","Registered","-"
"LB276A","1","17-Jun-2027","1.542466","Straight","Fixed","","","28-Nov-25","1.255000","29-Oct-24","2.128890","2.140565","2.116000","1.255000","-","1.255000","-","99.609823","0.457534","1.519382","3.080471","1000","THB","Registered","-"
"LB27NA","2.4","17-Nov-2027","1.961644","Straight","Fixed","","","28-Nov-25","1.245000","28-Nov-25","1.263080","1.303256","1.250000","1.245000","-","1.245000","-","102.236357","0.092055","1.910802","4.639657","1000","THB","Registered","-"
"LB27DA","3.58","17-Dec-2027","2.043836","Straight","Fixed","","","28-Nov-25","1.282000","03-Dec-18","2.709668","2.730000","2.657453","1.282000","-","1.282000","-","104.615772","1.637973","1.947700","4.878421","1000","THB","Registered","-"
"LB283A","5.67","13-Mar-2028","2.282192","Straight","Fixed","","","18-Nov-25","1.380000","05-Jul-16","2.191951","2.250000","2.110000","1.266001","-","1.266001","-","109.885597","1.227205","2.139582","5.812620","1000","THB","Registered","-"
"LB284A","2.05","17-Apr-2028","2.378082","Straight","Fixed","","","28-Nov-25","1.261000","28-Nov-25","1.267801","1.300748","1.250000","1.261000","-","1.261000","-","101.842850","0.252740","2.311121","6.560865","1000","THB","Registered","-"
"LB286A","2.65","17-Jun-2028","2.545205","Straight","Fixed","","","28-Nov-25","1.261000","14-Oct-25","1.206378","1.230000","1.167000","1.261000","-","1.261000","-","103.462611","1.212466","2.434391","7.297894","1000","THB","Registered","-"
"LB28DA","2.875","17-Dec-2028","3.046575","Straight","Fixed","","","28-Nov-25","1.320000","09-Jul-24","2.390494","2.410000","2.380000","1.320000","-","1.320000","-","104.620083","1.315411","2.883949","10.032307","1000","THB","Registered","-"
"LB293A","2.4","17-Mar-2029","3.293151","Straight","Fixed","","","28-Nov-25","1.270000","14-Oct-25","1.213889","1.280000","1.200000","1.270000","-","1.270000","-","103.639211","0.493151","3.151105","11.737074","1000","THB","Registered","-"
"LB294A","1.19","17-Apr-2029","3.378082","Straight","Fixed","","","28-Nov-25","1.292000","28-Nov-25","1.292778","1.370000","1.280000","1.292000","-","1.292000","-","99.665446","0.146712","3.292445","12.604352","1000","THB","Registered","-"
"LB296A","4.875","22-Jun-2029","3.558904","Straight","Fixed","","","28-Nov-25","1.290000","20-Aug-19","1.540744","1.560000","1.510000","1.290000","-","1.290000","-","112.418939","2.163699","3.242802","12.769496","1000","THB","Registered","-"
"LB29NA","2.5","17-Nov-2029","3.964384","Straight","Fixed","","","28-Nov-25","1.320000","28-Nov-25","1.337778","1.400000","1.310000","1.320000","-","1.320000","-","104.545402","0.095890","3.768589","16.454050","1000","THB","Registered","-"
"LB29DA","1.6","17-Dec-2029","4.046575","Straight","Fixed","","","28-Nov-25","1.345000","29-Oct-24","2.226372","2.250000","2.217000","1.345000","-","1.345000","-","100.997961","0.732055","3.878468","17.340822","1000","THB","Registered","-"
"LB303A","1.66","17-Mar-2030","4.293151","Straight","Fixed","","","28-Nov-25","1.340000","28-Nov-25","1.345556","1.390000","1.330000","1.340000","-","1.340000","-","101.336035","0.341096","4.118699","19.393585","1000","THB","Registered","-"
"LB316A","3.65","20-Jun-2031","5.553425","Straight","Fixed","","","28-Nov-25","1.410000","28-Nov-25","1.425191","1.452260","1.400000","1.410000","-","1.410000","-","111.916315","1.640000","4.999020","29.177904","1000","THB","Registered","-"
"LB31DA","2","17-Dec-2031","6.046575","Straight","Fixed","","","27-Nov-25","1.430000","28-Nov-25","1.455901","1.500000","1.440000","1.455901","-","1.455901","-","103.133979","0.915068","5.637958","35.963336","1000","THB","Registered","-"
"LB326A","3.775","25-Jun-2032","6.569863","Straight","Fixed","","","28-Nov-25","1.525000","28-Nov-25","1.548612","1.580000","1.530000","1.525000","-","1.525000","-","114.000735","1.644452","5.801626","39.244707","1000","THB","Registered","-"
"LB336A","3.35","17-Jun-2033","7.547945","Straight","Fixed","","","28-Nov-25","1.600000","28-Nov-25","1.612222","1.632681","1.597141","1.600000","-","1.600000","-","112.384402","1.532740","6.640930","51.050151","1000","THB","Registered","-"
"LB346A","2.8","17-Jun-2034","8.547945","Straight","Fixed","","","28-Nov-25","1.650000","28-Nov-25","1.661528","1.680000","1.635792","1.650000","-","1.650000","-","109.124965","1.281096","7.553199","65.338473","1000","THB","Registered","-"
"LB353A","2.41","17-Mar-2035","9.295890","Straight","Fixed","","","28-Nov-25","1.675000","28-Nov-25","1.682963","1.700000","1.650000","1.675000","-","1.675000","-","106.308005","0.495205","8.304590","77.885468","1000","THB","Registered","-"
"LB356A","1.6","17-Jun-2035","9.547945","Straight","Fixed","","","24-Nov-25","1.680000","21-Jan-25","2.424687","2.446623","2.400000","1.694997","-","1.694997","-","99.163686","0.732055","8.746479","85.007701","1000","THB","Registered","-"
"LB366A","3.4","17-Jun-2036","10.550685","Straight","Fixed","","","24-Nov-25","1.750000","29-Oct-24","2.554444","2.570000","2.500000","1.734616","-","1.734616","-","115.979012","1.555616","8.889331","92.261148","1000","THB","Registered","-"
"LB383A","5.5","13-Mar-2038","12.287671","Straight","Fixed","","","25-Oct-23","3.590000","03-Jan-14","4.387500","4.550000","4.270000","1.879194","-","1.879194","-","139.559029","1.190411","9.472799","109.368253","1000","THB","Registered","-"
"LB386A","3.3","17-Jun-2038","12.550685","Straight","Fixed","","","28-Nov-25","1.900000","28-Nov-25","1.921871","1.960000","1.880000","1.900000","-","1.900000","-","115.554951","1.509863","10.320630","125.270023","1000","THB","Registered","-"
"LB396A","5","13-Jun-2039","13.539726","Straight","Fixed","","","31-Jul-23","2.950000","03-Jan-14","4.425000","4.550000","4.320000","1.924622","-","1.924622","-","136.479186","2.342466","10.297263","130.294179","1000","THB","Registered","-"
"LB406A","5","22-Jun-2040","14.567123","Straight","Fixed","","","11-Nov-25","2.090500","03-Jan-14","4.451250","4.550000","4.410000","1.951134","-","1.951134","-","138.467229","2.219178","10.916891","147.213881","1000","THB","Registered","-"
"LB416A","3.8","14-Jun-2041","15.545205","Straight","Fixed","","","26-Nov-25","2.120000","19-Nov-24","2.771028","2.840000","2.730000","2.041314","-","2.041314","-","123.306978","1.769863","12.002549","174.607554","1000","THB","Registered","-"
"LB426A","2","17-Jun-2042","16.553425","Straight","Fixed","","","28-Nov-25","2.180000","28-Nov-25","2.193674","2.210000","2.159371","2.180000","-","2.180000","-","97.508045","0.915068","13.847452","220.894356","1000","THB","Registered","-"
"LB436A","3.45","17-Jun-2043","17.553425","Straight","Fixed","","","28-Nov-25","2.245000","28-Nov-25","2.258333","2.280000","2.230000","2.245000","-","2.245000","-","117.388878","1.578493","13.355955","217.266241","1000","THB","Registered","-"
"LB446A","4.675","29-Jun-2044","18.589041","Straight","Fixed","","","26-Nov-25","2.300000","21-Jan-25","2.804199","2.870000","2.799000","2.252112","-","2.252112","-","136.606642","1.985274","13.228756","220.814009","1000","THB","Registered","-"
"LB456A","2.98","17-Jun-2045","19.556164","Straight","Fixed","","","28-Nov-25","2.320000","28-Nov-25","2.313704","2.330000","2.275000","2.320000","-","2.320000","-","110.318722","1.363452","14.854720","268.317624","1000","THB","Registered","-"
"LB466A","2.875","17-Jun-2046","20.556164","Straight","Fixed","","","28-Nov-25","2.285000","28-Nov-25","2.329982","2.350000","2.300000","2.285000","-","2.285000","-","109.625776","1.315411","15.547905","294.358132","1000","THB","Registered","-"
"LB496A","1.875","17-Jun-2049","23.558904","Straight","Fixed","","","20-Nov-25","2.220000","28-Nov-25","2.309303","2.340000","2.230000","2.309303","-","2.309303","-","92.143491","0.857877","18.528490","407.475285","1000","THB","Registered","-"
"LB526A","2.75","17-Jun-2052","26.561644","Straight","Fixed","","","14-Nov-25","2.349000","28-Nov-25","2.360331","2.430000","2.350000","2.360331","-","2.360331","-","107.649012","1.258219","18.878837","447.758895","1000","THB","Registered","-"
"LB556A","4","17-Jun-2055","29.561644","Straight","Fixed","","","28-Nov-25","2.440000","28-Nov-25","2.454070","2.500000","2.440000","2.440000","-","2.440000","-","132.698879","1.830137","18.772237","468.915052","1000","THB","Registered","-"
"LB616A","4.85","17-Jun-2061","35.567123","Straight","Fixed","","","15-Oct-25","2.240000","28-Nov-25","2.459080","2.500000","2.420000","2.459080","-","2.459080","-","156.434375","2.219041","20.320465","576.201848","1000","THB","Registered","-"
"LB666A","4","17-Jun-2066","40.569863","Straight","Fixed","","","28-Nov-25","2.409000","28-Nov-25","2.461059","2.500000","2.430000","2.409000","-","2.409000","-","141.023065","1.830137","22.960298","739.858177","1000","THB","Registered","-"
"LB676A","3.6","17-Jun-2067","41.569863","Straight","Fixed","","","28-Nov-25","2.480000","28-Nov-25","2.468899","2.500000","2.440000","2.480000","-","2.480000","-","128.934763","1.647123","23.627768","783.523105","1000","THB","Registered","-"
"LB716A","2.5","17-Jun-2071","45.572603","Straight","Fixed","","","25-Nov-25","2.429000","26-Apr-22","4.132901","4.200000","4.000000","2.490670","-","2.490670","-","100.249223","1.143836","26.819327","997.232373","1000","THB","Registered","-"
"LB726A","4","17-Jun-2072","46.575342","Straight","Fixed","","","28-Nov-25","2.420000","28-Nov-25","2.469798","2.500000","2.440000","2.420000","-","2.420000","-","143.971743","1.830137","24.833075","889.010978","1000","THB","Registered","-"
"LB776A","2.44","17-Jun-2077","51.578082","Straight","Fixed","","","28-Nov-25","2.440000","28-Nov-25","2.477070","2.500000","2.450000","2.440000","-","2.440000","-","100.000370","0.207233","29.181575","1198.627352","1000","THB","Registered","-"
"LBA37DA","4.26","12-Dec-2037","12.038356","Amortization","Fixed","","","25-Nov-25","1.747000","28-Nov-25","1.796057","1.850000","1.700000","1.796057","-","1.796057","-","122.511067","2.007452","8.261210","82.428794","1000","THB","Registered","-"
"LBA476A","3.14","17-Jun-2047","21.556164","Amortization","Fixed","","","26-Nov-25","2.360000","28-Nov-25","2.376254","2.407431","2.350000","2.376254","-","2.376254","-","111.901942","1.436658","14.682661","264.890557","1000","THB","Registered","-"
"LBA506A","3.15","17-Jun-2050","24.558904","Amortization","Fixed","","","28-Nov-25","2.415000","28-Nov-25","2.446225","2.460000","2.400000","2.415000","-","2.415000","-","112.742217","1.441233","16.305996","332.545147","1000","THB","Registered","-"
"SB25DA","2.3","07-Dec-2025","0.016438","Straight","Fixed","","","23-Jul-25","1.680000","28-Nov-25","1.250419","-","-","1.450841","20.204568","1.450841","-","100.015444","0.535616","0.016379","0.004348","1","THB","Registered","-"
"SB25DB","2.3","15-Dec-2025","0.038356","Straight","Fixed","","","-","-","28-Nov-25","1.250419","-","-","1.450082","20.224825","1.450082","-","100.033972","0.485205","0.038218","0.010980","1000","THB","Registered","-"
"SB26DA","1.95","13-Dec-2026","1.032877","Straight","Fixed","","","07-Mar-23","2.100000","28-Nov-25","1.252375","-","-","1.459451","20.224825","1.459451","-","100.501313","-0.064110","1.020613","1.550610","1000","THB","Registered","-"
"SB275A","3","08-May-2027","1.432877","Straight","Fixed","","","09-Sep-24","2.500000","28-Nov-25","1.257220","-","-","1.460324","20.224825","1.460324","-","102.187090","0.189041","1.400861","2.675208","1000","THB","Registered","-"
"SB278A","2.22","26-Aug-2027","1.734247","Straight","Fixed","","","21-Nov-25","1.350000","28-Nov-25","1.260543","-","-","1.282335","2.573433","1.282335","-","101.596865","0.589973","1.695137","3.751945","1000","THB","Registered","-"
"SB285A","3","10-May-2028","2.441096","Straight","Fixed","","","21-Nov-25","1.350000","28-Nov-25","1.269306","-","-","1.274437","0.568722","1.274437","-","104.141707","0.172603","2.352319","6.802582","1000","THB","Registered","-"
"SB293A","3","06-Mar-2029","3.263014","Straight","Fixed","","","29-Sep-25","1.570000","28-Nov-25","1.289836","-","-","1.594338","31.333953","1.594338","-","104.461772","-0.041096","3.113826","10.737796","1","THB","Registered","-"
"SB293B","3","14-Mar-2029","3.284932","Straight","Fixed","","","-","-","28-Nov-25","1.290383","-","-","1.574672","29.266627","1.574672","-","104.555506","-0.106849","3.135862","10.880961","1000","THB","Registered","-"
"SB295A","3.05","17-May-2029","3.460274","Straight","Fixed","","","15-Sep-25","1.500000","28-Nov-25","1.298876","-","-","1.572682","27.811269","1.572682","-","104.964636","0.116986","3.282382","12.700282","1000","THB","Registered","-"
"SB298A","3","13-Aug-2029","3.701370","Straight","Fixed","","","14-Feb-25","2.400000","28-Nov-25","1.317381","-","-","1.587982","27.799578","1.587982","-","105.061442","0.147945","3.505455","13.569472","1","THB","Registered","-"
"SB298B","3","22-Aug-2029","3.726027","Straight","Fixed","","","-","-","28-Nov-25","1.319273","-","-","1.604741","29.266627","1.604741","-","105.032111","0.073973","3.529800","13.746894","1000","THB","Registered","-"
"SB29DA","3","07-Dec-2029","4.019178","Straight","Fixed","","","10-Sep-25","1.550000","28-Nov-25","1.339010","-","-","1.659701","32.793647","1.659701","-","105.197413","-0.049315","3.791717","15.816075","1","THB","Registered","-"
"SB29DB","3","15-Dec-2029","4.041096","Straight","Fixed","","","07-Nov-25","1.750000","28-Nov-25","1.339528","-","-","1.624870","29.211676","1.624870","-","105.364721","-0.115068","3.814048","15.991209","1000","THB","Registered","-"
"SB305A","2.7","10-May-2030","4.441096","Straight","Fixed","","","14-May-25","2.050000","28-Nov-25","1.354731","-","-","1.635725","29.304197","1.635725","-","104.547587","0.155342","4.186849","19.214753","1","THB","Registered","-"
"SB305B","2.7","18-May-2030","4.463014","Straight","Fixed","","","21-Nov-25","1.380000","28-Nov-25","1.356116","-","-","1.345120","-0.218223","1.345120","-","105.858051","0.096164","4.213587","19.442437","1000","THB","Registered","-"
"SB317A","2.2","12-Jul-2031","5.613699","Straight","Fixed","","","12-Sep-25","1.749841","28-Nov-25","1.428774","-","-","1.775226","34.689449","1.775226","-","102.250684","0.855890","5.227424","31.098088","1000","THB","Registered","-"
"SB31NA","2.2","24-Nov-2031","5.983562","Straight","Fixed","","","25-Nov-25","1.650000","28-Nov-25","1.451806","-","-","1.666705","21.676742","1.666705","-","103.030621","0.042192","5.590173","35.200013","1000","THB","Registered","-"
"SB325A","2.65","08-May-2032","6.438356","Straight","Fixed","","","13-Nov-25","1.880000","28-Nov-25","1.524828","-","-","1.784329","25.885974","1.784329","-","105.249028","0.166986","5.921345","38.385669","1","THB","Registered","-"
"SB325B","2.65","16-May-2032","6.460274","Straight","Fixed","","","28-Nov-25","1.840919","28-Nov-25","1.528711","-","-","1.840919","31.172887","1.840919","-","104.912234","0.108904","5.941281","38.630450","1000","THB","Registered","-"
"SB32DA","2.9","19-Dec-2032","7.054795","Straight","Fixed","","","07-Mar-25","2.330000","28-Nov-25","1.579972","-","-","1.970182","38.369403","1.970182","-","106.092620","-0.143014","6.393704","46.344011","1000","THB","Registered","-"
"SB335A","2.6","22-May-2033","7.476712","Straight","Fixed","","","20-Nov-24","2.430000","28-Nov-25","1.607411","-","-","1.994140","38.386488","1.994140","-","104.196479","0.064110","6.782033","51.954606","1000","THB","Registered","-"
"SB343A","3.4","06-Mar-2034","8.265753","Straight","Fixed","","","22-Oct-25","2.050000","28-Nov-25","1.647479","-","-","2.037385","40.015971","2.037385","-","110.339333","-0.046575","7.265865","58.908008","1","THB","Registered","-"
"SB343B","3.4","14-Mar-2034","8.287671","Straight","Fixed","","","20-Jun-25","1.910000","28-Nov-25","1.648560","-","-","2.016606","37.813520","2.016606","-","110.531823","-0.121096","7.288943","59.246306","1000","THB","Registered","-"
"SB343C","3","18-Mar-2034","8.298630","Straight","Fixed","","","26-Feb-25","2.360000","28-Nov-25","1.649100","-","-","2.030889","38.313717","2.030889","-","107.372848","0.608219","7.325314","61.385069","1000","THB","Registered","-"
"SB348A","3.4","13-Aug-2034","8.704110","Straight","Fixed","","","16-Oct-25","1.850000","28-Nov-25","1.665925","-","-","1.983520","33.082767","1.983520","-","111.289008","0.167671","7.594192","64.607958","1","THB","Registered","-"
"SB348B","3.4","22-Aug-2034","8.728767","Straight","Fixed","","","12-Mar-25","2.300000","28-Nov-25","1.666632","-","-","2.032092","37.953744","2.032092","-","110.907080","0.083836","7.615354","64.944702","1000","THB","Registered","-"
"SB348C","3","26-Aug-2034","8.739726","Straight","Fixed","","","16-Apr-25","2.240000","28-Nov-25","1.666946","-","-","2.041072","38.010509","2.041072","-","107.624929","0.797260","7.661572","67.305561","1000","THB","Registered","-"
"SB362A","1.8","16-Feb-2036","10.216438","Straight","Fixed","","","-","-","28-Nov-25","1.724956","-","-","2.097389","38.386488","2.097389","-","97.270747","0.527671","9.212697","94.775603","1000","THB","Registered","-"
"SB405A","3.15","06-May-2040","14.438356","Straight","Fixed","","","28-Nov-25","2.130000","28-Nov-25","1.979762","-","-","2.130000","16.696943","2.130000","-","112.638688","0.215753","11.762936","159.907005","1000000","THB","Registered","-"
"SBST262A","3","01-Feb-2026","0.169863","Straight","Fixed","","","-","-","28-Nov-25","1.247966","-","-","1.447961","20.224825","1.447961","-","100.248820","1.002740","0.168642","0.112155","1","THB","Registered","-"
"SBST262B","3","05-Feb-2026","0.180822","Straight","Fixed","","","25-Nov-25","1.550000","28-Nov-25","1.247694","-","-","1.549264","30.455815","1.549264","-","100.247285","0.969863","0.179432","0.121222","1000","THB","Registered","-"
"SBST265A","3.5","12-May-2026","0.443836","Straight","Fixed","","","-","-","28-Nov-25","1.249243","-","-","1.449996","20.224825","1.449996","-","100.917436","0.182192","0.440641","0.412899","1000","THB","Registered","-"
"SBST26NA","3","15-Nov-2026","0.956164","Straight","Fixed","","","01-Jul-25","1.760000","28-Nov-25","1.257875","-","-","1.459641","20.875803","1.459641","-","101.456724","0.131507","0.943761","1.132031","1","THB","Registered","-"
"SBST26NB","3","22-Nov-2026","0.975342","Straight","Fixed","","","25-Nov-25","1.300000","28-Nov-25","1.258201","-","-","1.300862","4.778294","1.300862","-","101.641294","0.073973","0.963261","1.174168","1000","THB","Registered","-"
"SBST276A","3","13-Jun-2027","1.531507","Straight","Fixed","","","23-Jul-25","1.700000","28-Nov-25","1.258308","-","-","1.464408","21.036887","1.464408","-","102.815264","-0.098630","1.498455","2.643557","1","THB","Registered","-"
"SBST276B","3","15-Jun-2027","1.536986","Straight","Fixed","","","25-Nov-25","1.500000","28-Nov-25","1.258368","-","-","1.499155","24.552436","1.499155","-","102.769820","-0.115068","1.503775","2.660828","1000","THB","Registered","-"
"SBST305A","3","14-May-2030","4.452055","Straight","Fixed","","","20-Nov-25","1.550000","28-Nov-25","1.355424","-","-","1.497864","14.842742","1.497864","-","107.870109","0.139726","4.166361","20.056672","1000","THB","Registered","-"
"SBST312A","2.5","05-Feb-2031","5.183562","Straight","Fixed","","","06-Aug-25","1.840000","28-Nov-25","1.401647","-","-","1.726724","32.746543","1.726724","-","105.690800","0.808219","4.794394","26.410353","1000","THB","Registered","-"
"SBST31NA","3","15-Nov-2031","5.958904","Straight","Fixed","","","24-Oct-25","1.900000","28-Nov-25","1.450271","-","-","1.788321","35.071208","1.788321","-","109.625799","0.131507","5.426087","32.486010","1","THB","Registered","-"
"SBST31NB","3","22-Nov-2031","5.978082","Straight","Fixed","","","21-Nov-25","1.500000","28-Nov-25","1.451465","-","-","1.462643","1.975991","1.462643","-","111.610681","0.073973","5.455087","32.793918","1000","THB","Registered","-"
"SBST326A","3.5","13-Jun-2032","6.536986","Straight","Fixed","","","15-Sep-25","1.700000","28-Nov-25","1.542302","-","-","1.830828","29.424593","1.830828","-","112.994973","-0.115068","5.863766","38.092017","1","THB","Registered","-"
"SBST326B","3.5","15-Jun-2032","6.542466","Straight","Fixed","","","14-Oct-25","1.350000","28-Nov-25","1.543273","-","-","1.650780","11.111923","1.650780","-","114.202594","-0.134247","5.875891","38.225728","1000","THB","Registered","-"
"SBST326C","3.5","20-Jun-2032","6.556164","Straight","Fixed","","","29-Aug-24","2.520000","28-Nov-25","1.545700","-","-","1.837501","29.217664","1.837501","-","111.118784","-0.182192","5.902538","39.856248","1000","THB","Registered","-"
"SBST357A","1.7","30-Jul-2035","9.665753","Straight","Fixed","","","-","-","28-Nov-25","1.696137","-","-","2.067385","38.506917","2.067385","-","103.622179","0.149041","8.731456","82.938075","1","THB","Registered","-"
"SBST358A","1.7","07-Aug-2035","9.687671","Straight","Fixed","","","-","-","28-Nov-25","1.696924","-","-","2.068962","38.614314","2.068962","-","103.598232","0.111781","8.753155","83.323212","1000","THB","Registered","-"
"SLB406A","2.7","17-Jun-2040","14.553425","Straight","Fixed","","","28-Nov-25","1.975000","28-Nov-25","1.983380","2.000000","1.950000","1.975000","-","1.975000","-","109.121997","1.235342","11.994394","168.002498","1000","THB","Registered","-"
"State Agency Bonds"
"BOT265A","2.37","20-May-2026","0.465753","Straight","Fixed","","","28-Nov-25","1.287500","28-Nov-25","1.331171","1.376076","1.288000","1.287500","3.821123","1.287500","-","100.510560","0.071425","0.462774","0.444067","1000","THB","Registered","-"
"BOT26NA","2.08","25-Nov-2026","0.983562","Straight","Fixed","","","28-Nov-25","1.270000","28-Nov-25","1.325407","1.384421","1.288698","1.270000","0.638742","1.270000","-","100.794383","0.034192","0.968178","1.420908","1000","THB","Registered","-"
"BOT275A","1.61","26-May-2027","1.482192","Straight","Fixed","","","07-Nov-25","1.400000","28-Nov-25","1.319827","1.392499","1.289373","1.319827","6.072252","1.319827","-","100.431052","0.022055","1.460634","2.868653","1000","THB","Registered","-"
"BOT27NA","1.33","10-Nov-2027","1.942466","Straight","Fixed","","","28-Nov-25","1.270000","28-Nov-25","1.314645","1.400000","1.290000","1.270000","0.697560","1.270000","-","100.119761","0.076521","1.906532","4.604480","1000","THB","Registered","-"
"BOTF267A","1.5459","01-Jul-2026","0.580822","Straight","Floated","","","10-Nov-25","1.543250","28-Nov-25","1.543780","1.551280","1.511280","1.543780","5.250000","1.543780","0.052500","100.003983","0.258321","0.022491","-0.997384","1000","THB","Registered","-"
"BOTF276A","1.54597","30-Jun-2027","1.578082","Straight","Floated","","","24-Nov-25","1.564710","28-Nov-25","1.538780","1.551280","1.491280","1.538780","4.750000","1.538780","0.047500","100.017835","0.262571","0.001396","3.988815","1000","THB","Registered","-"
"CB25D04A","0","04-Dec-2025","0.008219","Straight","Fixed","","","27-Nov-25","1.190000","28-Nov-25","1.247122","-","-","1.199057","-","1.199057","-","99.990146","0.000000","0.008218","0.000135","1000","THB","Registered","-"
"CB25D11A","0","11-Dec-2025","0.027397","Straight","Fixed","","","28-Nov-25","1.200000","28-Nov-25","1.247122","-","-","1.200000","-","1.200000","-","99.967134","0.000000","0.027388","0.001500","1000","THB","Registered","-"
"CB25D11B","0","11-Dec-2025","0.027397","Straight","Fixed","","","28-Nov-25","1.170000","28-Nov-25","1.247122","-","-","1.170000","-","1.170000","-","99.967955","0.000000","0.027388","0.001500","1000","THB","Registered","-"
"CB25D18A","0","18-Dec-2025","0.046575","Straight","Fixed","","","28-Nov-25","1.190000","28-Nov-25","1.247122","-","-","1.190000","-","1.190000","-","99.944606","0.000000","0.046550","0.004334","1000","THB","Registered","-"
"CB25D25A","0","25-Dec-2025","0.065753","Straight","Fixed","","","28-Nov-25","1.200000","28-Nov-25","1.247122","-","-","1.200000","-","1.200000","-","99.921158","0.000000","0.065702","0.008633","1000","THB","Registered","-"
"CB26106A","0","06-Jan-2026","0.098630","Straight","Fixed","","","28-Nov-25","1.200000","28-Nov-25","1.246656","-","-","1.200000","-","1.200000","-","99.881784","0.000000","0.098514","0.019410","1000","THB","Registered","-"
"CB26108A","0","08-Jan-2026","0.104110","Straight","Fixed","","","28-Nov-25","1.190000","28-Nov-25","1.246563","-","-","1.190000","-","1.190000","-","99.876263","0.000000","0.103981","0.021624","1000","THB","Registered","-"
"CB26108B","0","08-Jan-2026","0.104110","Straight","Fixed","","","28-Nov-25","1.200000","28-Nov-25","1.246563","-","-","1.200000","-","1.200000","-","99.875224","0.000000","0.103980","0.021624","1000","THB","Registered","-"
"CB26115A","0","15-Jan-2026","0.123288","Straight","Fixed","","","28-Nov-25","1.210000","28-Nov-25","1.246237","-","-","1.210000","-","1.210000","-","99.851044","0.000000","0.123104","0.030309","1000","THB","Registered","-"
"CB26122A","0","22-Jan-2026","0.142466","Straight","Fixed","","","27-Nov-25","1.200000","28-Nov-25","1.245911","-","-","1.201646","-","1.201646","-","99.829099","0.000000","0.142222","0.040454","1000","THB","Registered","-"
"CB26129A","0","29-Jan-2026","0.161644","Straight","Fixed","","","27-Nov-25","1.205000","28-Nov-25","1.245585","-","-","1.202343","-","1.202343","-","99.806026","0.000000","0.161330","0.052055","1000","THB","Registered","-"
"CB26205A","0","05-Feb-2026","0.180822","Straight","Fixed","","","28-Nov-25","1.200000","28-Nov-25","1.245259","-","-","1.200000","-","1.200000","-","99.783484","0.000000","0.180430","0.065110","1000","THB","Registered","-"
"CB26205B","0","05-Feb-2026","0.180822","Straight","Fixed","","","28-Nov-25","1.197500","28-Nov-25","1.245259","-","-","1.197500","-","1.197500","-","99.783934","0.000000","0.180431","0.065111","1000","THB","Registered","-"
"CB26212A","0","12-Feb-2026","0.200000","Straight","Fixed","","","28-Nov-25","1.220000","28-Nov-25","1.244932","-","-","1.220000","-","1.220000","-","99.756594","0.000000","0.199513","0.079611","1000","THB","Registered","-"
"CB26219A","0","19-Feb-2026","0.219178","Straight","Fixed","","","26-Nov-25","1.200000","28-Nov-25","1.244606","-","-","1.204435","-","1.204435","-","99.736709","0.000000","0.218601","0.095573","1000","THB","Registered","-"
"CB26226A","0","26-Feb-2026","0.238356","Straight","Fixed","","","28-Nov-25","1.190000","28-Nov-25","1.244280","-","-","1.190000","-","1.190000","-","99.717158","0.000000","0.237682","0.112985","1000","THB","Registered","-"
"CB26305A","0","05-Mar-2026","0.257534","Straight","Fixed","","","28-Nov-25","1.187500","28-Nov-25","1.244506","-","-","1.187500","-","1.187500","-","99.695111","0.000000","0.256749","0.131840","1000","THB","Registered","-"
"CB26402A","0","02-Apr-2026","0.334247","Straight","Fixed","","","28-Nov-25","1.250000","28-Nov-25","1.246295","-","-","1.250000","-","1.250000","-","99.583930","0.000000","0.332856","0.221586","1000","THB","Registered","-"
"CB26507A","0","07-May-2026","0.430137","Straight","Fixed","","","26-Nov-25","1.200000","28-Nov-25","1.248531","-","-","1.212380","-","1.212380","-","99.481216","0.000000","0.427906","0.366206","1000","THB","Registered","-"
"CB26618A","0","18-Jun-2026","0.545205","Straight","Fixed","","","28-Nov-25","1.200000","28-Nov-25","1.251296","-","-","1.200000","-","1.200000","-","99.350006","0.000000","0.541662","0.586795","1000","THB","Registered","-"
"CB26702A","0","02-Jul-2026","0.583562","Straight","Fixed","","","25-Nov-25","1.230000","28-Nov-25","1.252252","-","-","1.220409","-","1.220409","-","99.292852","0.000000","0.579435","0.671490","1000","THB","Registered","-"
"CB26820A","0","20-Aug-2026","0.717808","Straight","Fixed","","","25-Nov-25","1.225000","28-Nov-25","1.255595","-","-","1.228790","-","1.228790","-","99.125676","0.000000","0.711532","1.012556","1000","THB","Registered","-"
"CB26917A","0","17-Sep-2026","0.794521","Straight","Fixed","","","28-Nov-25","1.250000","28-Nov-25","1.257505","-","-","1.250000","-","1.250000","-","99.016616","0.000000","0.786707","1.237817","1000","THB","Registered","-"
"CB26O22A","0","22-Oct-2026","0.890411","Straight","Fixed","","","26-Nov-25","1.260000","28-Nov-25","1.259893","-","-","1.239566","-","1.239566","-","98.908326","0.000000","0.880691","1.551232","1000","THB","Registered","-"
"CB26N05A","0","05-Nov-2026","0.928767","Straight","Fixed","","","25-Nov-25","1.250000","28-Nov-25","1.260849","-","-","1.241961","-","1.241961","-","98.859661","0.000000","0.918176","1.686094","1000","THB","Registered","-"
"CBF25D15A","1.88497","15-Dec-2025","0.038356","Straight","Floated","","","28-Nov-25","1.536280","28-Nov-25","1.523780","1.571280","1.521280","1.536280","4.500000","1.536280","0.045000","100.004220","1.820192","0.029462","9.820828","1000","THB","Registered","-"
"CBF25D15B","1.63328","15-Dec-2025","0.038356","Straight","Floated","","","27-Nov-25","1.556970","28-Nov-25","1.508780","1.571280","1.491280","1.536280","4.500000","1.536280","0.045000","100.001629","0.758048","0.029625","-4.962303","1000","THB","Registered","-"
"CBF25D29A","1.59535","29-Dec-2025","0.076712","Straight","Floated","","","28-Nov-25","1.551280","28-Nov-25","1.506530","1.571280","1.491280","1.551280","6.000000","1.551280","0.060000","100.000125","0.688743","0.017927","4.965792","1000","THB","Registered","-"
"CBF26112A","1.55515","12-Jan-2026","0.115068","Straight","Floated","","","19-Nov-25","1.504530","28-Nov-25","1.537947","1.551280","1.511280","1.521280","3.000000","1.521280","0.030000","100.003741","0.621036","0.019081","-3.975164","1000","THB","Registered","-"
"CBF26119A","1.79579","19-Jan-2026","0.134247","Straight","Floated","","","24-Nov-25","1.499710","28-Nov-25","1.531280","1.551280","1.511280","1.506280","1.500000","1.506280","0.015000","100.006129","1.593097","0.017126","-9.842595","1000","THB","Registered","-"
"CBF26126A","1.55614","26-Jan-2026","0.153425","Straight","Floated","","","28-Nov-25","1.491280","28-Nov-25","1.536280","1.551280","1.491280","1.491280","0.000000","1.491280","0.000000","100.009390","0.545938","0.017602","-5.966864","1000","THB","Registered","-"
"CBF26209A","1.53659","09-Feb-2026","0.191781","Straight","Floated","","","27-Nov-25","1.494470","28-Nov-25","1.541280","1.551280","1.491280","1.501280","1.000000","1.501280","0.010000","100.009825","0.472590","0.018411","3.980796","1000","THB","Registered","-"
"CBF26216A","1.74177","16-Feb-2026","0.210959","Straight","Floated","","","28-Nov-25","1.506280","28-Nov-25","1.534613","1.551280","1.521280","1.506280","1.500000","1.506280","0.015000","100.010069","1.418889","0.017697","0.985912","1000","THB","Registered","-"
"CBF26223A","1.52376","23-Feb-2026","0.230137","Straight","Floated","","","27-Nov-25","1.494470","28-Nov-25","1.534613","1.551280","1.521280","1.506280","1.500000","1.506280","0.015000","100.010575","0.415442","0.015932","0.000000","1000","THB","Registered","-"
"CBF26309A","1.53987","09-Mar-2026","0.268493","Straight","Floated","","","26-Nov-25","1.494910","28-Nov-25","1.534613","1.551280","1.521280","1.506280","1.500000","1.506280","0.015000","100.012299","0.356017","0.019329","-5.977982","1000","THB","Registered","-"
"CBF26316A","1.68636","16-Mar-2026","0.287671","Straight","Floated","","","28-Nov-25","1.506280","28-Nov-25","1.528780","1.551280","1.521280","1.506280","1.500000","1.506280","0.015000","100.013090","1.244676","0.014715","0.000000","1000","THB","Registered","-"
"CBF26323A","1.52328","23-Mar-2026","0.306849","Straight","Floated","","","27-Nov-25","1.521970","28-Nov-25","1.541280","1.561280","1.521280","1.509613","1.833300","1.509613","0.018333","100.013074","0.296578","0.014555","3.987652","1000","THB","Registered","-"
"CBF26406A","1.52283","06-Apr-2026","0.345205","Straight","Floated","","","28-Nov-25","1.516280","28-Nov-25","1.534613","1.551280","1.511280","1.516280","2.500000","1.516280","0.025000","100.012434","0.237090","0.013965","0.000000","1000","THB","Registered","-"
"CBF26420A","1.539","20-Apr-2026","0.383562","Straight","Floated","","","27-Nov-25","1.514470","28-Nov-25","1.546280","1.551280","1.531280","1.516280","2.500000","1.516280","0.025000","100.013795","0.177756","0.023305","4.990441","1000","THB","Registered","-"
"CBF26427A","1.6275","27-Apr-2026","0.402740","Straight","Floated","","","28-Nov-25","1.516280","28-Nov-25","1.531280","1.551280","1.511280","1.516280","2.500000","1.516280","0.025000","100.014307","1.007058","0.013067","0.000000","1000","THB","Registered","-"
"CBF26505A","1.53868","05-May-2026","0.424658","Straight","Floated","","","28-Nov-25","1.521280","28-Nov-25","1.541280","1.551280","1.531280","1.521280","3.000000","1.521280","0.030000","100.013141","0.118449","0.015330","-0.998686","1000","THB","Registered","-"
"CBF26511A","1.622","11-May-2026","0.441096","Straight","Floated","","","26-Nov-25","1.524910","28-Nov-25","1.534613","1.551280","1.511280","1.521280","3.000000","1.521280","0.030000","100.014816","0.927944","0.023429","0.990660","1000","THB","Registered","-"
"CBF26518A","1.52229","18-May-2026","0.460274","Straight","Floated","","","27-Nov-25","1.514470","28-Nov-25","1.536280","1.551280","1.531280","1.521280","3.000000","1.521280","0.030000","100.014306","0.059234","0.012491","0.000000","1000","THB","Registered","-"
"CBF26615A","1.58672","15-Jun-2026","0.536986","Straight","Floated","","","26-Nov-25","1.527910","28-Nov-25","1.534613","1.551280","1.511280","1.521280","3.000000","1.521280","0.030000","100.016415","0.758048","0.011660","0.992315","1000","THB","Registered","-"
"CBF26720A","1.56205","20-Jul-2026","0.632877","Straight","Floated","","","27-Nov-25","1.531970","28-Nov-25","1.527947","1.551280","1.501280","1.521280","3.000000","1.521280","0.030000","100.019362","0.584930","0.009741","0.000000","1000","THB","Registered","-"
"CBF26817A","1.55345","17-Aug-2026","0.709589","Straight","Floated","","","27-Nov-25","1.509470","28-Nov-25","1.538780","1.551280","1.491280","1.521280","3.000000","1.521280","0.030000","100.021895","0.449248","0.018961","-8.957796","1000","THB","Registered","-"
"CBF26914A","1.54061","14-Sep-2026","0.786301","Straight","Floated","","","28-Nov-25","1.521280","28-Nov-25","1.543780","1.561280","1.541280","1.521280","3.000000","1.521280","0.030000","100.024087","0.326311","0.007524","0.996508","1000","THB","Registered","-"
"CBF26O12A","1.54022","12-Oct-2026","0.863014","Straight","Floated","","","26-Nov-25","1.524910","28-Nov-25","1.541280","1.551280","1.541280","1.523780","3.250000","1.523780","0.032500","100.024351","0.203164","0.009279","9.977300","1000","THB","Registered","-"
"CBF26N16A","1.54003","16-Nov-2026","0.958904","Straight","Floated","","","26-Nov-25","1.524910","28-Nov-25","1.541280","1.551280","1.541280","1.523780","3.250000","1.523780","0.032500","100.027048","0.059234","0.005645","0.999138","1000","THB","Registered","-"
"Treasury Bonds"
"TB25D03A","0","03-Dec-2025","0.005479","Straight","Fixed","","","27-Nov-25","1.210000","28-Nov-25","1.247122","-","-","1.199057","-","1.199057","-","99.993430","0.000000","0.005479","0.000060","1000","THB","Registered","-"
"TB25D17A","0","17-Dec-2025","0.043836","Straight","Fixed","","","28-Nov-25","1.195000","28-Nov-25","1.247122","-","-","1.195000","-","1.195000","-","99.947644","0.000000","0.043813","0.003839","1000","THB","Registered","-"
"TB25D30A","0","30-Dec-2025","0.079452","Straight","Fixed","","","28-Nov-25","1.187500","28-Nov-25","1.246982","-","-","1.187500","-","1.187500","-","99.905740","0.000000","0.079377","0.012601","1000","THB","Registered","-"
"TB26114A","0","14-Jan-2026","0.120548","Straight","Fixed","","","27-Nov-25","1.205000","28-Nov-25","1.246283","-","-","1.200850","-","1.200850","-","99.855449","0.000000","0.120374","0.028980","1000","THB","Registered","-"
"TB26128A","0","28-Jan-2026","0.158904","Straight","Fixed","","","25-Nov-25","1.230000","28-Nov-25","1.245631","-","-","1.202244","-","1.202244","-","99.809323","0.000000","0.158601","0.050309","1000","THB","Registered","-"
"TB26211A","0","11-Feb-2026","0.197260","Straight","Fixed","","","28-Nov-25","1.240000","28-Nov-25","1.244979","-","-","1.240000","-","1.240000","-","99.755994","0.000000","0.196779","0.077444","1000","THB","Registered","-"
"TB26225A","0","25-Feb-2026","0.235616","Straight","Fixed","","","27-Nov-25","1.200000","28-Nov-25","1.244327","-","-","1.205032","-","1.205032","-","99.716879","0.000000","0.234949","0.110402","1000","THB","Registered","-"
"TB26311A","0","11-Mar-2026","0.273973","Straight","Fixed","","","25-Nov-25","1.210000","28-Nov-25","1.244890","-","-","1.206471","-","1.206471","-","99.670549","0.000000","0.273070","0.149134","1000","THB","Registered","-"
"TB26325A","0","25-Mar-2026","0.312329","Straight","Fixed","","","21-Nov-25","1.220000","28-Nov-25","1.245784","-","-","1.207922","-","1.207922","-","99.624149","0.000000","0.311155","0.193635","1000","THB","Registered","-"
"TB26408A","0","08-Apr-2026","0.350685","Straight","Fixed","","","28-Nov-25","1.200000","28-Nov-25","1.246678","-","-","1.200000","-","1.200000","-","99.580942","0.000000","0.349215","0.243903","1000","THB","Registered","-"
"TB26422A","0","22-Apr-2026","0.389041","Straight","Fixed","","","26-Nov-25","1.200000","28-Nov-25","1.247573","-","-","1.210825","-","1.210825","-","99.531148","0.000000","0.387217","0.299874","1000","THB","Registered","-"
"TB26506A","0","06-May-2026","0.427397","Straight","Fixed","","","28-Nov-25","1.200000","28-Nov-25","1.248467","-","-","1.200000","-","1.200000","-","99.489740","0.000000","0.425216","0.361618","1000","THB","Registered","-"
"TB26520A","0","20-May-2026","0.465753","Straight","Fixed","","","28-Nov-25","1.200000","28-Nov-25","1.249361","-","-","1.200000","-","1.200000","-","99.444202","0.000000","0.463165","0.429043","1000","THB","Registered","-"
"State Own Enterprise Bonds (Guaranteed)"
"BMTA263A","1.29","26-Mar-2026","0.315068","Straight","Fixed","","","-","-","28-Nov-25","1.352663","1.401981","1.299135","1.374553","12.872771","1.374553","-","99.978295","0.233260","0.312918","0.253309","1000","THB","Registered","-"
"BMTA267A","4","07-Jul-2026","0.597260","Straight","Fixed","","","26-Jun-14","3.998280","28-Nov-25","1.368796","1.425319","1.311195","1.370624","12.888065","1.370624","-","101.551836","1.610959","0.587663","0.641860","1000","THB","Registered","-"
"BMTA26NA","3","03-Nov-2026","0.923288","Straight","Fixed","","","09-Nov-21","1.340000","28-Nov-25","1.387724","1.452572","1.325419","1.388084","12.901760","1.388084","-","101.475209","0.484932","0.905831","1.275273","1000","THB","Registered","-"
"BMTA276A","2.24","14-Jun-2027","1.534247","Straight","Fixed","","","-","-","28-Nov-25","1.416409","1.471831","1.336434","1.386612","12.918887","1.386612","-","101.288871","1.043288","1.492600","3.005616","1000","THB","Registered","-"
"BMTA283A","1.69","29-Mar-2028","2.326027","Straight","Fixed","","","-","-","28-Nov-25","1.461541","1.500467","1.357152","1.395467","12.925755","1.395467","-","100.677285","0.291699","2.266107","6.320095","1000","THB","Registered","-"
"BMTA285A","2.21","08-May-2028","2.435616","Straight","Fixed","","","08-May-23","2.210000","28-Nov-25","1.468553","1.505197","1.360786","1.397289","12.925157","1.397289","-","101.945986","0.139260","2.362944","6.833175","1000","THB","Registered","-"
"BMTA28NA","2.13","08-Nov-2028","2.939726","Straight","Fixed","","","-","-","28-Nov-25","1.504249","1.530391","1.380939","1.405138","12.916182","1.405138","-","102.072549","0.671096","2.829036","9.581010","1000","THB","Registered","-"
"BMTA293A","1.51","20-Mar-2029","3.301370","Straight","Fixed","","","10-Oct-22","2.970000","28-Nov-25","1.519629","1.563807","1.390794","1.417947","12.901775","1.417947","-","100.301199","0.297863","3.198397","11.978037","1000","THB","Registered","-"
"BMTA294A","2.29","05-Apr-2029","3.345205","Straight","Fixed","","","-","-","28-Nov-25","1.521272","1.568190","1.391888","1.419248","12.899370","1.419248","-","102.834966","0.357616","3.205131","12.096868","1000","THB","Registered","-"
"BMTA296A","2.34","06-Jun-2029","3.515068","Straight","Fixed","","","-","-","28-Nov-25","1.534589","1.592123","1.403082","1.428074","12.888965","1.428074","-","103.114458","-0.032055","3.372696","13.286649","1000","THB","Registered","-"
"BMTA29DA","1.789","02-Dec-2029","4.005479","Straight","Fixed","","","24-Nov-21","1.840000","28-Nov-25","1.576322","1.664507","1.438685","1.465995","12.843987","1.465995","-","101.251273","-0.004901","3.853481","17.047052","1000","THB","Registered","-"
"BMTA304A","1.7","30-Apr-2030","4.413699","Straight","Fixed","","","-","-","28-Nov-25","1.595740","1.709438","1.453000","1.477250","12.783143","1.477250","-","100.949702","0.149041","4.231822","20.402115","1000","THB","Registered","-"
"BMTA306A","2.647","06-Jun-2030","4.515068","Straight","Fixed","","","-","-","28-Nov-25","1.603412","1.723447","1.459406","1.480650","12.763632","1.480650","-","105.074483","-0.036260","4.260881","20.842519","1000","THB","Registered","-"
"BMTA308A","1.62","05-Aug-2030","4.679452","Straight","Fixed","","","25-Nov-24","2.290000","28-Nov-25","1.615854","1.746163","1.469793","1.491022","12.727525","1.491022","-","100.573696","0.523726","4.471203","22.733240","1000","THB","Registered","-"
"BMTA313A","2.12","26-Mar-2031","5.317808","Straight","Fixed","","","-","-","28-Nov-25","1.664979","1.813362","1.510130","1.537963","12.517104","1.537963","-","102.967363","0.383342","5.002240","28.382152","1000","THB","Registered","-"
"BMTA314A","2.31","11-Apr-2031","5.361644","Straight","Fixed","","","03-Sep-25","1.300000","28-Nov-25","1.668406","1.816571","1.512900","1.540426","12.497397","1.540426","-","103.946157","0.322767","5.024101","28.675368","1000","THB","Registered","-"
"BMTA316A","2.04","07-Jun-2031","5.517808","Straight","Fixed","","","28-Sep-21","2.020000","28-Nov-25","1.680617","1.828000","1.522767","1.550270","12.419981","1.550270","-","102.579840","-0.033534","5.210852","30.589085","1000","THB","Registered","-"
"BMTA321A","2.29","23-Jan-2032","6.147945","Straight","Fixed","","","-","-","28-Nov-25","1.740677","1.884910","1.573375","1.586994","11.962545","1.586994","-","104.090331","0.821890","5.687431","36.706622","1000","THB","Registered","-"
"BMTA32NA","1.7","26-Nov-2032","6.991781","Straight","Fixed","","","26-Nov-25","1.700000","28-Nov-25","1.855832","1.995846","1.675873","1.701322","10.734180","1.701322","-","99.998194","0.023288","6.555550","47.746355","1000","THB","Registered","-"
"BMTA331A","2.69","05-Jan-2033","7.101370","Straight","Fixed","","","26-Jul-24","2.650000","28-Nov-25","1.864603","2.004069","1.683001","1.702262","10.955090","1.702262","-","106.563888","1.098110","6.409879","46.903290","1000","THB","Registered","-"
"BMTA335A","2.59","08-May-2033","7.438356","Straight","Fixed","","","26-Aug-25","1.300000","28-Nov-25","1.891574","2.029355","1.704917","1.725927","11.510910","1.725927","-","106.013407","0.163205","6.761916","51.646773","1000","THB","Registered","-"
"BMTA341A","2.799","24-Jan-2034","8.153425","Straight","Fixed","","","05-Aug-24","2.547500","28-Nov-25","1.939324","2.073530","1.741941","1.767737","12.251947","1.767737","-","107.780813","0.996904","7.248367","60.014147","1000","THB","Registered","-"
"BMTA345A","2.87","07-May-2034","8.435616","Straight","Fixed","","","02-May-24","2.870000","28-Nov-25","1.957471","2.090265","1.755854","1.780816","12.435284","1.780816","-","108.502028","0.188712","7.510436","64.077469","1000","THB","Registered","-"
"BMTA354A","2.22","04-Apr-2035","9.345205","Straight","Fixed","","","-","-","28-Nov-25","1.999895","2.128141","1.784634","1.812295","12.789426","1.812295","-","103.490494","0.352767","8.399876","79.290029","1000","THB","Registered","-"
"BMTA356A","1.96","04-Jun-2035","9.512329","Straight","Fixed","","","04-Jun-25","1.960000","28-Nov-25","2.008399","2.135810","1.790632","1.818375","12.828539","1.818375","-","101.231574","-0.016110","8.649730","83.293986","1000","THB","Registered","-"
"BMTA359A","1.39","26-Sep-2035","9.824658","Straight","Fixed","","","24-Sep-25","1.390000","28-Nov-25","2.024292","2.150141","1.801840","1.832385","12.887911","1.832385","-","96.047523","0.251342","9.085869","90.827819","1000","THB","Registered","-"
"BMTA35NA","1.85","26-Nov-2035","9.991781","Straight","Fixed","","","-","-","28-Nov-25","2.032796","2.157810","1.807837","1.834245","12.913569","1.834245","-","100.150573","0.025342","9.075078","91.521805","1000","THB","Registered","-"
"BMTA367A","3.61","04-Jul-2036","10.597260","Straight","Fixed","","","28-Feb-20","1.772000","28-Nov-25","2.093644","2.221657","1.865630","1.865520","12.980865","1.865520","-","116.681731","1.483562","8.853233","91.918672","1000","THB","Registered","-"
"BMTA369A","2.49","20-Sep-2036","10.810959","Straight","Fixed","","","-","-","28-Nov-25","2.116291","2.245374","1.887209","1.902592","12.997481","1.902592","-","105.718399","0.491178","9.443441","101.331126","1000","THB","Registered","-"
"BMTA416A","2.8","07-Jun-2041","15.526027","Straight","Fixed","","","-","-","28-Nov-25","2.485358","2.635358","2.235358","2.186825","13.094988","2.186825","-","108.031633","-0.046027","12.686456","187.627712","1000","THB","Registered","-"
"GGLB262A","2.29","24-Feb-2026","0.232877","Straight","Fixed","","","06-Nov-25","1.340000","28-Nov-25","1.338400","1.346400","1.296400","1.331211","8.561009","1.331211","-","100.211841","0.621123","0.231337","0.168420","1000","THB","Registered","-"
"GGLB266A","2.65","10-Jun-2026","0.523288","Straight","Fixed","","","02-Jul-25","1.510000","28-Nov-25","1.347362","1.369136","1.300523","1.327914","8.136070","1.327914","-","100.689181","-0.065342","0.521197","0.530526","1000","THB","Registered","-"
"GGLB26OA","1.25","28-Oct-2026","0.906849","Straight","Fixed","","","11-Mar-24","2.174000","28-Nov-25","1.360519","1.401198","1.307037","1.346861","8.767538","1.346861","-","99.914509","0.116438","0.896336","1.250112","1000","THB","Registered","-"
"GGLB27NA","3.11","26-Nov-2027","1.986301","Straight","Fixed","","","16-Aug-24","2.290000","28-Nov-25","1.386924","1.438123","1.313328","1.352688","8.994825","1.352688","-","103.438229","0.042603","1.924587","4.709306","1000","THB","Registered","-"
"GGLB28NA","1.325","04-Nov-2028","2.928767","Straight","Fixed","","","29-Mar-21","1.728000","28-Nov-25","1.422754","1.479843","1.331487","1.344510","6.437116","1.344510","-","99.949435","0.098014","2.853787","9.647891","1000","THB","Registered","-"
"GGLB28NB","2.57","14-Nov-2028","2.956164","Straight","Fixed","","","-","-","28-Nov-25","1.423952","1.481212","1.332171","1.344583","6.404396","1.344583","-","103.541962","0.119699","2.838637","9.625581","1000","THB","Registered","-"
"GGLB295A","2.59","14-May-2029","3.452055","Straight","Fixed","","","14-May-24","2.585000","28-Nov-25","1.451040","1.509684","1.352821","1.359574","6.396871","1.359574","-","104.142689","0.120630","3.298716","12.778466","1000","THB","Registered","-"
"GGLB301A","1.6","29-Jan-2030","4.164384","Straight","Fixed","","","01-Apr-25","1.815000","28-Nov-25","1.511267","1.571691","1.404143","1.450057","10.857866","1.450057","-","100.596227","0.547945","3.993014","18.299076","1000","THB","Registered","-"
"GGLB315A","2.8","14-May-2031","5.452055","Straight","Fixed","","","20-Nov-24","2.345000","28-Nov-25","1.615492","1.677763","1.491358","1.600684","18.062659","1.600684","-","106.245683","0.130411","5.057919","29.187223","1000","THB","Registered","-"
"GGLB317A","2.62","27-Jul-2031","5.654795","Straight","Fixed","","","25-Nov-25","1.630000","28-Nov-25","1.632369","1.694538","1.505295","1.659308","22.907652","1.659308","-","105.154292","0.911616","5.217299","31.156546","1000","THB","Registered","-"
"GHB269A","3.97","01-Sep-2026","0.750685","Straight","Fixed","","","06-Nov-17","2.335000","28-Nov-25","1.376891","1.438144","1.317889","1.365125","10.331687","1.365125","-","101.942946","0.989781","0.731969","0.903931","1000","THB","Registered","-"
"GHB269B","4","22-Sep-2026","0.808219","Straight","Fixed","","","15-Sep-11","4.000000","28-Nov-25","1.380423","1.442954","1.320399","1.365715","10.334435","1.365715","-","102.114361","0.767123","0.789042","1.019114","1000","THB","Registered","-"
"GSB26OA","1.69","16-Oct-2026","0.873973","Straight","Fixed","","","11-May-23","2.110000","28-Nov-25","1.391351","1.448450","1.323267","1.457689","19.947640","1.457689","-","100.202439","0.212986","0.862134","1.173269","1000","THB","Registered","-"
"GSB26DA","1.79","06-Dec-2026","1.013699","Straight","Fixed","","","31-Jan-25","2.255000","28-Nov-25","1.398339","1.455703","1.325512","1.455782","19.861979","1.455782","-","100.335191","-0.024521","1.001977","1.503490","1000","THB","Registered","-"
"NHA268A","1.835","13-Aug-2026","0.698630","Straight","Fixed","","","13-Jan-23","1.745000","28-Nov-25","1.374681","1.433793","1.315618","1.296980","5.083105","1.296980","-","100.366904","0.553014","0.693707","0.828066","1000","THB","Registered","-"
"NHA279A","1.12","23-Sep-2027","1.810959","Straight","Fixed","","","18-Jul-25","1.400000","28-Nov-25","1.432142","1.481800","1.343635","1.312058","4.941568","1.312058","-","99.662337","0.211726","1.778501","4.065483","1000","THB","Registered","-"
"NHA283A","1.4","10-Mar-2028","2.273973","Straight","Fixed","","","10-Mar-21","1.400000","28-Nov-25","1.458565","1.498576","1.355781","1.316301","5.054766","1.316301","-","100.191865","0.314521","2.222134","6.091657","1000","THB","Registered","-"
"NHA294A","2.61","29-Apr-2029","3.410959","Straight","Fixed","","","14-Jul-21","1.580000","28-Nov-25","1.525297","1.576324","1.395091","1.345334","5.202941","1.345334","-","104.202069","0.235973","3.257266","12.487917","1000","THB","Registered","-"
"NHA309A","1.64","23-Sep-2030","4.813699","Straight","Fixed","","","-","-","28-Nov-25","1.626015","1.764714","1.478276","1.429173","5.274994","1.429173","-","100.982071","0.310027","4.596043","23.932730","1000","THB","Registered","-"
"NHA314A","2.46","11-Apr-2031","5.361644","Straight","Fixed","","","25-Mar-22","2.460000","28-Nov-25","1.669324","1.820242","1.516571","1.468510","5.290111","1.468510","-","105.094124","0.343726","5.009872","28.573119","1000","THB","Registered","-"
"NHA318A","2.64","21-Aug-2031","5.723288","Straight","Fixed","","","17-Aug-23","2.640000","28-Nov-25","1.698352","1.850174","1.542886","1.487630","5.297981","1.487630","-","106.289345","0.737753","5.289486","31.954898","1000","THB","Registered","-"
"NHA326A","1.93","02-Jun-2032","6.506849","Straight","Fixed","","","16-Nov-20","1.650000","28-Nov-25","1.813428","1.967209","1.652086","1.602655","5.311566","1.602655","-","102.013851","-0.005288","6.098340","41.560074","1000","THB","Registered","-"
"NHA335A","2.63","30-May-2033","7.498630","Straight","Fixed","","","-","-","28-Nov-25","1.902659","2.058919","1.733878","1.666399","5.324598","1.666399","-","106.772134","0.007205","6.817477","52.452785","1000","THB","Registered","-"
"NHA348A","2.96","29-Aug-2034","8.747945","Straight","Fixed","","","16-Sep-24","2.602500","28-Nov-25","1.982866","2.142250","1.804715","1.718697","5.337548","1.718697","-","110.032013","0.762301","7.704786","67.899950","1000","THB","Registered","-"
"NHA359A","1.9","23-Sep-2035","9.816438","Straight","Fixed","","","-","-","28-Nov-25","2.035928","2.197983","1.849764","1.753173","5.346845","1.753173","-","101.324467","0.359178","8.890476","88.186551","1000","THB","Registered","-"
"NHA368A","2.9","21-Aug-2036","10.728767","Straight","Fixed","","","17-Aug-23","2.900000","28-Nov-25","2.119346","2.286252","1.921567","1.811355","5.353899","1.811355","-","110.554481","0.810411","9.229230","97.889238","1000","THB","Registered","-"
"NHA369A","1.395","23-Sep-2036","10.819178","Straight","Fixed","","","-","-","28-Nov-25","2.128838","2.296286","1.929793","1.840095","5.354610","1.840095","-","95.661007","0.263712","9.928996","108.520299","1000","THB","Registered","-"
"NHA373A","2.695","28-Mar-2037","11.328767","Straight","Fixed","","","-","-","28-Nov-25","2.182334","2.352840","1.976155","1.886844","5.358273","1.886844","-","108.212648","0.472548","9.766836","109.076120","1000","THB","Registered","-"
"PWA263A","4.089","31-Mar-2026","0.328767","Straight","Fixed","","","25-Mar-11","4.088502","28-Nov-25","1.348428","1.353107","1.299713","1.298031","5.149116","1.298031","-","100.916784","0.694570","0.326647","0.268969","1000","THB","Registered","-"
"PWA269A","3.97","01-Sep-2026","0.750685","Straight","Fixed","","","13-Jun-25","1.565000","28-Nov-25","1.380093","1.388144","1.317889","1.313517","5.164755","1.313517","-","101.981842","0.989781","0.732159","0.904399","1000","THB","Registered","-"
"PWA279A","4.09","20-Sep-2027","1.802740","Straight","Fixed","","","19-Apr-22","2.250000","28-Nov-25","1.425545","1.431503","1.343421","1.314755","5.220912","1.314755","-","104.932324","0.806795","1.729717","3.914225","1000","THB","Registered","-"
"PWA279B","4.115","20-Sep-2027","1.802740","Straight","Fixed","","","19-Apr-22","2.250000","28-Nov-25","1.425545","1.431503","1.343421","1.314755","5.220998","1.314755","-","104.976712","0.811726","1.729394","3.913287","1000","THB","Registered","-"
"PWA279C","4.18","20-Sep-2027","1.802740","Straight","Fixed","","","13-Jun-25","1.580000","28-Nov-25","1.425545","1.431503","1.343421","1.314753","5.220946","1.314753","-","105.092123","0.824548","1.728557","3.910850","1000","THB","Registered","-"
"PWA281A","2.95","21-Jan-2028","2.139726","Straight","Fixed","","","27-May-16","2.545000","28-Nov-25","1.439424","1.443698","1.352246","1.314096","5.233326","1.314096","-","103.427403","1.074932","2.056230","5.348491","1000","THB","Registered","-"
"PWA289A","2.6","25-Sep-2028","2.819178","Straight","Fixed","","","-","-","28-Nov-25","1.473490","1.474366","1.376120","1.330050","5.253473","1.330050","-","103.503830","0.477260","2.701800","8.801174","1000","THB","Registered","-"
"PWA345A","2.99","28-May-2034","8.493151","Straight","Fixed","","","28-May-19","2.990000","28-Nov-25","1.996157","2.028664","1.793678","1.711599","5.335783","1.711599","-","110.071502","0.024575","7.545091","64.713146","1000","THB","Registered","-"
"SME262A","1.95","22-Feb-2026","0.227397","Straight","Fixed","","","20-Feb-23","2.049000","28-Nov-25","1.342536","1.346536","1.296536","1.299679","5.384102","1.299679","-","100.138389","0.539589","0.225929","0.163279","1000","THB","Registered","-"
"SME26OA","1.55","16-Oct-2026","0.873973","Straight","Fixed","","","27-Aug-20","1.120000","28-Nov-25","1.361433","1.398450","1.323267","1.323629","6.469359","1.323629","-","100.197391","0.195342","0.863050","1.175424","1000","THB","Registered","-"
"SME27NA","2.09","19-Nov-2027","1.967123","Straight","Fixed","","","-","-","28-Nov-25","1.390851","1.437426","1.357426","1.330504","7.329789","1.330504","-","101.464253","0.595507","1.917790","4.681708","1000","THB","Registered","-"
"SME292A","2.14","19-Feb-2029","3.221918","Straight","Fixed","","","-","-","28-Nov-25","1.450179","1.494494","1.412220","1.363066","7.685836","1.363066","-","102.429200","0.609753","3.090620","11.305945","1000","THB","Registered","-"
"SRT262A","2.48","28-Feb-2026","0.243836","Straight","Fixed","","","27-Sep-22","2.540000","28-Nov-25","1.342127","1.346127","1.296127","1.374020","12.872875","1.374020","-","100.257055","0.645479","0.242172","0.178907","1000","THB","Registered","-"
"SRT265A","1.128","19-May-2026","0.463014","Straight","Fixed","","","17-May-21","1.128000","28-Nov-25","1.358388","1.364140","1.305381","1.377508","12.887080","1.377508","-","99.889739","0.037085","0.459846","0.439809","1000","THB","Registered","-"
"SRT267A","1.93","26-Jul-2026","0.649315","Straight","Fixed","","","-","-","28-Nov-25","1.372430","1.379671","1.313466","1.372516","12.897403","1.372516","-","100.352778","0.676822","0.644238","0.737294","1000","THB","Registered","-"
"SRT269A","1.626","23-Sep-2026","0.810959","Straight","Fixed","","","20-Dec-22","2.000000","28-Nov-25","1.384650","1.393183","1.320518","1.391477","12.905240","1.391477","-","100.193533","0.307381","0.797275","1.033500","1000","THB","Registered","-"
"SRT26NA","2.45","17-Nov-2026","0.961644","Straight","Fixed","","","-","-","28-Nov-25","1.396041","1.405778","1.327092","1.392417","12.912181","1.392417","-","101.012227","0.093973","0.944936","1.365038","1000","THB","Registered","-"
"SRT26DA","1.58","24-Dec-2026","1.063014","Straight","Fixed","","","23-Jul-25","1.400000","28-Nov-25","1.392751","1.404121","1.321723","1.386997","12.916504","1.386997","-","100.200496","0.692603","1.044065","1.618006","1000","THB","Registered","-"
"SRT276A","1.41","24-Jun-2027","1.561644","Straight","Fixed","","","16-Jan-23","1.920000","28-Nov-25","1.415654","1.436996","1.337147","1.386842","12.935086","1.386842","-","100.033485","0.618082","1.531495","3.129608","1000","THB","Registered","-"
"SRT276B","1.494","01-Jun-2027","1.498630","Straight","Fixed","","","-","-","28-Nov-25","1.413069","1.433151","1.335507","1.386697","12.932994","1.386697","-","100.160644","0.000000","1.477303","2.924986","1000","THB","Registered","-"
"SRT278A","2.67","04-Aug-2027","1.673973","Straight","Fixed","","","02-Aug-17","2.670000","28-Nov-25","1.420262","1.443851","1.340070","1.384826","12.938782","1.384826","-","102.112472","0.870493","1.628191","3.502543","1000","THB","Registered","-"
"SRT282A","1.02","03-Feb-2028","2.175342","Straight","Fixed","","","-","-","28-Nov-25","1.440896","1.474513","1.353184","1.391446","12.953431","1.391446","-","99.202205","0.335342","2.135108","5.655860","1000","THB","Registered","-"
"SRT282B","1.78","02-Feb-2028","2.172603","Straight","Fixed","","","01-Sep-22","2.300000","28-Nov-25","1.440783","1.474345","1.353112","1.391350","12.953369","1.391350","-","100.820898","0.590082","2.114419","5.583270","1000","THB","Registered","-"
"SRT282C","2.2598","23-Feb-2028","2.230137","Straight","Fixed","","","-","-","28-Nov-25","1.443161","1.477874","1.354627","1.392291","12.954907","1.392291","-","101.888178","0.619123","2.160538","5.818684","1000","THB","Registered","-"
"SRT283A","2.64","29-Mar-2028","2.326027","Straight","Fixed","","","-","-","28-Nov-25","1.447125","1.483755","1.357152","1.395728","12.957372","1.395728","-","102.844515","0.455671","2.244459","6.241769","1000","THB","Registered","-"
"SRT283B","1.667","17-Mar-2028","2.293151","Straight","Fixed","","","-","-","28-Nov-25","1.445766","1.481739","1.356287","1.395202","12.956479","1.395202","-","100.616740","0.342534","2.233998","6.158900","1000","THB","Registered","-"
"SRT28DA","2.2","15-Dec-2028","3.041096","Straight","Fixed","","","-","-","28-Nov-25","1.486330","1.535457","1.385457","1.410268","12.973842","1.410268","-","102.337451","1.018630","2.907460","10.121554","1000","THB","Registered","-"
"SRT295A","2.854","15-May-2029","3.454795","Straight","Fixed","","","13-Nov-23","2.854000","28-Nov-25","1.518593","1.559962","1.409962","1.425094","12.981859","1.425094","-","104.807933","0.125107","3.288407","12.727414","1000","THB","Registered","-"
"SRT296A","1.75","24-Jun-2029","3.564384","Straight","Fixed","","","10-Sep-20","1.510000","28-Nov-25","1.531798","1.571113","1.421113","1.433439","12.983930","1.433439","-","101.093028","0.767123","3.420042","13.673900","1000","THB","Registered","-"
"SRT298A","4","29-Aug-2029","3.745205","Straight","Fixed","","","14-Oct-15","3.304000","28-Nov-25","1.553588","1.589512","1.439512","1.448613","12.987032","1.448613","-","109.257679","1.030137","3.469324","14.314270","1000","THB","Registered","-"
"SRT298B","2.39","22-Aug-2029","3.726027","Straight","Fixed","","","20-Dec-22","2.350000","28-Nov-25","1.551277","1.587561","1.437561","1.447026","12.986697","1.447026","-","103.398851","0.661342","3.543793","14.683977","1000","THB","Registered","-"
"SRT304A","2.247","24-Apr-2030","4.397260","Straight","Fixed","","","-","-","28-Nov-25","1.613331","1.637030","1.487030","1.477985","12.997046","1.477985","-","103.262786","0.233934","4.172708","19.982474","1000","THB","Registered","-"
"SRT304B","1.81","21-Apr-2030","4.389041","Straight","Fixed","","","-","-","28-Nov-25","1.612452","1.636305","1.486305","1.478124","12.996960","1.478124","-","101.406398","0.203315","4.198561","20.127315","1000","THB","Registered","-"
"SRT306A","1.62","17-Jun-2030","4.545205","Straight","Fixed","","","30-Oct-25","1.440000","28-Nov-25","1.629152","1.650077","1.500077","1.486006","12.999031","1.486006","-","100.584184","0.741205","4.335364","21.469548","1000","THB","Registered","-"
"SRT306B","2.66","13-Jun-2030","4.534247","Straight","Fixed","","","-","-","28-Nov-25","1.627980","1.649111","1.499111","1.484041","12.998843","1.484041","-","105.132793","1.246192","4.225804","20.745026","1000","THB","Registered","-"
"SRT307A","2.54","03-Jul-2030","4.589041","Straight","Fixed","","","29-Jun-23","2.540000","28-Nov-25","1.633840","1.653943","1.503943","1.486555","12.999615","1.486555","-","104.646601","1.050795","4.293755","21.329034","1000","THB","Registered","-"
"SRT309A","1.6","24-Sep-2030","4.816438","Straight","Fixed","","","-","-","28-Nov-25","1.658158","1.673997","1.523997","1.506261","13.002368","1.506261","-","100.439199","0.298082","4.600585","23.965574","1000","THB","Registered","-"
"SRT30NA","1.47","12-Nov-2030","4.950685","Straight","Fixed","","","-","-","28-Nov-25","1.672514","1.685836","1.535836","1.516851","13.003890","1.516851","-","99.783423","0.076521","4.746595","25.365848","1000","THB","Registered","-"
"SRT30DA","3.26","15-Dec-2030","5.041096","Straight","Fixed","","","27-May-25","1.720000","28-Nov-25","1.680960","1.693576","1.542645","1.519332","13.004795","1.519332","-","108.407227","1.509425","4.604883","24.716253","1000","THB","Registered","-"
"SRT315A","3.498","20-May-2031","5.468493","Straight","Fixed","","","-","-","28-Nov-25","1.715446","1.729131","1.569651","1.549928","13.008706","1.549928","-","110.185369","0.105419","5.003840","28.812674","1000","THB","Registered","-"
"SRT316A","2.8","17-Jun-2031","5.545205","Straight","Fixed","","","11-Jan-21","1.480000","28-Nov-25","1.721636","1.735512","1.574499","1.555795","13.009221","1.555795","-","106.579816","1.281096","5.087049","29.816725","1000","THB","Registered","-"
"SRT318A","2.55","15-Aug-2031","5.706849","Straight","Fixed","","","13-Aug-24","2.550000","28-Nov-25","1.734540","1.748821","1.584575","1.563670","13.010278","1.563670","-","105.354515","0.754521","5.281727","31.835304","1000","THB","Registered","-"
"SRT319A","1.194","25-Sep-2031","5.819178","Straight","Fixed","","","-","-","28-Nov-25","1.743501","1.758063","1.591570","1.574691","13.010848","1.574691","-","97.897806","0.219173","5.573747","34.534561","1000","THB","Registered","-"
"SRT31DA","2.34","11-Dec-2031","6.030137","Straight","Fixed","","","06-Dec-24","2.340000","28-Nov-25","1.760330","1.775419","1.604707","1.582490","13.011524","1.582490","-","104.338754","-0.064110","5.625123","35.666448","1000","THB","Registered","-"
"SRT322A","2.285","23-Feb-2032","6.232877","Straight","Fixed","","","-","-","28-Nov-25","1.797594","1.813190","1.638423","1.615015","13.011852","1.615015","-","103.945281","0.626027","5.771234","37.706735","1000","THB","Registered","-"
"SRT322B","2.537","22-Feb-2032","6.230137","Straight","Fixed","","","-","-","28-Nov-25","1.797061","1.812650","1.637937","1.613425","13.011806","1.613425","-","105.439407","0.702019","5.730139","37.340943","1000","THB","Registered","-"
"SRT325A","1.84","26-May-2032","6.487671","Straight","Fixed","","","23-May-25","1.840000","28-Nov-25","1.847195","1.863428","1.683565","1.676615","13.011494","1.676615","-","101.007040","0.025205","6.089376","41.397381","1000","THB","Registered","-"
"SRT328A","1.73","10-Aug-2032","6.695890","Straight","Fixed","","","05-Feb-21","1.545000","28-Nov-25","1.873904","1.890657","1.706630","1.699995","13.010346","1.699995","-","100.181123","0.535589","6.264614","43.893862","1000","THB","Registered","-"
"SRT32DA","1.61","29-Dec-2032","7.082192","Straight","Fixed","","","-","-","28-Nov-25","1.905788","1.923507","1.731753","1.728731","13.006250","1.728731","-","99.209676","0.683699","6.612334","48.792190","1000","THB","Registered","-"
"SRT332A","1.68","17-Feb-2033","7.219178","Straight","Fixed","","","-","-","28-Nov-25","1.917094","1.935155","1.740662","1.735571","13.004017","1.735571","-","99.616941","0.487890","6.732311","50.515258","1000","THB","Registered","-"
"SRT333A","2.68","13-Mar-2033","7.284932","Straight","Fixed","","","-","-","28-Nov-25","1.922521","1.940747","1.744939","1.732388","13.002682","1.732388","-","106.464261","0.580055","6.592032","49.357144","1000","THB","Registered","-"
"SRT338A","1.525","07-Aug-2033","7.687671","Straight","Fixed","","","-","-","28-Nov-25","1.953606","1.972839","1.768976","1.760170","12.991797","1.760170","-","98.309216","0.484658","7.179807","57.190736","1000","THB","Registered","-"
"SRT33DA","2.98","18-Dec-2033","8.052055","Straight","Fixed","","","17-Apr-24","2.860000","28-Nov-25","1.977949","1.998093","1.786943","1.769095","12.976065","1.769095","-","109.040090","1.355288","7.105679","58.056214","1000","THB","Registered","-"
"SRT346A","2.28","16-Jun-2034","8.545205","Straight","Fixed","","","10-Jun-21","2.280000","28-Nov-25","2.010895","2.032272","1.811258","1.793492","12.941809","1.793492","-","103.833292","1.049425","7.679445","66.762921","1000","THB","Registered","-"
"SRT347A","2.197","19-Jul-2034","8.635616","Straight","Fixed","","","31-Oct-25","1.795000","28-Nov-25","2.015181","2.036784","1.813962","1.796109","12.933319","1.796109","-","103.183118","0.812589","7.795136","68.509353","1000","THB","Registered","-"
"SRT348A","3.21","09-Aug-2034","8.693151","Straight","Fixed","","","22-Jul-22","3.210000","28-Nov-25","2.017837","2.039583","1.815611","1.790128","12.927556","1.790128","-","111.367133","1.002575","7.584804","66.257653","1000","THB","Registered","-"
"SRT353A","2.052","25-Mar-2035","9.317808","Straight","Fixed","","","14-Jul-25","1.650000","28-Nov-25","2.046809","2.070117","1.833651","1.813444","12.838484","1.813444","-","102.042952","0.376668","8.426087","79.501732","1000","THB","Registered","-"
"SRT355A","2.9","09-May-2035","9.441096","Straight","Fixed","","","02-May-24","2.900000","28-Nov-25","2.053391","2.077007","1.838075","1.809827","12.813594","1.809827","-","109.428256","0.174795","8.293326","78.322049","1000","THB","Registered","-"
"SRT356A","3.39","01-Jun-2035","9.504110","Straight","Fixed","","","26-Dec-22","2.980000","28-Nov-25","2.056755","2.080529","1.840337","1.807309","12.799719","1.807309","-","113.761518","0.000000","8.223617","77.658242","1000","THB","Registered","-"
"SRT358A","1.489","25-Aug-2035","9.736986","Straight","Fixed","","","-","-","28-Nov-25","2.069187","2.093543","1.848694","1.826125","12.740387","1.826125","-","96.998598","0.399786","8.968452","88.853156","1000","THB","Registered","-"
"SRT35DA","1.66","29-Dec-2035","10.082192","Straight","Fixed","","","05-Nov-25","1.880000","28-Nov-25","2.088531","2.114495","1.862742","1.835769","12.624681","1.835769","-","98.386946","0.704932","9.162935","93.475382","1000","THB","Registered","-"
"SRT35DB","2.43","19-Dec-2035","10.054795","Straight","Fixed","","","05-Nov-25","1.880000","28-Nov-25","2.085792","2.111455","1.860249","1.828439","12.635277","1.828439","-","105.495704","1.098493","8.838650","88.944681","1000","THB","Registered","-"
"SRT362A","2.84","15-Feb-2036","10.213699","Straight","Fixed","","","-","-","28-Nov-25","2.101679","2.129090","1.874706","1.834150","12.675283","1.834150","-","109.311901","0.840329","8.853114","89.848966","1000","THB","Registered","-"
"SRT374A","3.37","11-Apr-2037","11.367123","Straight","Fixed","","","21-Dec-22","3.180000","28-Nov-25","2.216998","2.257096","1.979644","1.957454","12.936314","1.957454","-","114.326846","0.470877","9.540947","105.749115","1000","THB","Registered","-"
"SRT376A","3.93","22-Jun-2037","11.564384","Straight","Fixed","","","03-Jan-23","3.200000","28-Nov-25","2.236548","2.278816","1.997419","1.968953","12.959933","1.968953","-","120.176313","1.744274","9.394408","104.906412","1000","THB","Registered","-"
"SRT376B","1.92","12-Jun-2037","11.536986","Straight","Fixed","","","10-Jun-25","1.920000","28-Nov-25","2.233981","2.275948","1.995098","1.993455","12.956876","1.993455","-","99.243774","0.904767","10.197364","117.183130","1000","THB","Registered","-"
"SRT378A","2.904","07-Aug-2037","11.690411","Straight","Fixed","","","09-Jun-25","1.840000","28-Nov-25","2.247169","2.290824","2.006906","1.992540","12.973105","1.992540","-","109.446965","0.922915","9.903167","113.375868","1000","THB","Registered","-"
"SRT385A","3.19","29-May-2038","12.498630","Straight","Fixed","","","-","-","28-Nov-25","2.315283","2.367828","2.067746","2.050277","13.030692","2.050277","-","112.515771","0.017479","10.433566","126.218571","1000","THB","Registered","-"
"SRT387A","3","11-Jul-2038","12.616438","Straight","Fixed","","","07-Jul-23","3.000000","28-Nov-25","2.322404","2.376245","2.073806","2.057182","13.036333","2.057182","-","110.413139","1.175342","10.492618","128.433007","1000","THB","Registered","-"
"SRT394A","2.874","11-Apr-2039","13.367123","Straight","Fixed","","","-","-","28-Nov-25","2.352215","2.414314","2.096862","2.080241","13.062299","2.080241","-","109.218800","0.401573","11.143761","143.950822","1000","THB","Registered","-"
"SRT402A","2.577","26-Feb-2040","14.246575","Straight","Fixed","","","05-Nov-25","2.150000","28-Nov-25","2.387140","2.458913","2.123872","2.103880","13.079324","2.103880","-","105.782736","0.684847","11.883120","163.469489","1000","THB","Registered","-"
"State Own Enterprise Bonds (Non Guaranteed)"
"BAAC25DA","1.19","23-Dec-2025","0.060274","Straight","Fixed","","","-","-","-","-","-","-","1.491639","24.241302","1.491639","-","99.980030","0.524904","0.059828","0.033272","1000","THB","Registered","-"
"BAAC266A","1.71","09-Jun-2026","0.520548","Straight","Fixed","","","-","-","-","-","-","-","1.495362","25.050808","1.495362","-","100.111319","-0.037479","0.518044","0.525470","1000","THB","Registered","-"
"BAAC269A","1.5","17-Sep-2026","0.794521","Straight","Fixed","","","27-Nov-25","1.530000","-","-","-","-","1.531580","26.959825","1.531580","-","99.980751","0.308219","0.780710","0.998715","1000","THB","Registered","-"
"BAAC273A","1.48","20-Mar-2027","1.298630","Straight","Fixed","","","16-Sep-25","1.540000","-","-","-","-","1.602192","34.537693","1.602192","-","99.848949","0.291945","1.277395","2.274272","1000","THB","Registered","-"
"BAAC27DA","1.47","23-Dec-2027","2.060274","Straight","Fixed","","","-","-","-","-","-","-","1.715507","45.770591","1.715507","-","99.502758","0.648411","2.006715","5.074179","1000","THB","Registered","-"
"BAAC286A","2.29","09-Jun-2028","2.523288","Straight","Fixed","","","-","-","-","-","-","-","1.727476","46.115316","1.727476","-","101.382574","-0.050192","2.445282","7.270633","1000","THB","Registered","-"
"BAAC289A","2.06","17-Sep-2028","2.797260","Straight","Fixed","","","05-Apr-24","2.710000","-","-","-","-","1.753233","47.829634","1.753233","-","100.839223","0.423288","2.691787","8.710052","1000","THB","Registered","-"
"BAAC303A","1.72","20-Mar-2030","4.301370","Straight","Fixed","","","-","-","-","-","-","-","1.853449","51.150643","1.853449","-","99.457163","0.339288","4.109543","19.324526","1000","THB","Registered","-"
"BAAC308A","2.76","19-Aug-2030","4.717808","Straight","Fixed","","","-","-","-","-","-","-","1.892420","53.121985","1.892420","-","103.886214","0.786411","4.389492","22.262255","1000","THB","Registered","-"
"BAAC30DA","1.9","23-Dec-2030","5.063014","Straight","Fixed","","","-","-","-","-","-","-","1.921652","53.131363","1.921652","-","99.892983","0.838082","4.762715","25.851581","1000","THB","Registered","-"
"BAAC319A","2.72","17-Sep-2031","5.797260","Straight","Fixed","","","21-May-24","3.210000","-","-","-","-","1.968385","53.227758","1.968385","-","104.103863","0.558904","5.325180","32.393059","1000","THB","Registered","-"
"EGAT262A","2.73","12-Feb-2026","0.200000","Straight","Fixed","","","-","-","-","-","-","-","1.442600","19.744542","1.442600","-","100.243791","0.830219","0.198568","0.138002","1000","THB","Registered","-"
"EGAT268A","1.14","27-Aug-2026","0.736986","Straight","Fixed","","","10-Feb-25","2.387500","-","-","-","-","1.444449","19.894861","1.444449","-","99.771182","0.299836","0.732964","0.902481","1000","THB","Registered","-"
"EGAT269A","2.59","12-Sep-2026","0.780822","Straight","Fixed","","","-","-","-","-","-","-","1.460608","19.862767","1.460608","-","100.878584","0.567671","0.764770","0.967579","1000","THB","Registered","-"
"EGAT273A","1.45","02-Mar-2027","1.249315","Straight","Fixed","","","14-Jun-21","1.560000","-","-","-","-","1.459994","20.221410","1.459994","-","99.988334","-0.003973","1.233177","2.137177","1000","THB","Registered","-"
"EGAT283A","4.25","07-Mar-2028","2.265753","Straight","Fixed","","","06-Feb-25","2.315000","-","-","-","-","1.473404","20.882244","1.473404","-","106.173117","0.989726","2.149135","5.821295","1000","THB","Registered","-"
"EGAT283B","4.225","28-Mar-2028","2.323288","Straight","Fixed","","","06-Dec-23","3.025000","-","-","-","-","1.472077","20.650997","1.472077","-","106.273379","0.740822","2.206781","6.100348","1000","THB","Registered","-"
"EGAT289A","4.725","11-Sep-2028","2.780822","Straight","Fixed","","","30-Aug-13","4.726801","-","-","-","-","1.475747","20.001556","1.475747","-","108.816843","1.048562","2.595751","8.289621","1000","THB","Registered","-"
"EGAT289B","2.76","19-Sep-2028","2.802740","Straight","Fixed","","","22-May-25","1.980000","-","-","-","-","1.486910","21.048255","1.486910","-","103.483925","0.552000","2.677901","8.668470","1000","THB","Registered","-"
"EGAT299A","2","18-Sep-2029","3.800000","Straight","Fixed","","","02-Dec-20","2.000000","-","-","-","-","1.539113","21.237532","1.539113","-","101.699138","0.405479","3.630775","15.298746","1000","THB","Registered","-"
"EGAT299B","2.638","23-Sep-2029","3.813699","Straight","Fixed","","","02-Oct-24","2.638000","-","-","-","-","1.538039","21.073780","1.538039","-","104.061691","0.498690","3.605998","15.191119","1000","THB","Registered","-"
"EGAT303A","3","26-Mar-2030","4.317808","Straight","Fixed","","","15-Jul-25","1.750000","-","-","-","-","1.554831","21.150919","1.554831","-","106.005419","1.298630","4.006986","18.788026","1000","THB","Registered","-"
"EGAT305A","3","29-May-2030","4.493151","Straight","Fixed","","","-","-","-","-","-","-","1.608116","25.710738","1.608116","-","106.018763","0.016438","4.208578","20.434374","1000","THB","Registered","-"
"EGAT308A","3.06","10-Aug-2030","4.693151","Straight","Fixed","","","-","-","-","-","-","-","1.617964","25.638058","1.617964","-","106.479670","0.947342","4.346651","21.933471","1000","THB","Registered","-"
"EGAT309A","3.55","27-Sep-2030","4.824658","Straight","Fixed","","","02-Oct-25","1.550000","-","-","-","-","1.628446","25.548477","1.628446","-","108.882095","0.632192","4.426666","22.780044","1000","THB","Registered","-"
"EGAT309B","1.4","15-Sep-2030","4.791781","Straight","Fixed","","","31-Oct-25","1.710000","-","-","-","-","1.632329","25.842376","1.632329","-","98.939858","0.295342","4.592829","23.833113","1000","THB","Registered","-"
"EGAT315A","2.67","26-May-2031","5.484932","Straight","Fixed","","","-","-","-","-","-","-","1.712734","29.112719","1.712734","-","104.999505","0.036575","5.100534","29.603136","1000","THB","Registered","-"
"EGAT323A","2.94","01-Mar-2032","6.252055","Straight","Fixed","","","05-Nov-25","1.900000","-","-","-","-","1.804366","31.821149","1.804366","-","106.690660","0.732986","5.681035","36.953471","1000","THB","Registered","-"
"EGAT326A","3.68","09-Jun-2032","6.526027","Straight","Fixed","","","-","-","-","-","-","-","2.006843","46.739418","2.006843","-","110.180928","-0.080658","5.841216","39.198674","1000","THB","Registered","-"
"EGAT332A","3.22","27-Feb-2033","7.246575","Straight","Fixed","","","28-Feb-20","1.814000","-","-","-","-","2.068583","47.505651","2.068583","-","107.690954","0.846904","6.432997","47.582272","1000","THB","Registered","-"
"EGAT336A","3.57","29-Jun-2033","7.580822","Straight","Fixed","","","-","-","-","-","-","-","2.090358","48.254393","2.090358","-","110.312329","1.516027","6.596221","50.633750","1000","THB","Registered","-"
"EGAT337A","4.56","29-Jul-2033","7.663014","Straight","Fixed","","","05-Jul-21","2.580000","-","-","-","-","2.090699","48.555390","2.090699","-","117.376402","1.561644","6.500895","49.911503","1000","THB","Registered","-"
"EGAT339A","4.58","06-Sep-2033","7.769863","Straight","Fixed","","","-","-","-","-","-","-","2.099508","48.677862","2.099508","-","117.693535","1.079123","6.594430","51.193839","1000","THB","Registered","-"
"EGAT343A","3.19","01-Mar-2034","8.252055","Straight","Fixed","","","05-Apr-23","3.210000","-","-","-","-","2.130009","48.661489","2.130009","-","107.988829","0.795315","7.228153","60.096198","1000","THB","Registered","-"
"EGAT347A","3.4","08-Jul-2034","8.605479","Straight","Fixed","","","29-Sep-25","1.842500","-","-","-","-","2.073529","41.945203","2.073529","-","110.388344","1.360000","7.427006","64.029262","1000","THB","Registered","-"
"EGAT357A","2.74","01-Jul-2035","9.586301","Straight","Fixed","","","14-Jul-21","2.740000","-","-","-","-","2.216398","53.560692","2.216398","-","104.486770","1.148548","8.339978","79.836835","1000","THB","Registered","-"
"EGAT358A","3.41","10-Aug-2035","9.695890","Straight","Fixed","","","-","-","-","-","-","-","2.216996","53.856311","2.216996","-","110.339573","1.055699","8.246231","79.056053","1000","THB","Registered","-"
"EGAT363A","3.32","11-Mar-2036","10.282192","Straight","Fixed","","","-","-","-","-","-","-","2.237958","53.299422","2.237958","-","109.893674","0.736767","8.714998","88.120245","1000","THB","Registered","-"
"EGAT377A","3.54","25-Jul-2037","11.654795","Straight","Fixed","","","02-Aug-17","3.536000","-","-","-","-","2.382272","53.637191","2.382272","-","111.701085","1.251123","9.557076","107.720622","1000","THB","Registered","-"
"EGAT382A","3.46","27-Feb-2038","12.249315","Straight","Fixed","","","02-Jul-21","3.170000","-","-","-","-","2.439065","54.358516","2.439065","-","110.731343","0.910027","10.008182","117.990734","1000","THB","Registered","-"
"EGAT386A","3.78","29-Jun-2038","12.583562","Straight","Fixed","","","25-Jul-25","2.222000","-","-","-","-","2.450779","54.239277","2.450779","-","114.304983","1.605205","10.048061","120.738102","1000","THB","Registered","-"
"EGAT418A","2.99","27-Aug-2041","15.747945","Straight","Fixed","","","06-Sep-21","2.962500","-","-","-","-","3.056012","99.619033","3.056012","-","99.164891","0.786411","12.368228","182.907506","1000","THB","Registered","-"
"EGAT418B","2.99","27-Aug-2041","15.747945","Straight","Fixed","","","24-Oct-23","4.700000","-","-","-","-","3.051586","99.167261","3.051586","-","99.219624","0.786411","12.369553","182.935661","1000","THB","Registered","-"
"EGAT423A","3.72","01-Mar-2042","16.257534","Straight","Fixed","","","01-Aug-22","4.400000","-","-","-","-","3.179639","108.249872","3.179639","-","106.826640","0.927452","12.183784","182.219566","1000","THB","Registered","-"
"EGAT439A","4.12","27-Sep-2043","17.832877","Straight","Fixed","","","-","-","-","-","-","-","3.320533","109.786019","3.320533","-","110.700299","0.733699","12.779803","204.908119","1000","THB","Registered","-"
"EXIM266A","2.71","06-Jun-2026","0.512329","Straight","Fixed","","AAA(tha)","04-Nov-25","1.600000","-","-","-","-","1.587838","34.415291","1.587838","-","100.572001","-0.037123","0.509652","0.512565","1000","THB","Registered","-"
"EXIM269A","1.83824","09-Sep-2026","0.772603","Straight","Floated","","AAA(tha)","-","-","-","-","-","-","1.831280","34.000000","1.831280","0.340000","100.007454","0.417724","0.014538","0.000000","1000","THB","Registered","-"
"EXIM26DA","2.06","26-Dec-2026","1.068493","Straight","Fixed","","","-","-","-","-","-","-","1.571597","31.512982","1.571597","-","100.512193","0.891726","1.045101","1.622951","1000","THB","Registered","-"
"EXIM26DB","1.99","09-Dec-2026","1.021918","Straight","Fixed","","","-","-","-","-","-","-","1.566976","31.063057","1.566976","-","100.427372","-0.043616","1.009096","1.521296","1000","THB","Registered","-"
"EXIM276A","2.78","27-Jun-2027","1.569863","Straight","Fixed","","AAA(tha)","12-Mar-25","2.260000","-","-","-","-","1.573552","31.761875","1.573552","-","101.860657","1.195781","1.519073","3.105865","1000","THB","Registered","-"
"EXIM286A","1.78","20-Jun-2028","2.553425","Straight","Fixed","","AAA(tha)","03-Oct-25","1.520000","-","-","-","-","1.636444","36.880376","1.636444","-","100.354611","0.799781","2.466649","7.421535","1000","THB","Registered","-"
"EXIM29DA","2.31","26-Dec-2029","4.071233","Straight","Fixed","","","05-Feb-20","2.160000","-","-","-","-","1.844505","50.872520","1.844505","-","101.812702","0.999945","3.835410","17.125611","1000","THB","Registered","-"
"EXIM306A","1.9","20-Jun-2030","4.553425","Straight","Fixed","","AAA(tha)","-","-","-","-","-","-","1.726450","37.218507","1.726450","-","100.753645","0.853699","4.309400","21.309435","1000","THB","Registered","-"
"EXIM30NA","1.81","14-Nov-2030","4.956164","Straight","Fixed","","AAA(tha)","-","-","-","-","-","-","1.694097","30.867003","1.694097","-","100.555119","0.084301","4.713022","25.126780","1000","THB","Registered","-"
"EXIM31DA","2.84","09-Dec-2031","6.024658","Straight","Fixed","","","-","-","-","-","-","-","2.132559","68.708800","2.132559","-","103.978452","-0.062247","5.532271","34.793619","1000","THB","Registered","-"
"EXIM32NA","2.05","14-Nov-2032","6.958904","Straight","Fixed","","AAA(tha)","-","-","-","-","-","-","1.969879","38.248356","1.969879","-","100.525949","0.095479","6.443869","46.493747","1000","THB","Registered","-"
"EXIM35NA","2.3","14-Nov-2035","9.958904","Straight","Fixed","","AAA(tha)","-","-","-","-","-","-","2.230634","53.437797","2.230634","-","100.624736","0.107123","8.844711","88.120911","1000","THB","Registered","-"
"GHB25DA","1.58","16-Dec-2025","0.041096","Straight","Fixed","","","19-Jun-25","1.645000","-","-","-","-","1.309015","5.768072","1.309015","-","100.008738","0.727233","0.040829","0.021949","1000","THB","Registered","-"
"GHB25DB","2.39","09-Dec-2025","0.021918","Straight","Fixed","","","19-Jun-25","1.645000","-","-","-","-","1.309766","5.759029","1.309766","-","100.020159","1.145890","0.021775","0.011291","1000","THB","Registered","-"
"GHB263A","2.76","30-Mar-2026","0.326027","Straight","Fixed","","","19-Nov-25","1.310000","-","-","-","-","1.298661","5.216912","1.298661","-","100.484225","0.468822","0.323924","0.265844","1000","THB","Registered","-"
"GHB266A","2.75","28-Jun-2026","0.572603","Straight","Fixed","","","-","-","-","-","-","-","1.375192","12.784661","1.375192","-","100.778956","1.175342","0.563363","0.600413","1000","THB","Registered","-"
"GHB274A","2.48","27-Apr-2027","1.402740","Straight","Fixed","","","26-Apr-23","2.497500","-","-","-","-","1.400988","14.256066","1.400988","-","101.496343","0.237808","1.374970","2.587840","1000","THB","Registered","-"
"GHB274B","2.63","03-Apr-2027","1.336986","Straight","Fixed","","","09-Oct-25","1.310000","-","-","-","-","1.386949","12.851470","1.386949","-","101.643602","0.425123","1.308719","2.378024","1000","THB","Registered","-"
"GHB278A","2.49","24-Aug-2027","1.728767","Straight","Fixed","","","03-Apr-24","2.620000","-","-","-","-","1.408267","15.284228","1.408267","-","101.834092","0.675370","1.684865","3.715679","1000","THB","Registered","-"
"GHB27DA","2.97","14-Dec-2027","2.035616","Straight","Fixed","","","08-Aug-25","1.540000","-","-","-","-","1.410677","15.079029","1.410677","-","103.118612","-0.105781","1.978936","4.946154","1000","THB","Registered","-"
"GHB27DB","2.39","04-Dec-2027","2.008219","Straight","Fixed","","","11-Dec-24","2.320000","-","-","-","-","1.413974","15.431873","1.413974","-","101.925874","-0.019644","1.959600","4.851820","1000","THB","Registered","-"
"GHB284A","2.9","11-Apr-2028","2.361644","Straight","Fixed","","","08-Aug-25","1.550000","-","-","-","-","1.418176","15.160308","1.418176","-","103.428666","0.405205","2.273798","6.396623","1000","THB","Registered","-"
"GHB285A","1.89","27-May-2028","2.487671","Straight","Fixed","","","-","-","-","-","-","-","1.423198","15.439405","1.423198","-","101.143404","0.020712","2.421640","7.132788","1000","THB","Registered","-"
"GHB286A","3.02","28-Jun-2028","2.575342","Straight","Fixed","","","11-Dec-24","2.400000","-","-","-","-","1.420567","15.114257","1.420567","-","104.023697","1.290740","2.450152","7.401447","1000","THB","Registered","-"
"GHB289A","3.54","27-Sep-2028","2.824658","Straight","Fixed","","","08-Dec-21","2.380000","-","-","-","-","1.427479","15.044200","1.427479","-","105.827329","0.630411","2.675742","8.696005","1000","THB","Registered","-"
"GHB28NA","1.65","26-Nov-2028","2.989041","Straight","Fixed","","","-","-","-","-","-","-","1.647427","36.744480","1.647427","-","100.014122","0.022603","2.897623","9.939424","1000","THB","Registered","-"
"GHB294A","3.13","27-Apr-2029","3.405479","Straight","Fixed","","","01-Nov-24","2.575000","-","-","-","-","1.657972","36.747652","1.657972","-","104.854014","0.300137","3.222897","12.289918","1000","THB","Registered","-"
"GHB294B","2.84","03-Apr-2029","3.339726","Straight","Fixed","","","27-Aug-25","1.477500","-","-","-","-","1.648361","36.026603","1.648361","-","103.856281","0.459068","3.170632","11.906044","1000","THB","Registered","-"
"GHB298A","2.89","24-Aug-2029","3.731507","Straight","Fixed","","","13-Dec-24","2.490000","-","-","-","-","1.682598","36.776185","1.682598","-","104.337366","0.783863","3.514777","14.527246","1000","THB","Registered","-"
"GHB29OA","3.67","12-Oct-2029","3.865753","Straight","Fixed","","","-","-","-","-","-","-","1.695167","36.751938","1.695167","-","107.355226","0.502740","3.598349","15.254013","1000","THB","Registered","-"
"GHB29DA","2.6","04-Dec-2029","4.010959","Straight","Fixed","","","02-Jan-25","2.520000","-","-","-","-","1.703759","36.880227","1.703759","-","103.458294","-0.021370","3.804285","16.753473","1000","THB","Registered","-"
"GHB304A","3.17","11-Apr-2030","4.361644","Straight","Fixed","","","-","-","-","-","-","-","1.713116","36.961650","1.713116","-","106.096981","0.442932","4.063156","19.187692","1000","THB","Registered","-"
"GHB305A","2.05","27-May-2030","4.487671","Straight","Fixed","","","-","-","-","-","-","-","1.719467","36.877421","1.719467","-","101.429129","0.022466","4.271394","20.826917","1000","THB","Registered","-"
"GHB306A","3.3","28-Jun-2030","4.575342","Straight","Fixed","","","06-Jun-25","1.990000","-","-","-","-","1.717885","36.436793","1.717885","-","106.925562","1.410411","4.203276","20.689629","1000","THB","Registered","-"
"GHB306B","3.24","28-Jun-2030","4.575342","Straight","Fixed","","","17-Jul-24","3.010000","-","-","-","-","1.722892","36.934133","1.722892","-","106.640047","1.384767","4.208288","20.721390","1000","THB","Registered","-"
"GHB30NA","1.84","26-Nov-2030","4.989041","Straight","Fixed","","","-","-","-","-","-","-","1.847341","46.052906","1.847341","-","99.972629","0.025205","4.738178","25.385326","1000","THB","Registered","-"
"GHB315A","2.7","13-May-2031","5.449315","Straight","Fixed","","","25-Nov-25","1.660000","-","-","-","-","1.880854","46.341962","1.880854","-","104.232294","0.133151","5.055946","29.139401","1000","THB","Registered","-"
"GHB317A","2.99","28-Jul-2031","5.657534","Straight","Fixed","","","03-Dec-19","2.509500","-","-","-","-","1.889529","46.255089","1.889529","-","105.865988","1.032164","5.164036","30.722716","1000","THB","Registered","-"
"GHB324A","3.47","27-Apr-2032","6.408219","Straight","Fixed","","","14-Jun-24","3.250000","-","-","-","-","1.980468","46.134906","1.980468","-","108.919261","0.332740","5.752880","38.045682","1000","THB","Registered","-"
"GHB328A","3.28","24-Aug-2032","6.734247","Straight","Fixed","","","01-Apr-24","3.000000","-","-","-","-","2.029726","46.913703","2.029726","-","107.815516","0.889644","6.015319","41.666535","1000","THB","Registered","-"
"GHB32OA","4.08","12-Oct-2032","6.868493","Straight","Fixed","","","06-Mar-24","3.200000","-","-","-","-","2.032698","46.500283","2.032698","-","113.054015","0.558904","6.021171","42.114479","1000","THB","Registered","-"
"GHB32NA","2.05","26-Nov-2032","6.991781","Straight","Fixed","","","-","-","-","-","-","-","2.051350","46.264197","2.051350","-","99.999505","0.028082","6.472362","46.879273","1000","THB","Registered","-"
"GHB32DA","3.31","14-Dec-2032","7.041096","Straight","Fixed","","","09-Jan-18","3.309500","-","-","-","-","2.098911","51.707420","2.098911","-","107.883818","-0.117890","6.306348","45.415655","1000","THB","Registered","-"
"GHB334A","3.45","11-Apr-2033","7.364384","Straight","Fixed","","","15-Feb-22","3.010000","-","-","-","-","2.158615","56.133222","2.158615","-","108.746209","0.482055","6.502848","48.664164","1000","THB","Registered","-"
"GHB344A","3.71","29-Apr-2034","8.413699","Straight","Fixed","","","18-Apr-22","3.600000","-","-","-","-","2.267387","62.281789","2.267387","-","110.990747","0.335425","7.263712","61.047958","1000","THB","Registered","-"
"GHB344B","3.27","03-Apr-2034","8.342466","Straight","Fixed","","","-","-","-","-","-","-","2.262438","61.746582","2.262438","-","107.618762","0.528575","7.289145","61.094331","1000","THB","Registered","-"
"GHB34DA","3.87","09-Dec-2034","9.027397","Straight","Fixed","","","-","-","-","-","-","-","2.283754","62.400419","2.283754","-","112.867394","-0.084822","7.711714","68.904869","1000","THB","Registered","-"
"GHB355A","2.43","27-May-2035","9.490411","Straight","Fixed","","","-","-","-","-","-","-","2.306032","62.496635","2.306032","-","101.060495","0.026630","8.434146","80.261512","1000","THB","Registered","-"
"GHB35NA","2.37","26-Nov-2035","9.991781","Straight","Fixed","","","-","-","-","-","-","-","2.391807","69.681983","2.391807","-","99.816870","0.032466","8.837120","88.128073","1000","THB","Registered","-"
"MEA269A","4.07","22-Sep-2026","0.808219","Straight","Fixed","","","16-Sep-11","4.070495","15-Mar-13","4.385712","5.262858","4.380764","1.533984","27.197379","1.533984","-","102.033898","0.780548","0.788213","1.017142","1000","THB","Registered","-"
"MEA269B","1.25","22-Sep-2026","0.808219","Straight","Fixed","","","27-Oct-21","1.750000","-","-","-","-","1.540499","27.841393","1.540499","-","99.773298","0.239726","0.794877","1.027752","1000","THB","Registered","-"
"MEA26DA","1.8","20-Dec-2026","1.052055","Straight","Fixed","","","21-Aug-24","2.520000","-","-","-","-","1.533210","27.649037","1.533210","-","100.274586","0.808767","1.030841","1.584895","1000","THB","Registered","-"
"MEA273A","1.94","30-Mar-2027","1.326027","Straight","Fixed","","","17-Apr-25","1.920000","-","-","-","-","1.539500","28.215319","1.539500","-","100.530827","0.329534","1.301690","2.351831","1000","THB","Registered","-"
"MEA279A","3.94","13-Sep-2027","1.783562","Straight","Fixed","","","24-Apr-25","1.945000","-","-","-","-","1.545964","28.454116","1.545964","-","104.200395","0.852767","1.710500","3.835585","1000","THB","Registered","-"
"MEA279B","2.72","14-Sep-2027","1.786301","Straight","Fixed","","","31-Aug-22","2.690000","-","-","-","-","1.555641","29.423725","1.555641","-","102.048683","0.581260","1.729363","3.892494","1000","THB","Registered","-"
"MEA286A","2.88","29-Jun-2028","2.578082","Straight","Fixed","","","-","-","-","-","-","-","1.604112","33.591602","1.604112","-","103.203302","1.223014","2.454817","7.418520","1000","THB","Registered","-"
"MEA289A","4.735","12-Sep-2028","2.783562","Straight","Fixed","","","26-Aug-25","1.447500","-","-","-","-","1.641016","36.611276","1.641016","-","108.381884","1.037808","2.595613","8.288546","1000","THB","Registered","-"
"MEA289C","2.58","01-Sep-2028","2.753425","Straight","Fixed","","","09-Sep-25","1.401000","-","-","-","-","1.594060","31.914603","1.594060","-","102.648581","0.643233","2.633265","8.399066","1000","THB","Registered","-"
"MEA295A","2.99","16-May-2029","3.457534","Straight","Fixed","","","18-Jul-19","2.600000","-","-","-","-","1.655180","36.136163","1.655180","-","104.476012","0.122877","3.280712","12.683195","1000","THB","Registered","-"
"MEA299A","3.98","04-Sep-2029","3.761644","Straight","Fixed","","","18-Jun-25","1.815000","-","-","-","-","1.689536","36.864397","1.689536","-","108.313464","0.959562","3.475774","14.359863","1000","THB","Registered","-"
"MEA309A","3.47","03-Sep-2030","4.758904","Straight","Fixed","","","21-Mar-25","2.290000","-","-","-","-","1.828169","46.126753","1.828169","-","107.452557","0.846110","4.361903","22.163731","1000","THB","Registered","-"
"MEA30NA","2.4","27-Nov-2030","4.991781","Straight","Fixed","","","-","-","-","-","-","-","1.845300","46.246442","1.845300","-","102.624367","0.631233","4.668003","24.953011","1000","THB","Registered","-"
"MEA316A","2.4","25-Jun-2031","5.567123","Straight","Fixed","","","-","-","-","-","-","-","1.885746","46.055380","1.885746","-","102.701120","1.045479","5.147613","30.316299","1000","THB","Registered","-"
"MEA329A","3.05","05-Sep-2032","6.767123","Straight","Fixed","","","-","-","-","-","-","-","2.042267","47.530061","2.042267","-","106.341289","0.726986","6.076159","42.312695","1000","THB","Registered","-"
"MEA333A","3.288","23-Mar-2033","7.312329","Straight","Fixed","","","-","-","-","-","-","-","2.096264","49.983130","2.096264","-","108.046310","0.621567","6.484092","48.310875","1000","THB","Registered","-"
"MEA339B","1.71","05-Sep-2033","7.767123","Straight","Fixed","","","-","-","-","-","-","-","2.134548","50.284413","2.134548","-","96.985473","0.407589","7.181976","57.447594","1000","THB","Registered","-"
"MEA348A","2.59","15-Aug-2034","8.709589","Straight","Fixed","","","-","-","-","-","-","-","2.165528","50.368355","2.165528","-","103.339977","0.766356","7.729199","67.969337","1000","THB","Registered","-"
"MEA34NA","2.42","25-Nov-2034","8.989041","Straight","Fixed","","","22-Feb-22","3.350000","-","-","-","-","2.179950","50.823626","2.179950","-","101.957759","0.039781","8.043266","72.886420","1000","THB","Registered","-"
"MEA353A","1.989","03-Mar-2035","9.257534","Straight","Fixed","","","12-Jan-23","3.650000","-","-","-","-","2.182962","50.270401","2.182962","-","98.389840","0.484989","8.355713","78.254438","1000","THB","Registered","-"
"MEA35NA","2.86","27-Nov-2035","9.994521","Straight","Fixed","","","06-Oct-20","2.859500","-","-","-","-","2.195260","50.369538","2.195260","-","105.923477","0.752219","8.649535","85.853904","1000","THB","Registered","-"
"MEA35DA","3.76","21-Dec-2035","10.060274","Straight","Fixed","","","24-Oct-24","3.035000","-","-","-","-","2.191111","50.266134","2.191111","-","114.083030","1.679123","8.371296","82.576506","1000","THB","Registered","-"
"MEA377A","2.16","21-Jul-2037","11.643836","Straight","Fixed","","","-","-","-","-","-","-","2.373759","50.910953","2.373759","-","97.827009","0.787068","10.135020","116.685595","1000","THB","Registered","-"
"MEA386A","3.68","29-Jun-2038","12.583562","Straight","Fixed","","","27-Jun-23","3.680000","-","-","-","-","2.535683","62.712542","2.535683","-","112.250232","1.562740","10.071685","121.119242","1000","THB","Registered","-"
"MEA396A","3.68","27-Jun-2039","13.578082","Straight","Fixed","","","-","-","-","-","-","-","2.605343","67.243341","2.605343","-","112.212174","1.582904","10.695752","137.528604","1000","THB","Registered","-"
"MEA409A","2.12","05-Sep-2040","14.772603","Straight","Fixed","","","-","-","-","-","-","-","2.689915","69.442452","2.689915","-","93.102889","0.505315","12.422036","177.279811","1000","THB","Registered","-"
"MEA411A","2.77","19-Jan-2041","15.145205","Straight","Fixed","","","18-Jun-21","3.410000","-","-","-","-","2.737505","72.777248","2.737505","-","100.387196","1.024521","12.180402","175.309609","1000","THB","Registered","-"
"MEA416A","3.29","25-Jun-2041","15.575342","Straight","Fixed","","","07-Jul-21","3.160000","-","-","-","-","2.773770","73.271445","2.773770","-","106.483980","1.433178","12.093246","176.524450","1000","THB","Registered","-"
"MEA423A","3.84","30-Mar-2042","16.336986","Straight","Fixed","","","-","-","-","-","-","-","2.864837","75.516359","2.864837","-","112.657689","0.652274","12.301242","185.019802","1000","THB","Registered","-"
"PEA25DA","4.18","16-Dec-2025","0.041096","Straight","Fixed","","","-","-","29-Mar-13","4.577241","5.108500","4.558243","1.344500","9.340127","1.344500","-","100.109851","1.923945","0.040821","0.021941","1000","THB","Registered","-"
"PEA262A","1.33","24-Feb-2026","0.232877","Straight","Fixed","","","-","-","-","-","-","-","1.338702","9.315003","1.338702","-","99.991965","0.360740","0.231328","0.168408","1000","THB","Registered","-"
"PEA264A","4.12","28-Apr-2026","0.405479","Straight","Fixed","","","21-Apr-11","4.120000","29-Mar-13","4.535820","5.460500","4.524351","1.341138","9.342577","1.341138","-","101.124562","0.383781","0.402779","0.362278","1000","THB","Registered","-"
"PEA266A","4.2","23-Jun-2026","0.558904","Straight","Fixed","","","19-Nov-25","1.350000","29-Mar-13","4.543463","5.773500","4.533456","1.340447","9.312408","1.340447","-","101.584329","1.852603","0.546468","0.574946","1000","THB","Registered","-"
"PEA26NA","1.8","30-Nov-2026","0.997260","Straight","Fixed","","","05-Nov-25","1.400000","-","-","-","-","1.391157","13.363467","1.391157","-","100.409219","0.004932","0.981870","1.453788","1000","THB","Registered","-"
"PEA275A","4.03","06-May-2027","1.427397","Straight","Fixed","","","03-Oct-25","1.430000","17-Apr-12","4.643123","4.643123","0.000000","1.509683","25.197816","1.509683","-","103.561409","0.276027","1.388070","2.638461","1000","THB","Registered","-"
"PEA275B","3.19","25-May-2027","1.479452","Straight","Fixed","","","27-Feb-24","2.520000","-","-","-","-","1.521844","26.417086","1.521844","-","102.444119","0.052438","1.445339","2.824683","1000","THB","Registered","-"
"PEA276A","4.17","07-Jun-2027","1.515068","Straight","Fixed","","","01-Aug-25","1.552500","-","-","-","-","1.516874","26.058757","1.516874","-","103.962813","-0.068548","1.475454","2.932745","1000","THB","Registered","-"
"PEA279A","3.4","17-Sep-2027","1.794521","Straight","Fixed","","","-","-","-","-","-","-","1.578669","31.740803","1.578669","-","103.215177","0.698630","1.728169","3.897481","1000","THB","Registered","-"
"PEA27OA","1.7","28-Oct-2027","1.906849","Straight","Fixed","","","28-Aug-25","1.600000","-","-","-","-","1.570944","31.175597","1.570944","-","100.243157","0.158356","1.865718","4.434763","1000","THB","Registered","-"
"PEA285A","2.87","30-May-2028","2.495890","Straight","Fixed","","","23-Sep-25","1.450000","-","-","-","-","1.580420","31.526075","1.580420","-","103.152169","0.007863","2.405666","7.077387","1000","THB","Registered","-"
"PEA287A","3.17","05-Jul-2028","2.594521","Straight","Fixed","","","08-Aug-18","3.099000","-","-","-","-","1.583923","31.699968","1.583923","-","104.004222","1.294055","2.464821","7.487798","1000","THB","Registered","-"
"PEA28OA","4.49","03-Oct-2028","2.841096","Straight","Fixed","","","-","-","-","-","-","-","1.584953","31.006926","1.584953","-","108.032179","0.725781","2.663489","8.668511","1000","THB","Registered","-"
"PEA298A","2.67","21-Aug-2029","3.723288","Straight","Fixed","","","27-Aug-24","2.670000","-","-","-","-","1.640185","32.506643","1.640185","-","103.693855","0.746137","3.520360","14.542088","1000","THB","Registered","-"
"PEA299A","4.09","25-Sep-2029","3.819178","Straight","Fixed","","","09-Mar-23","2.905000","-","-","-","-","1.660268","33.454507","1.660268","-","108.954809","0.750767","3.527649","14.760573","1000","THB","Registered","-"
"PEA302A","2.45","27-Feb-2030","4.243836","Straight","Fixed","","","-","-","-","-","-","-","1.687337","34.672906","1.687337","-","103.097518","0.644384","3.999745","18.520454","1000","THB","Registered","-"
"PEA303A","3.48","10-Mar-2030","4.273973","Straight","Fixed","","","12-Nov-20","2.020000","-","-","-","-","1.691355","35.083222","1.691355","-","107.352888","0.781808","3.955039","18.316924","1000","THB","Registered","-"
"PEA303B","2.85","30-Mar-2030","4.328767","Straight","Fixed","","","09-May-24","2.902500","-","-","-","-","1.698152","35.518252","1.698152","-","104.795095","0.484110","4.054008","19.055139","1000","THB","Registered","-"
"PEA305A","2.27","29-May-2030","4.493151","Straight","Fixed","","","-","-","-","-","-","-","1.709515","35.841921","1.709515","-","102.421964","0.012438","4.260073","20.766553","1000","THB","Registered","-"
"PEA305B","3.08","30-May-2030","4.495890","Straight","Fixed","","","-","-","-","-","-","-","1.703906","35.524847","1.703906","-","105.940548","0.008438","4.202938","20.397567","1000","THB","Registered","-"
"PEA313A","2.88","27-Mar-2031","5.320548","Straight","Fixed","","","-","-","-","-","-","-","1.773040","36.362629","1.773040","-","105.604360","0.512877","4.912784","27.694233","1000","THB","Registered","-"
"PEA314A","2.4","29-Apr-2031","5.410959","Straight","Fixed","","","28-Apr-16","2.399739","-","-","-","-","1.785822","36.909097","1.785822","-","103.155350","0.216986","5.054429","29.027815","1000","THB","Registered","-"
"PEA315A","3.2","23-May-2031","5.476712","Straight","Fixed","","","25-Sep-25","1.551500","-","-","-","-","1.747224","32.770953","1.747224","-","107.565415","0.070137","5.034910","29.061571","1000","THB","Registered","-"
"PEA317A","2.26","29-Jul-2031","5.660274","Straight","Fixed","","","28-Feb-25","2.490000","-","-","-","-","1.840865","41.106857","1.840865","-","102.233316","0.773973","5.263010","31.515693","1000","THB","Registered","-"
"PEA319A","2.95","18-Sep-2031","5.800000","Straight","Fixed","","","-","-","-","-","-","-","1.847708","41.108317","1.847708","-","106.039983","0.598082","5.303728","32.238459","1000","THB","Registered","-"
"PEA326A","3.79","29-Jun-2032","6.580822","Straight","Fixed","","","28-Feb-24","3.100000","-","-","-","-","2.007475","46.222292","2.007475","-","110.924582","1.609452","5.783242","39.058240","1000","THB","Registered","-"
"PEA326B","2.21","05-Jun-2032","6.515068","Straight","Fixed","","","-","-","-","-","-","-","2.009210","46.346717","2.009210","-","101.219832","-0.024219","6.043710","41.033494","1000","THB","Registered","-"
"PEA32OA","2.42","28-Oct-2032","6.912329","Straight","Fixed","","","18-Jan-22","2.900000","-","-","-","-","2.044368","46.388816","2.044368","-","102.410078","0.225425","6.329716","45.220918","1000","THB","Registered","-"
"PEA333A","3.75","20-Mar-2033","7.304110","Straight","Fixed","","","18-May-23","3.120000","-","-","-","-","2.057114","46.355000","2.057114","-","111.431697","0.739726","6.397938","47.418509","1000","THB","Registered","-"
"PEA338A","3.35","31-Aug-2033","7.753425","Straight","Fixed","","","-","-","-","-","-","-","2.094658","47.494568","2.094658","-","108.942282","0.844384","6.804404","53.379639","1000","THB","Registered","-"
"PEA33NA","3.07","30-Nov-2033","8.002740","Straight","Fixed","","","07-May-25","2.300000","-","-","-","-","2.134462","50.180892","2.134462","-","106.853858","0.008411","7.105065","57.514757","1000","THB","Registered","-"
"PEA33NB","3.84","29-Nov-2033","8.000000","Straight","Fixed","","","-","-","-","-","-","-","2.133340","50.477887","2.133340","-","112.492607","0.021041","6.951226","55.793601","1000","THB","Registered","-"
"PEA348A","3.187","07-Aug-2034","8.687671","Straight","Fixed","","","-","-","-","-","-","-","2.163476","50.664246","2.163476","-","108.058716","1.012855","7.552168","65.787785","1000","THB","Registered","-"
"PEA349A","2.2","25-Sep-2034","8.821918","Straight","Fixed","","","10-Apr-23","3.000000","-","-","-","-","2.175685","50.602545","2.175685","-","100.201673","0.403836","7.940958","70.933896","1000","THB","Registered","-"
"PEA34NA","4","30-Nov-2034","9.002740","Straight","Fixed","","","-","-","-","-","-","-","2.165640","50.603297","2.165640","-","114.932911","0.010959","7.665438","68.249767","1000","THB","Registered","-"
"PEA355A","3.72","15-May-2035","9.457534","Straight","Fixed","","","28-Oct-20","2.420000","-","-","-","-","2.230350","55.857078","2.230350","-","112.646358","0.163068","8.050123","75.147858","1000","THB","Registered","-"
"PEA355B","2.71","29-May-2035","9.495890","Straight","Fixed","","","-","-","-","-","-","-","2.239217","55.938251","2.239217","-","104.016009","0.014849","8.361406","79.348392","1000","THB","Registered","-"
"PEA359A","1.868","04-Sep-2035","9.764384","Straight","Fixed","","","-","-","-","-","-","-","2.306187","61.318517","2.306187","-","96.198138","0.450367","8.800110","86.599381","1000","THB","Registered","-"
"PEA361A","2.97","31-Jan-2036","10.172603","Straight","Fixed","","","22-Apr-25","2.357417","-","-","-","-","2.315230","61.689265","2.315230","-","105.887287","1.000849","8.713193","87.646766","1000","THB","Registered","-"
"PEA371A","2.85","29-Jan-2037","11.169863","Straight","Fixed","","","18-Feb-25","2.917500","-","-","-","-","2.434715","62.869823","2.434715","-","104.023871","0.976027","9.471948","103.758465","1000","THB","Registered","-"
"PEA372A","2.92","27-Feb-2037","11.249315","Straight","Fixed","","","-","-","-","-","-","-","2.442621","62.825866","2.442621","-","104.653646","0.768000","9.521735","104.854274","1000","THB","Registered","-"
"PEA386A","2.61","05-Jun-2038","12.517808","Straight","Fixed","","","-","-","-","-","-","-","2.552209","62.928175","2.552209","-","100.615811","-0.028603","10.627687","129.483188","1000","THB","Registered","-"
"PEA393A","3.42","27-Mar-2039","13.326027","Straight","Fixed","","","-","-","-","-","-","-","2.604358","67.191620","2.604358","-","109.140779","0.609041","10.735336","136.342442","1000","THB","Registered","-"
"PEA395A","3.7","23-May-2039","13.482192","Straight","Fixed","","","-","-","-","-","-","-","2.609075","67.783965","2.609075","-","112.340971","0.081096","10.764625","137.487155","1000","THB","Registered","-"
"PEA408A","3.84","25-Aug-2040","14.742466","Straight","Fixed","","","-","-","-","-","-","-","2.730064","76.823830","2.730064","-","113.372758","1.031014","11.370596","156.583842","1000","THB","Registered","-"
"PEA40OA","3.12","28-Oct-2040","14.917808","Straight","Fixed","","","30-Mar-22","4.177000","-","-","-","-","2.748665","76.322285","2.748665","-","104.518882","0.290630","11.910637","167.909810","1000","THB","Registered","-"
"PEA41NA","3.67","30-Nov-2041","16.008219","Straight","Fixed","","","30-Nov-23","4.000000","-","-","-","-","2.846272","76.772805","2.846272","-","110.539031","0.010055","12.274854","181.984787","1000","THB","Registered","-"
"PEA429A","4.57","20-Sep-2042","16.813699","Straight","Fixed","","","-","-","-","-","-","-","3.074445","93.621391","3.074445","-","119.522333","0.901479","12.098755","183.469683","1000","THB","Registered","-"
"PWA293A","2.817","29-Mar-2029","3.326027","Straight","Fixed","","","-","-","-","-","-","-","2.009283","72.441100","2.009283","-","102.594055","0.486222","3.151418","11.771496","1000","THB","Registered","-"
"PWA29NA","2.039","13-Nov-2029","3.953425","Straight","Fixed","","","-","-","-","-","-","-","2.062488","72.966227","2.062488","-","99.919294","0.100553","3.769156","16.394492","1000","THB","Registered","-"
"PWA319A","2.22","02-Sep-2031","5.756164","Straight","Fixed","","","-","-","-","-","-","-","2.213484","78.005251","2.213484","-","100.042592","0.547397","5.340941","32.370715","1000","THB","Registered","-"
"PWA328A","3.82","22-Aug-2032","6.728767","Straight","Fixed","","","22-Aug-22","3.820000","-","-","-","-","2.335559","78.196926","2.335559","-","109.173487","1.057041","5.909236","40.627088","1000","THB","Registered","-"
"PWA335A","3.25","29-May-2033","7.495890","Straight","Fixed","","","-","-","-","-","-","-","2.384748","78.200782","2.384748","-","105.916318","0.017808","6.654286","50.630264","1000","THB","Registered","-"
"PWA339A","3.51","25-Sep-2033","7.821918","Straight","Fixed","","","-","-","-","-","-","-","2.412881","79.412295","2.412881","-","107.781134","0.644301","6.817754","53.709085","1000","THB","Registered","-"
"PWA346A","3.51","07-Jun-2034","8.520548","Straight","Fixed","","","-","-","-","-","-","-","2.457533","81.065390","2.457533","-","108.043471","-0.057699","7.397751","62.956878","1000","THB","Registered","-"
"SME26NA","1.99","08-Nov-2026","0.936986","Straight","Fixed","","","-","-","-","-","-","-","1.635521","37.302580","1.635521","-","100.334559","0.125397","0.920432","1.306074","1000","THB","Registered","-"
"SME27DA","2.37","20-Dec-2027","2.052055","Straight","Fixed","","","-","-","-","-","-","-","1.633959","37.559456","1.633959","-","101.475724","1.064877","1.978623","4.977759","1000","THB","Registered","-"
"Government Related Entity Bonds"
"NEDA299A","2.1","10-Sep-2029","3.778082","Straight","Fixed","","","-","-","-","-","-","-","1.926671","60.453970","1.926671","-","100.634953","0.471781","3.594695","15.032299","1000","THB","Registered","-"
"Corporate Bonds"
"ABPSPV264A","4.01","21-Apr-2026","0.386301","Straight","Fixed","A-","","04-Apr-23","3.750000","-","-","-","-","2.905304","167.459360","2.905304","-","100.424281","0.450438","0.380770","0.332645","1000","THB","Registered","-"
"ABPSPV274A","4.17","21-Apr-2027","1.386301","Straight","Fixed","A-","","24-Jun-25","3.400000","-","-","-","-","3.173774","193.563138","3.173774","-","101.343582","0.468411","1.334929","2.462618","1000","THB","Registered","-"
"ABPSPV284A","4.33","21-Apr-2028","2.389041","Straight","Fixed","A-","","21-Feb-20","2.276000","-","-","-","-","3.291451","204.441742","3.291451","-","102.367640","0.486384","2.247063","6.293775","1000","THB","Registered","-"
"ABPSPV294A","4.35","21-Apr-2029","3.389041","Straight","Fixed","A-","","21-Feb-20","2.461000","-","-","-","-","3.371713","210.225319","3.371713","-","103.108774","0.488630","3.121968","11.685825","1000","THB","Registered","-"
"ABPSPV304A","4.48","21-Apr-2030","4.389041","Straight","Fixed","A-","","21-Feb-20","2.577000","-","-","-","-","3.525969","220.519633","3.525969","-","103.848572","0.503233","3.950468","18.431513","1000","THB","Registered","-"
"ABPSPV324A","4.79","21-Apr-2032","6.391781","Straight","Fixed","A-","","21-Feb-20","2.707000","-","-","-","-","3.748840","226.405959","3.748840","-","105.867272","0.538055","5.474154","35.332708","1000","THB","Registered","-"
"ACE26OA","4.9","18-Oct-2026","0.879452","Straight","Fixed","","","-","-","-","-","-","-","3.521461","231.566872","3.521461","-","101.179962","0.590685","0.856102","0.955018","1000","THB","Registered","-"
"ACPG26NA","6.6","28-Nov-2026","0.991781","Straight","Fixed","","","-","-","-","-","-","-","5.865632","474.709643","5.865632","-","100.690125","0.054247","0.955831","1.162197","1000","THB","Registered","-"
"ACPG273A","7","28-Mar-2027","1.320548","Straight","Fixed","","","-","-","-","-","-","-","6.504902","541.969179","6.504902","-","100.625074","1.227397","1.241018","1.897694","1000","THB","Registered","-"
"ADVANC265A","1.58","07-May-2026","0.430137","Straight","Fixed","","AAA(tha)","27-Nov-25","1.430000","-","-","-","-","1.429998","18.238740","1.429998","-","100.070251","0.103890","0.427083","0.394426","1000","THB","Registered","-"
"ADVANC265B","2.71","12-May-2026","0.443836","Straight","Fixed","","AAA(tha)","24-Nov-25","1.455000","-","-","-","-","1.431009","18.312463","1.431009","-","100.574511","0.141068","0.440683","0.412977","1000","THB","Registered","-"
"ADVANC27NA","2.54","13-Nov-2027","1.950685","Straight","Fixed","","AAA(tha)","15-Oct-25","1.460000","-","-","-","-","1.519107","25.730122","1.519107","-","101.960840","0.125260","1.895295","4.573770","1000","THB","Registered","-"
"ADVANC285A","2.14","07-May-2028","2.432877","Straight","Fixed","","AAA(tha)","27-Nov-25","1.570000","-","-","-","-","1.573425","30.653284","1.573425","-","101.353970","0.140712","2.359623","6.812679","1000","THB","Registered","-"
"ADVANC285B","3.15","12-May-2028","2.446575","Straight","Fixed","","AAA(tha)","17-Nov-25","1.620000","-","-","-","-","1.569450","30.237511","1.569450","-","103.787289","0.163973","2.350739","6.797232","1000","THB","Registered","-"
"ADVANC28NA","2.74","13-Nov-2028","2.953425","Straight","Fixed","","AAA(tha)","09-May-25","1.935000","-","-","-","-","1.613603","33.452612","1.613603","-","103.239382","0.135123","2.826136","9.556169","1000","THB","Registered","-"
"ADVANC29NA","2.76","13-Nov-2029","3.953425","Straight","Fixed","","AAA(tha)","21-Nov-25","1.900000","-","-","-","-","1.860867","52.716108","1.860867","-","103.416812","0.136110","3.730206","16.178240","1000","THB","Registered","-"
"ADVANC305A","3.4","12-May-2030","4.446575","Straight","Fixed","","AAA(tha)","14-Feb-25","2.540000","-","-","-","-","1.870269","52.422723","1.870269","-","106.507159","0.176986","4.126841","19.778222","1000","THB","Registered","-"
"ADVANC30NA","1.92","13-Nov-2030","4.953425","Straight","Fixed","","AAA(tha)","-","-","-","-","-","-","1.911526","52.818646","1.911526","-","100.047271","0.094685","4.693162","24.960172","1000","THB","Registered","-"
"ADVANC315A","2.69","07-May-2031","5.432877","Straight","Fixed","","AAA(tha)","24-Oct-25","1.930000","-","-","-","-","1.938540","52.233543","1.938540","-","103.865689","0.176877","5.038694","28.954326","1000","THB","Registered","-"
"ADVANC31NA","2.92","13-Nov-2031","5.953425","Straight","Fixed","","AAA(tha)","02-Oct-25","1.780000","-","-","-","-","2.020666","57.769808","2.020666","-","105.026639","0.144000","5.452273","33.902737","1000","THB","Registered","-"
"ADVANC32NA","2.29","13-Nov-2032","6.956164","Straight","Fixed","","AAA(tha)","20-Nov-25","2.195000","-","-","-","-","2.163219","57.937853","2.163219","-","100.822470","0.112932","6.387526","45.908562","1000","THB","Registered","-"
"ADVANC335A","3.7","12-May-2033","7.449315","Straight","Fixed","","AAA(tha)","17-Jul-25","2.030000","-","-","-","-","2.230113","63.080892","2.230113","-","110.044518","0.192603","6.538842","49.297741","1000","THB","Registered","-"
"ADVANC34NA","3.22","13-Nov-2034","8.956164","Straight","Fixed","","AAA(tha)","22-Oct-25","2.285000","-","-","-","-","2.336629","67.339054","2.336629","-","107.106902","0.158795","7.786288","69.552807","1000","THB","Registered","-"
"ADVANC35NA","2.47","13-Nov-2035","9.956164","Straight","Fixed","","AAA(tha)","27-Nov-25","2.471086","-","-","-","-","2.493830","80.215794","2.493830","-","99.800650","0.121808","8.757627","86.864959","1000","THB","Registered","-"
"AEON262A","3.18","24-Feb-2026","0.232877","Straight","Fixed","","A-(tha)","24-Nov-25","1.650000","-","-","-","-","1.644866","40.159768","1.644866","-","100.340667","0.862521","0.230977","0.167897","1000","THB","Registered","-"
"AFIVE262A","7.25","02-Feb-2026","0.172603","Straight","Fixed","","","-","-","-","-","-","-","6.217222","511.279306","6.217222","-","100.158069","0.576027","0.169961","0.070727","1000","THB","Registered","-"
"AFIVE272A","7.5","08-Feb-2027","1.189041","Straight","Fixed","","","-","-","-","-","-","-","7.500476","645.277160","7.500476","-","99.980846","0.472603","1.122814","1.567126","1000","THB","Registered","-"
"AFIVE278A","7.5","07-Aug-2027","1.682192","Straight","Fixed","","","-","-","-","-","-","-","7.411602","637.642676","7.411602","-","100.120248","0.493151","1.563693","2.919190","1000","THB","Registered","-"
"AGE261A","7.1","31-Jan-2026","0.167123","Straight","Fixed","","","-","-","-","-","-","-","6.342023","524.343293","6.342023","-","100.107343","0.603014","0.164515","0.067552","1000","THB","Registered","-"
"AGE267A","6.9","30-Jul-2026","0.660274","Straight","Fixed","","","-","-","-","-","-","-","6.539692","548.741929","6.539692","-","100.215077","0.604932","0.641271","0.573918","1000","THB","Registered","-"
"AGE271A","7","31-Jan-2027","1.167123","Straight","Fixed","","","-","-","-","-","-","-","6.255128","514.177445","6.255128","-","100.814736","0.594521","1.107756","1.528812","1000","THB","Registered","-"
"AGE27OA","7.2","31-Oct-2027","1.915068","Straight","Fixed","","","-","-","-","-","-","-","6.458374","536.065995","6.458374","-","101.309267","0.611507","1.770046","3.699765","1000","THB","Registered","-"
"AGE284A","7.25","30-Apr-2028","2.413699","Straight","Fixed","","","-","-","-","-","-","-","6.981734","589.917307","6.981734","-","100.572900","0.635616","2.185883","5.575157","1000","THB","Registered","-"
"AMATA27OA","3.7","01-Oct-2027","1.832877","Straight","Fixed","A-","","21-Apr-25","2.820000","-","-","-","-","2.479698","122.924667","2.479698","-","102.174389","0.618356","1.756611","4.011115","1000","THB","Registered","-"
"AMATA288A","4","03-Aug-2028","2.673973","Straight","Fixed","A-","","-","-","-","-","-","-","2.589271","133.198525","2.589271","-","103.604453","1.315068","2.503016","7.732888","1000","THB","Registered","-"
"ANAN19PA","8.81","29-Mar-2119","93.383562","Straight","Fixed","B+","","-","-","-","-","-","-","-","-","-","-","105.759014","-","-","-","1000","THB","Registered","-"
"ANAN20PA","10.11","19-Aug-2120","94.778082","Straight","Fixed","B+","","-","-","-","-","-","-","-","-","-","-","101.976234","-","-","-","1000","THB","Registered","-"
"ANAN21PA","9.6","07-May-2121","95.493151","Straight","Fixed","B+","","-","-","-","-","-","-","-","-","-","-","100.297832","-","-","-","1000","THB","Registered","-"
"ANAN261A","5.8","15-Jan-2026","0.123288","Straight","Fixed","BB+","","-","-","-","-","-","-","5.988652","487.216172","5.988652","-","99.980716","-0.143014","0.121469","0.044674","1000","THB","Registered","-"
"ANAN269A","6.75","11-Sep-2026","0.778082","Straight","Fixed","","","-","-","-","-","-","-","6.753392","566.143213","6.753392","-","99.999164","-0.184932","0.752318","0.755790","1000","THB","Registered","-"
"ANAN272A","7.25","09-Feb-2027","1.191781","Straight","Fixed","","","-","-","-","-","-","-","6.958306","588.048742","6.958306","-","100.313174","0.436986","1.128518","1.580814","1000","THB","Registered","-"
"AP261A","3.51","21-Jan-2026","0.139726","Straight","Fixed","A","","05-Nov-25","1.610000","-","-","-","-","1.603610","35.825088","1.603610","-","100.249178","1.278986","0.138615","0.087970","1000","THB","Registered","-"
"AP262A","2.97","24-Feb-2026","0.232877","Straight","Fixed","A","","26-Nov-25","1.610000","-","-","-","-","1.608625","36.506250","1.608625","-","100.301490","0.805562","0.231019","0.167957","1000","THB","Registered","-"
"AP267A","3.49","27-Jul-2026","0.652055","Straight","Fixed","A","","-","-","-","-","-","-","1.724711","48.603900","1.724711","-","101.130927","1.214329","0.642125","0.734749","1000","THB","Registered","-"
"AP267B","3.26","19-Jul-2026","0.630137","Straight","Fixed","A","","14-Nov-25","1.730000","-","-","-","-","1.711920","47.389292","1.711920","-","100.957658","1.205753","0.620972","0.697307","1000","THB","Registered","-"
"AP26DA","3.28","24-Dec-2026","1.063014","Straight","Fixed","A","","12-Nov-25","1.800000","-","-","-","-","1.779748","53.201273","1.779748","-","101.565192","0.889644","1.039295","1.607492","1000","THB","Registered","-"
"AP271A","3.23","18-Jan-2027","1.131507","Straight","Fixed","A","","11-Nov-25","1.900000","-","-","-","-","1.871278","61.732518","1.871278","-","101.499510","1.203507","1.097779","1.767590","1000","THB","Registered","-"
"AP277A","3.57","19-Jul-2027","1.630137","Straight","Fixed","A","","11-Nov-25","1.950000","-","-","-","-","1.883723","63.381462","1.883723","-","102.684984","1.320411","1.568435","3.292900","1000","THB","Registered","-"
"AP277B","3.21","17-Jul-2027","1.624658","Straight","Fixed","A","","24-Nov-25","1.900000","-","-","-","-","1.880682","63.075537","1.880682","-","102.107883","1.204849","1.567819","3.285591","1000","THB","Registered","-"
"AP281A","3","21-Jan-2028","2.139726","Straight","Fixed","A","","19-Nov-25","2.050000","-","-","-","-","1.949425","69.658359","1.949425","-","102.181575","1.076712","2.052178","5.328262","1000","THB","Registered","-"
"AP282A","0","09-Feb-2028","2.191781","Straight","Fixed","A","","03-Oct-25","1.900000","-","-","-","-","1.948223","69.061451","1.948223","-","95.839608","0.000000","2.170636","5.786510","1000","THB","Registered","-"
"AP287A","3.39","17-Jul-2028","2.627397","Straight","Fixed","A","","04-Jul-25","2.390000","-","-","-","-","1.964656","70.072822","1.964656","-","103.618903","1.272411","2.485021","7.607218","1000","THB","Registered","-"
"AP287B","0","14-Jul-2028","2.619178","Straight","Fixed","A","","25-Nov-25","1.940000","-","-","-","-","1.949068","68.466072","1.949068","-","95.044119","0.000000","2.595256","8.020460","1000","THB","Registered","-"
"AP291A","0","12-Jan-2029","3.117808","Straight","Fixed","A","","27-Nov-25","2.110000","-","-","-","-","2.118132","84.043219","2.118132","-","93.647325","0.000000","3.082424","11.026396","1000","THB","Registered","-"
"AP297A","2.7","13-Jul-2029","3.616438","Straight","Fixed","A","","15-Aug-25","2.260000","-","-","-","-","2.277167","97.614409","2.277167","-","101.446490","1.020822","3.396285","13.620725","1000","THB","Registered","-"
"ASAHI267A","5.5","20-Jul-2026","0.632877","Straight","Fixed","","","-","-","-","-","-","-","5.286919","413.541008","5.286919","-","100.124561","2.004110","0.607523","0.671213","1000","THB","Registered","-"
"ASIA265A","7","30-May-2026","0.493151","Straight","Fixed","","","-","-","-","-","-","-","5.867034","479.468816","5.867034","-","100.571190","0.019178","0.482471","0.352676","1000","THB","Registered","-"
"ASIA27OA","6.5","01-Oct-2027","1.832877","Straight","Fixed","","","-","-","-","-","-","-","6.597253","550.683794","6.597253","-","99.816876","1.086301","1.698378","3.423379","1000","THB","Registered","-"
"ASK25DA","0","11-Dec-2025","0.027397","Straight","Fixed","","A(tha)","15-Dec-22","3.330000","-","-","-","-","1.774652","52.630358","1.774652","-","99.951606","0.000000","0.027156","0.014196","1000","THB","Registered","-"
"ASK25DB","0","26-Dec-2025","0.068493","Straight","Fixed","","A(tha)","12-Nov-25","1.780000","-","-","-","-","1.775475","52.891403","1.775475","-","99.879002","0.000000","0.067890","0.038256","1000","THB","Registered","-"
"ASK263A","3.3","03-Mar-2026","0.252055","Straight","Fixed","","A(tha)","-","-","-","-","-","-","2.120070","88.128967","2.120070","-","100.306443","0.804658","0.249411","0.185603","1000","THB","Registered","-"
"ASK264A","0","09-Apr-2026","0.353425","Straight","Fixed","","A(tha)","27-Oct-25","2.160000","-","-","-","-","2.143198","90.350932","2.143198","-","99.249402","0.000000","0.349678","0.295259","1000","THB","Registered","-"
"ASK264B","3.21","11-Apr-2026","0.358904","Straight","Fixed","","A(tha)","27-Nov-25","2.150000","-","-","-","-","2.150206","91.049043","2.150206","-","100.379546","0.448521","0.355087","0.301741","1000","THB","Registered","-"
"ASK266A","0","23-Jun-2026","0.558904","Straight","Fixed","","A(tha)","08-Feb-24","3.300000","-","-","-","-","2.223649","98.640443","2.223649","-","98.768666","0.000000","0.554113","0.581052","1000","THB","Registered","-"
"ASK267A","0","17-Jul-2026","0.624658","Straight","Fixed","","A(tha)","17-Sep-25","2.267500","-","-","-","-","2.225267","99.597651","2.225267","-","98.618188","0.000000","0.621848","0.694198","1000","THB","Registered","-"
"ASK267B","3.44","19-Jul-2026","0.630137","Straight","Fixed","","A(tha)","-","-","-","-","-","-","2.234819","99.076498","2.234819","-","100.742617","1.555068","0.613526","0.685236","1000","THB","Registered","-"
"ASK268A","0","28-Aug-2026","0.739726","Straight","Fixed","","A(tha)","06-Sep-24","3.380000","-","-","-","-","2.291347","105.847131","2.291347","-","98.319583","0.000000","0.735410","0.904368","1000","THB","Registered","-"
"ASK269A","3.7","21-Sep-2026","0.805479","Straight","Fixed","","A(tha)","-","-","-","-","-","-","2.315466","105.694194","2.315466","-","101.105694","0.719726","0.783280","1.005014","1000","THB","Registered","-"
"ASK26NA","0","16-Nov-2026","0.958904","Straight","Fixed","","A(tha)","28-Oct-25","2.325000","-","-","-","-","2.329194","107.042849","2.329194","-","97.813213","0.000000","0.943803","1.357233","1000","THB","Registered","-"
"ASK273A","3.71","03-Mar-2027","1.252055","Straight","Fixed","","A(tha)","19-Aug-25","2.350000","-","-","-","-","2.469404","122.143731","2.469404","-","101.532706","0.904630","1.210226","2.083573","1000","THB","Registered","-"
"ASK276A","3.75","22-Jun-2027","1.556164","Straight","Fixed","","A(tha)","24-Nov-25","2.570000","-","-","-","-","2.552035","130.712401","2.552035","-","101.811580","1.664384","1.484762","2.996130","1000","THB","Registered","-"
"ASK277A","0","09-Jul-2027","1.602740","Straight","Fixed","","A(tha)","09-Jul-25","2.640000","-","-","-","-","2.556855","131.625579","2.556855","-","95.999769","0.000000","1.586566","3.300462","1000","THB","Registered","-"
"ASK279A","4.1","21-Sep-2027","1.805479","Straight","Fixed","","A(tha)","07-Oct-25","2.430000","-","-","-","-","2.563571","131.023613","2.563571","-","102.701673","0.797534","1.720842","3.874197","1000","THB","Registered","-"
"ASK27NA","4.06","30-Nov-2027","1.997260","Straight","Fixed","","A(tha)","-","-","-","-","-","-","2.571153","132.333184","2.571153","-","102.891281","0.011123","1.910640","4.656565","1000","THB","Registered","-"
"ASK27DA","4","08-Dec-2027","2.019178","Straight","Fixed","","A(tha)","-","-","-","-","-","-","2.586273","133.834144","2.586273","-","102.764452","-0.076712","1.936964","4.769964","1000","THB","Registered","-"
"ASK282A","3.83","14-Feb-2028","2.205479","Straight","Fixed","","A(tha)","17-May-24","3.700000","-","-","-","-","2.634395","138.478282","2.634395","-","102.526721","1.143753","2.087307","5.512007","1000","THB","Registered","-"
"ASK284A","3.71","11-Apr-2028","2.361644","Straight","Fixed","","A(tha)","-","-","-","-","-","-","2.638577","138.301480","2.638577","-","102.437426","0.518384","2.241246","6.250934","1000","THB","Registered","-"
"ASK286A","3.94","19-Jun-2028","2.550685","Straight","Fixed","","A(tha)","-","-","-","-","-","-","2.781231","152.596388","2.781231","-","102.826202","1.781096","2.377752","7.056052","1000","THB","Registered","-"
"ASK298A","4","30-Aug-2029","3.747945","Straight","Fixed","","A(tha)","-","-","-","-","-","-","3.002642","169.819204","3.002642","-","103.508663","1.019178","3.434071","14.051892","1000","THB","Registered","-"
"ASW262A","5.85","24-Feb-2026","0.232877","Straight","Fixed","","","08-Jul-24","5.980000","-","-","-","-","4.466170","329.149605","4.466170","-","100.306286","0.112192","0.230305","0.109981","1000","THB","Registered","-"
"ASW267A","5.95","06-Jul-2026","0.594521","Straight","Fixed","","","-","-","-","-","-","-","4.505559","335.863557","4.505559","-","100.834207","0.912877","0.581208","0.485808","1000","THB","Registered","-"
"ASW268A","5.4","08-Aug-2026","0.684932","Straight","Fixed","","","-","-","-","-","-","-","4.528890","337.701118","4.528890","-","100.575197","0.340274","0.671527","0.620898","1000","THB","Registered","-"
"ASW26DA","5.4","19-Dec-2026","1.049315","Straight","Fixed","","","-","-","-","-","-","-","4.740508","356.319526","4.740508","-","100.673652","1.080000","1.004702","1.280667","1000","THB","Registered","-"
"ASW272A","6","03-Feb-2027","1.175342","Straight","Fixed","","","-","-","-","-","-","-","4.997881","383.010740","4.997881","-","101.124513","0.969863","1.119181","1.560193","1000","THB","Registered","-"
"ASW274A","5.4","04-Apr-2027","1.339726","Straight","Fixed","","","-","-","-","-","-","-","5.116709","396.629201","5.116709","-","100.352366","0.858082","1.277852","1.989979","1000","THB","Registered","-"
"ASW277A","5.4","25-Jul-2027","1.646575","Straight","Fixed","","","-","-","-","-","-","-","5.365048","422.445988","5.365048","-","100.041615","0.547397","1.561368","2.891109","1000","THB","Registered","-"
"ASW278A","6","08-Aug-2027","1.684932","Straight","Fixed","","","-","-","-","-","-","-","5.365964","422.531110","5.365964","-","101.003142","0.378082","1.592454","3.003133","1000","THB","Registered","-"
"ASW27DA","6","19-Dec-2027","2.049315","Straight","Fixed","","","-","-","-","-","-","-","5.394186","423.969874","5.394186","-","101.170429","1.200000","1.896221","4.225055","1000","THB","Registered","-"
"ASW281A","5.5","31-Jan-2028","2.167123","Straight","Fixed","","","-","-","-","-","-","-","5.433992","428.016135","5.433992","-","100.120734","0.467123","2.021477","4.735837","1000","THB","Registered","-"
"ASW284A","6","04-Apr-2028","2.342466","Straight","Fixed","","","-","-","-","-","-","-","5.730863","458.820595","5.730863","-","100.571381","0.953425","2.153043","5.389356","1000","THB","Registered","-"
"ASW287A","6","25-Jul-2028","2.649315","Straight","Fixed","","","-","-","-","-","-","-","5.872224","473.171866","5.872224","-","100.296598","0.608219","2.421074","6.755472","1000","THB","Registered","-"
"ASW289A","6","30-Sep-2028","2.832877","Straight","Fixed","","","-","-","-","-","-","-","5.879081","473.527237","5.879081","-","100.300876","0.509589","2.577108","7.630732","1000","THB","Registered","-"
"ATV273A","5.9","28-Mar-2027","1.320548","Straight","Fixed","","","-","-","-","-","-","-","5.402882","426.463346","5.402882","-","100.633057","1.034521","1.253801","1.926307","1000","THB","Registered","-"
"AURA278A","4.5","08-Aug-2027","1.684932","Straight","Fixed","BBB","","-","-","-","-","-","-","4.471810","329.524081","4.471810","-","100.035216","0.283562","1.613683","3.060794","1000","THB","Registered","-"
"AWN265A","2.78","11-May-2026","0.441096","Straight","Fixed","","AAA(tha)","18-Nov-25","1.530000","-","-","-","-","1.521681","27.452110","1.521681","-","100.561971","0.152329","0.437765","0.408868","1000","THB","Registered","-"
"AWN27NA","3.35","30-Nov-2027","1.997260","Straight","Fixed","","AAA(tha)","05-Nov-25","1.700000","-","-","-","-","1.612769","35.480303","1.612769","-","103.407731","0.009178","1.929641","4.733508","1000","THB","Registered","-"
"AYCAL265A","1.69","25-May-2026","0.479452","Straight","Fixed","AA+","","10-Nov-25","1.485000","-","-","-","-","1.528967","28.112693","1.528967","-","100.083452","0.027781","0.475815","0.462502","1000","THB","Registered","-"
"AYCAL265B","2.96","24-May-2026","0.476712","Straight","Fixed","AA+","","27-Nov-25","1.520000","-","-","-","-","1.519950","27.208997","1.519950","-","100.693348","0.056767","0.473117","0.458614","1000","THB","Registered","-"
"AYCAL271A","2.64","23-Jan-2027","1.145205","Straight","Fixed","AA+","","19-Mar-24","2.880000","-","-","-","-","1.784561","52.974219","1.784561","-","100.953395","0.947507","1.115925","1.813787","1000","THB","Registered","-"
"BAFS23PA","6.85","07-Jul-2123","97.660274","Straight","Fixed","","BB+(tha)","08-Oct-24","-","-","-","-","-","-","-","-","-","106.136714","-","-","-","1000","THB","Registered","-"
"BAFS292A","4.75","15-Feb-2029","3.210959","Straight","Fixed","","BBB(tha)","-","-","-","-","-","-","4.461426","321.290377","4.461426","-","100.875702","0.208219","2.937800","10.414903","1000","THB","Registered","-"
"BAFS302A","2.75","07-Feb-2030","4.189041","Straight","Fixed","","BBB(tha)","-","-","-","-","-","-","4.713437","342.118782","4.713437","-","92.603913","0.873973","3.846788","17.301389","1000","THB","Registered","-"
"BAM264A","3.05","09-Apr-2026","0.353425","Straight","Fixed","A-","","26-Sep-25","2.470000","-","-","-","-","2.206919","96.792336","2.206919","-","100.297632","0.442877","0.349567","0.295073","1000","THB","Registered","-"
"BAM264B","3.24","04-Apr-2026","0.339726","Straight","Fixed","A-","","25-Nov-24","3.080000","-","-","-","-","2.201322","96.250625","2.201322","-","100.352145","0.514849","0.336028","0.279099","1000","THB","Registered","-"
"BAM265A","3.24","17-May-2026","0.457534","Straight","Fixed","A-","","27-Nov-25","2.200000","-","-","-","-","2.199958","95.878130","2.199958","-","100.483523","0.124274","0.452556","0.428623","1000","THB","Registered","-"
"BAM267A","3.47","27-Jul-2026","0.652055","Straight","Fixed","A-","","29-Oct-25","2.470000","-","-","-","-","2.499573","127.406044","2.499573","-","100.611108","1.207370","0.639683","0.729156","1000","THB","Registered","-"
"BAM267B","3.41","16-Jul-2026","0.621918","Straight","Fixed","A-","","06-Nov-25","2.540000","-","-","-","-","2.499994","127.588934","2.499994","-","100.545765","1.289260","0.610056","0.677434","1000","THB","Registered","-"
"BAM26OA","3.73","12-Oct-2026","0.863014","Straight","Fixed","A-","","-","-","-","-","-","-","2.519380","127.019750","2.519380","-","101.028282","0.510959","0.841937","1.128947","1000","THB","Registered","-"
"BAM26DA","2.6","02-Dec-2026","1.002740","Straight","Fixed","A-","","17-Apr-25","2.920000","-","-","-","-","2.520393","127.390119","2.520393","-","100.078383","-0.007123","0.983926","1.457039","1000","THB","Registered","-"
"BAM274A","3.54","27-Apr-2027","1.402740","Straight","Fixed","A-","","03-Sep-25","2.350000","-","-","-","-","2.536375","128.911992","2.536375","-","101.377635","0.339452","1.359765","2.540627","1000","THB","Registered","-"
"BAM274B","3.36","04-Apr-2027","1.339726","Straight","Fixed","A-","","28-Nov-25","2.530000","-","-","-","-","2.530000","128.274681","2.530000","-","101.088900","0.533918","1.298812","2.347551","1000","THB","Registered","-"
"BAM276A","3.92","23-Jun-2027","1.558904","Straight","Fixed","A-","","27-Nov-25","3.060000","-","-","-","-","3.056585","181.920550","3.056585","-","101.298878","1.729096","1.481238","2.984513","1000","THB","Registered","-"
"BAM277A","3.52","16-Jul-2027","1.621918","Straight","Fixed","A-","","08-Oct-25","2.450000","-","-","-","-","2.524358","128.321257","2.524358","-","101.559891","1.330849","1.555661","3.243599","1000","THB","Registered","-"
"BAM279A","3.91","08-Sep-2027","1.769863","Straight","Fixed","A-","","10-Oct-25","2.950000","-","-","-","-","3.070450","182.299323","3.070450","-","101.444657","0.899836","1.683632","3.724547","1000","THB","Registered","-"
"BAM279B","0","24-Sep-2027","1.813699","Straight","Fixed","A-","","06-Oct-25","2.490000","-","-","-","-","2.542932","128.925725","2.542932","-","95.530317","0.000000","1.786870","4.075121","1000","THB","Registered","-"
"BAM27NA","3.83","25-Nov-2027","1.983562","Straight","Fixed","A-","","10-Nov-25","2.490000","-","-","-","-","2.512127","125.818021","2.512127","-","102.544677","0.062959","1.900710","4.610948","1000","THB","Registered","-"
"BAM284A","3.48","09-Apr-2028","2.356164","Straight","Fixed","A-","","08-Aug-25","2.990000","-","-","-","-","2.731249","147.689075","2.731249","-","101.697831","0.505315","2.239655","6.236046","1000","THB","Registered","-"
"BAM284B","0","04-Apr-2028","2.342466","Straight","Fixed","A-","","09-Apr-25","3.350000","-","-","-","-","2.710934","145.625509","2.710934","-","93.894122","0.000000","2.308436","6.467659","1000","THB","Registered","-"
"BAM285A","3.55","17-May-2028","2.460274","Straight","Fixed","A-","","19-Jan-24","3.700000","-","-","-","-","2.730951","147.481041","2.730951","-","101.947700","0.136164","2.340853","6.751501","1000","THB","Registered","-"
"BAM286A","4.3","21-Jun-2028","2.556164","Straight","Fixed","A-","","05-Jul-23","4.300000","-","-","-","-","3.524975","228.100820","3.524975","-","101.869995","1.920274","2.361641","6.985787","1000","THB","Registered","-"
"BAM289A","0","25-Sep-2028","2.819178","Straight","Fixed","A-","","07-Oct-25","2.610000","-","-","-","-","2.737951","147.077551","2.737951","-","92.637340","0.000000","2.774349","9.065451","1000","THB","Registered","-"
"BAM28OA","4.17","12-Oct-2028","2.865753","Straight","Fixed","A-","","08-Aug-25","3.095000","-","-","-","-","2.886858","162.406919","2.886858","-","103.502868","0.571233","2.677089","8.727136","1000","THB","Registered","-"
"BAM28DA","3.13","02-Dec-2028","3.005479","Straight","Fixed","A-","","21-Nov-22","4.000000","-","-","-","-","2.971737","170.808269","2.971737","-","100.451501","-0.008575","2.847515","9.701119","1000","THB","Registered","-"
"BAM294A","3.92","27-Apr-2029","3.405479","Straight","Fixed","A-","","-","-","-","-","-","-","3.044773","176.947174","3.044773","-","102.811897","0.375890","3.162417","11.929647","1000","THB","Registered","-"
"BAM294B","3.41","04-Apr-2029","3.342466","Straight","Fixed","A-","","20-Nov-25","3.100000","-","-","-","-","3.016714","174.331329","3.016714","-","101.242492","0.541863","3.122765","11.621739","1000","THB","Registered","-"
"BAM297A","3.6","18-Jul-2029","3.630137","Straight","Fixed","A-","","24-Jun-25","3.440000","-","-","-","-","3.137829","185.063100","3.137829","-","101.557137","1.341370","3.342555","13.342376","1000","THB","Registered","-"
"BAM297B","3.6","16-Jul-2029","3.624658","Straight","Fixed","A-","","-","-","-","-","-","-","3.143216","185.661189","3.143216","-","101.536467","1.361096","3.337044","13.302843","1000","THB","Registered","-"
"BAM304A","3.79","09-Apr-2030","4.356164","Straight","Fixed","A-","","11-Jun-21","3.500000","-","-","-","-","3.225106","190.003928","3.225106","-","102.279384","0.550329","3.973231","18.521781","1000","THB","Registered","-"
"BAM304B","3.73","04-Apr-2030","4.342466","Straight","Fixed","A-","","22-May-25","3.728082","-","-","-","-","3.232755","190.827256","3.232755","-","102.000227","0.592712","3.963719","18.432429","1000","THB","Registered","-"
"BAM305A","3.6","17-May-2030","4.460274","Straight","Fixed","A-","","-","-","-","-","-","-","3.235070","190.514687","3.235070","-","101.517241","0.138082","4.088711","19.480233","1000","THB","Registered","-"
"BAM307A","4.08","27-Jul-2030","4.654795","Straight","Fixed","A-","","-","-","-","-","-","-","3.237970","190.066555","3.237970","-","103.592083","1.419616","4.171690","20.581518","1000","THB","Registered","-"
"BAM30OA","4.29","12-Oct-2030","4.865753","Straight","Fixed","A-","","-","-","-","-","-","-","3.268549","191.350577","3.268549","-","104.559605","0.587671","4.355726","22.281470","1000","THB","Registered","-"
"BAM30NA","3.92","05-Nov-2030","4.931507","Straight","Fixed","A-","","16-Jun-21","3.560000","-","-","-","-","3.273040","191.074916","3.273040","-","102.934653","0.279233","4.448041","23.068691","1000","THB","Registered","-"
"BAM30NB","4.23","25-Nov-2030","4.986301","Straight","Fixed","A-","","22-Oct-25","3.255000","-","-","-","-","3.284366","191.867288","3.284366","-","104.328067","0.069534","4.475982","23.391616","1000","THB","Registered","-"
"BAM317A","3.78","18-Jul-2031","5.630137","Straight","Fixed","A-","","15-Jul-22","4.200000","-","-","-","-","3.398109","199.488998","3.398109","-","101.923811","1.408438","4.978245","29.058498","1000","THB","Registered","-"
"BAM324A","4.37","27-Apr-2032","6.408219","Straight","Fixed","A-","","27-Oct-25","3.482500","-","-","-","-","3.485792","199.088413","3.485792","-","105.038059","0.419041","5.556977","36.136224","1000","THB","Registered","-"
"BAM335A","4.22","17-May-2033","7.463014","Straight","Fixed","A-","","22-Jul-25","3.510000","-","-","-","-","3.598105","202.138484","3.598105","-","104.052009","0.161863","6.373122","47.457115","1000","THB","Registered","-"
"BAM33OA","4.64","12-Oct-2033","7.868493","Straight","Fixed","A-","","-","-","-","-","-","-","3.622556","202.811978","3.622556","-","106.908920","0.635616","6.565272","50.990761","1000","THB","Registered","-"
"BAM344A","3.85","04-Apr-2034","8.345205","Straight","Fixed","A-","","23-Sep-25","3.260000","-","-","-","-","3.649019","202.910775","3.649019","-","101.435434","0.611781","7.050727","58.180316","1000","THB","Registered","-"
"BAM347A","3.92","18-Jul-2034","8.632877","Straight","Fixed","A-","","05-Sep-25","3.450000","-","-","-","-","3.778803","215.443410","3.778803","-","101.012053","1.460603","7.174407","60.932951","1000","THB","Registered","-"
"BAM347B","3.97","16-Jul-2034","8.627397","Straight","Fixed","A-","","-","-","-","-","-","-","3.774718","215.077787","3.774718","-","101.406583","1.500986","7.157773","60.723788","1000","THB","Registered","-"
"BANPU264A","5.19","01-Apr-2026","0.331507","Straight","Fixed","A+","","26-Sep-25","1.850000","29-May-15","4.215840","4.250000","2.777971","1.791627","54.885766","1.791627","-","101.122784","0.867370","0.328564","0.270777","1000","THB","Registered","-"
"BANPU268A","2.9","04-Aug-2026","0.673973","Straight","Fixed","A+","","07-Nov-25","1.900000","-","-","-","-","1.794181","55.573724","1.794181","-","100.728588","0.945479","0.665008","0.775226","1000","THB","Registered","-"
"BANPU268B","3.1","10-Aug-2026","0.690411","Straight","Fixed","A+","","27-Nov-25","1.800000","-","-","-","-","1.800874","55.120622","1.800874","-","100.901119","0.178356","0.680449","0.801134","1000","THB","Registered","-"
"BANPU269A","3.26","20-Sep-2026","0.802740","Straight","Fixed","A+","","11-Nov-25","1.900000","-","-","-","-","1.890581","62.979589","1.890581","-","101.091938","0.643068","0.783260","1.005305","1000","THB","Registered","-"
"BANPU274A","4.17","21-Apr-2027","1.386301","Straight","Fixed","A+","","20-Nov-25","2.150000","-","-","-","-","2.111963","85.981119","2.111963","-","102.800960","0.468411","1.342193","2.489149","1000","THB","Registered","-"
"BANPU27NA","4.1","12-Nov-2027","1.947945","Straight","Fixed","","","-","-","-","-","-","-","2.257865","100.150212","2.257865","-","103.499866","0.213425","1.864512","4.461589","1000","THB","Registered","-"
"BANPU27DA","0","24-Dec-2027","2.063014","Straight","Fixed","","","07-Jul-25","2.385000","-","-","-","-","2.253776","100.122707","2.253776","-","95.481690","0.000000","2.040025","5.170348","1000","THB","Registered","-"
"BANPU281A","3.11","27-Jan-2028","2.156164","Straight","Fixed","A+","","-","-","-","-","-","-","2.254949","100.140280","2.254949","-","101.775047","1.082110","2.058465","5.359275","1000","THB","Registered","-"
"BANPU282A","3.33","24-Feb-2028","2.232877","Straight","Fixed","A+","","12-Dec-24","2.870000","-","-","-","-","2.257397","100.263532","2.257397","-","102.306865","0.903205","2.129492","5.698256","1000","THB","Registered","-"
"BANPU283A","3.26","08-Mar-2028","2.268493","Straight","Fixed","A+","","24-Jun-25","2.440000","-","-","-","-","2.266562","100.830635","2.266562","-","102.193149","0.750247","2.163416","5.858589","1000","THB","Registered","-"
"BANPU288B","3.3","04-Aug-2028","2.676712","Straight","Fixed","A+","","27-Oct-25","2.335000","-","-","-","-","2.338967","107.829473","2.338967","-","102.464983","1.075890","2.531274","7.855902","1000","THB","Registered","-"
"BANPU295A","4","22-May-2029","3.473973","Straight","Fixed","A+","","19-Nov-25","2.630000","-","-","-","-","2.560429","127.468902","2.560429","-","104.768178","0.098630","3.236053","12.444922","1000","THB","Registered","-"
"BANPU299A","3.8","20-Sep-2029","3.805479","Straight","Fixed","A+","","19-Jun-25","2.787500","-","-","-","-","2.625501","130.922449","2.625501","-","104.232578","0.749589","3.507585","14.577107","1000","THB","Registered","-"
"BANPU301A","3.58","27-Jan-2030","4.158904","Straight","Fixed","A+","","07-Nov-24","3.430000","-","-","-","-","2.846293","152.136217","2.846293","-","102.839410","1.245644","3.803722","17.086526","1000","THB","Registered","-"
"BANPU302A","3.5","10-Feb-2030","4.197260","Straight","Fixed","A+","","13-Jun-25","2.970000","-","-","-","-","2.854814","152.605764","2.854814","-","102.546974","0.201370","3.873832","17.531160","1000","THB","Registered","-"
"BANPU303A","3.76","08-Mar-2030","4.268493","Straight","Fixed","A+","","16-May-25","3.190000","-","-","-","-","2.862420","153.489850","2.862420","-","103.592422","0.865315","3.898797","17.893600","1000","THB","Registered","-"
"BANPU304A","3.49","30-Apr-2030","4.413699","Straight","Fixed","A+","","24-Nov-25","2.900000","-","-","-","-","2.914396","158.197209","2.914396","-","102.369361","0.305973","4.059421","19.209127","1000","THB","Registered","-"
"BANPU309A","3.1","25-Sep-2030","4.819178","Straight","Fixed","A+","","06-Oct-25","3.080000","-","-","-","-","2.915708","155.533125","2.915708","-","100.832009","0.569041","4.419796","22.628669","1000","THB","Registered","-"
"BANPU312A","3.78","24-Feb-2031","5.235616","Straight","Fixed","A+","","28-Nov-25","3.080000","-","-","-","-","3.080000","169.449937","3.080000","-","103.340159","1.025260","4.688034","25.694713","1000","THB","Registered","-"
"BANPU315A","3.76","10-May-2031","5.441096","Straight","Fixed","A+","","18-Nov-25","3.000000","-","-","-","-","3.097726","169.764870","3.097726","-","103.305195","0.216329","4.891734","27.741560","1000","THB","Registered","-"
"BANPU318A","3.8","04-Aug-2031","5.676712","Straight","Fixed","A+","","20-Nov-25","3.370000","-","-","-","-","3.326100","191.956191","3.326100","-","102.414469","1.238904","5.024775","29.551135","1000","THB","Registered","-"
"BANPU321A","3.89","27-Jan-2032","6.158904","Straight","Fixed","A+","","01-Jul-25","3.320000","-","-","-","-","3.349544","190.718846","3.349544","-","102.964616","1.353507","5.384541","33.984767","1000","THB","Registered","-"
"BANPU324A","3.7","30-Apr-2032","6.416438","Straight","Fixed","A+","","27-Jun-25","3.485000","-","-","-","-","3.366477","186.465019","3.366477","-","101.911664","0.324384","5.660136","37.091126","1000","THB","Registered","-"
"BANPU329A","4.2","20-Sep-2032","6.808219","Straight","Fixed","A+","","20-Nov-25","3.400000","-","-","-","-","3.366009","181.950041","3.366009","-","105.043489","0.828493","5.862956","40.289011","1000","THB","Registered","-"
"BANPU329B","3.2","25-Sep-2032","6.821918","Straight","Fixed","A+","","-","-","-","-","-","-","3.547780","199.734187","3.547780","-","97.921555","0.587397","6.023140","41.809214","1000","THB","Registered","-"
"BANPU333A","4.04","08-Mar-2033","7.271233","Straight","Fixed","A+","","10-Mar-25","3.580000","-","-","-","-","3.595334","202.692915","3.595334","-","102.833305","0.929753","6.215142","45.300748","1000","THB","Registered","-"
"BANPU341A","4.12","27-Jan-2034","8.161644","Straight","Fixed","A+","","27-Oct-25","3.650000","-","-","-","-","3.642660","203.257070","3.642660","-","103.321189","1.433534","6.814168","54.965046","1000","THB","Registered","-"
"BANPU345A","4.08","10-May-2034","8.443836","Straight","Fixed","A+","","21-Jul-25","3.562500","-","-","-","-","3.677116","205.550585","3.677116","-","102.914902","0.234740","7.096614","59.011412","1000","THB","Registered","-"
"BANPU354A","3.85","30-Apr-2035","9.416438","Straight","Fixed","A+","","07-Jul-25","3.590000","-","-","-","-","3.700835","205.401564","3.700835","-","101.179025","0.337534","7.822271","71.837247","1000","THB","Registered","-"
"BANPU359A","3.4","25-Sep-2035","9.821918","Straight","Fixed","A+","","-","-","-","-","-","-","3.733438","207.282198","3.733438","-","97.291783","0.624110","8.195010","78.554018","1000","THB","Registered","-"
"BANPU365A","4.21","10-May-2036","10.446575","Straight","Fixed","A+","","12-Nov-25","3.960000","-","-","-","-","3.876949","219.149667","3.876949","-","102.851957","0.242219","8.400882","84.032214","1000","THB","Registered","-"
"BANPU383A","4.46","08-Mar-2038","12.273973","Straight","Fixed","A+","","22-Oct-25","4.200000","-","-","-","-","4.215911","236.805037","4.215911","-","102.331591","1.026411","9.322324","106.630592","1000","THB","Registered","-"
"BAY263A","2.51","30-Mar-2026","0.326027","Straight","Fixed","","AAA(tha)","11-Nov-25","1.460000","-","-","-","-","1.450338","20.488869","1.450338","-","100.352710","0.426356","0.323680","0.265444","1000","THB","Registered","-"
"BAY263B","3.11","26-Mar-2026","0.315068","Straight","Fixed","","AAA(tha)","11-Nov-25","1.460000","-","-","-","-","1.450219","20.492866","1.450219","-","100.531346","0.562356","0.312800","0.253118","1000","THB","Registered","-"
"BAY268A","2.68","08-Aug-2026","0.684932","Straight","Fixed","","AAA(tha)","21-Apr-25","1.980000","-","-","-","-","1.511201","26.829389","1.511201","-","100.785976","0.844384","0.677349","0.798132","1000","THB","Registered","-"
"BAY272B","2.72","08-Feb-2027","1.189041","Straight","Fixed","","AAA(tha)","24-Nov-25","1.575000","-","-","-","-","1.565160","30.839434","1.565160","-","101.342782","0.856986","1.160112","1.937326","1000","THB","Registered","-"
"BAY31NA","3","05-Nov-2031","5.931507","Straight","Fixed","","AA(tha)","21-Jan-25","3.110000","-","-","-","-","2.600870","117.711487","2.600870","-","102.180414","0.213699","5.415615","32.325601","1000","THB","Registered","-"
"BAY327A","3.9","27-Jul-2032","6.657534","Straight","Fixed","","AA(tha)","28-Apr-25","3.200000","-","-","-","-","2.954917","142.746305","2.954917","-","105.682779","0.373973","5.856879","38.536192","1000","THB","Registered","-"
"BAY32NA","4.3","17-Nov-2032","6.967123","Straight","Fixed","","AA(tha)","05-Feb-25","3.400000","-","-","-","-","3.024917","147.812292","3.024917","-","107.970038","0.164932","6.042551","41.276334","1000","THB","Registered","-"
"BAY346A","3.5","14-Jun-2034","8.539726","Straight","Fixed","","AA(tha)","-","-","-","-","-","-","3.092715","146.676079","3.092715","-","103.045692","-0.124658","7.387814","61.364147","1000","THB","Registered","-"
"BCP26OA","3.6","21-Oct-2026","0.887671","Straight","Fixed","A+","","-","-","-","-","-","-","1.594078","33.658650","1.594078","-","101.762079","0.404384","0.870607","1.194051","1000","THB","Registered","-"
"BCP26NA","2.29","05-Nov-2026","0.928767","Straight","Fixed","A+","","08-Oct-25","1.560000","-","-","-","-","1.623554","36.104442","1.623554","-","100.618000","0.163123","0.911615","1.285925","1000","THB","Registered","-"
"BCP26NB","3.45","02-Nov-2026","0.920548","Straight","Fixed","A+","","-","-","-","-","-","-","1.610973","34.848500","1.610973","-","101.679538","0.274110","0.900779","1.262260","1000","THB","Registered","-"
"BCP273A","4.72","03-Mar-2027","1.252055","Straight","Fixed","A+","","-","-","-","-","-","-","1.646507","39.027452","1.646507","-","103.787736","1.991452","1.197422","2.066286","1000","THB","Registered","-"
"BCP275A","3","08-May-2027","1.432877","Straight","Fixed","A+","","-","-","-","-","-","-","1.653380","39.689475","1.653380","-","101.895432","1.265753","1.384439","2.640106","1000","THB","Registered","-"
"BCP276A","3.09","28-Jun-2027","1.572603","Straight","Fixed","A+","","08-Oct-25","1.590000","-","-","-","-","1.655123","39.992039","1.655123","-","102.215201","1.320658","1.516951","3.102575","1000","THB","Registered","-"
"BCP278A","3.26","25-Aug-2027","1.731507","Straight","Fixed","A+","","25-Nov-25","1.670000","-","-","-","-","1.668862","41.607342","1.668862","-","102.695777","0.875288","1.674870","3.687316","1000","THB","Registered","-"
"BCP288A","0","07-Aug-2028","2.684932","Straight","Fixed","A+","","18-Nov-25","1.750000","-","-","-","-","1.682648","41.434346","1.682648","-","95.598609","0.000000","2.663889","8.417139","1000","THB","Registered","-"
"BCP28DA","4.04","20-Dec-2028","3.054795","Straight","Fixed","A+","","08-Sep-25","1.795000","-","-","-","-","1.886650","61.052768","1.886650","-","106.353832","1.704548","2.836549","9.818053","1000","THB","Registered","-"
"BCP292A","3.15","14-Feb-2029","3.208219","Straight","Fixed","A+","","20-Nov-25","2.050000","-","-","-","-","1.964098","68.318829","1.964098","-","103.651967","0.940685","3.020861","10.928673","1000","THB","Registered","-"
"BCP296A","3.6","28-Jun-2029","3.575342","Straight","Fixed","A+","","24-Nov-25","2.050000","-","-","-","-","2.056764","75.842029","2.056764","-","105.285374","1.538630","3.309132","13.104673","1000","THB","Registered","-"
"BCP29NA","3.11","05-Nov-2029","3.931507","Straight","Fixed","A+","","-","-","-","-","-","-","2.113457","78.314252","2.113457","-","103.746124","0.221534","3.682497","15.842994","1000","THB","Registered","-"
"BCP303A","5.05","03-Mar-2030","4.254795","Straight","Fixed","A+","","24-Aug-23","3.900000","-","-","-","-","2.121359","78.705900","2.121359","-","111.841742","2.130685","3.790386","17.290854","1000","THB","Registered","-"
"BCP305A","3.4","08-May-2030","4.435616","Straight","Fixed","A+","","19-Sep-25","1.960000","-","-","-","-","2.169434","82.699794","2.169434","-","105.170017","1.434521","4.060821","19.384408","1000","THB","Registered","-"
"BCP308A","2.17","07-Aug-2030","4.684932","Straight","Fixed","A+","","-","-","-","-","-","-","2.274662","91.900947","2.274662","-","99.526896","0.689644","4.400809","22.223795","1000","THB","Registered","-"
"BCP31NA","3.43","05-Nov-2031","5.931507","Straight","Fixed","A+","","21-Nov-25","2.520000","-","-","-","-","2.483489","104.802598","2.483489","-","105.197631","0.244329","5.348229","32.920461","1000","THB","Registered","-"
"BCP328A","4","25-Aug-2032","6.736986","Straight","Fixed","A+","","01-Oct-25","2.620000","-","-","-","-","2.656750","110.768251","2.656750","-","108.214728","1.073973","5.871988","40.269724","1000","THB","Registered","-"
"BCP328B","2.49","07-Aug-2032","6.687671","Straight","Fixed","A+","","-","-","-","-","-","-","2.661178","110.741475","2.661178","-","98.945663","0.791342","6.069011","41.932733","1000","THB","Registered","-"
"BCP346A","4.03","28-Jun-2034","8.578082","Straight","Fixed","A+","","25-Nov-25","2.700000","-","-","-","-","2.741341","110.028501","2.741341","-","109.779852","1.722411","7.190372","61.077220","1000","THB","Registered","-"
"BCP358A","2.98","07-Aug-2035","9.687671","Straight","Fixed","A+","","-","-","-","-","-","-","3.120580","145.226652","3.120580","-","98.817677","0.947068","8.268558","79.149891","1000","THB","Registered","-"
"BCP378A","3.21","07-Aug-2037","11.690411","Straight","Fixed","A+","","-","-","-","-","-","-","3.363683","152.670341","3.363683","-","98.508739","1.020164","9.560340","107.726107","1000","THB","Registered","-"
"BCPG266A","3.37","29-Jun-2026","0.575342","Straight","Fixed","A","","01-Oct-25","1.950000","-","-","-","-","1.952903","71.168662","1.952903","-","100.803071","1.431096","0.562986","0.599694","1000","THB","Registered","-"
"BCPG269A","2.14","15-Sep-2026","0.789041","Straight","Fixed","A","","18-Nov-25","2.000000","-","-","-","-","1.993368","73.308155","1.993368","-","100.121134","0.451452","0.771948","0.980634","1000","THB","Registered","-"
"BCPG276A","3.67","29-Jun-2027","1.575342","Straight","Fixed","A","","17-Nov-25","2.250000","-","-","-","-","2.180698","93.100846","2.180698","-","102.289688","1.558493","1.507730","3.076422","1000","THB","Registered","-"
"BCPG276B","3.25","26-Jun-2027","1.567123","Straight","Fixed","A","","07-Mar-25","2.790000","-","-","-","-","2.173152","92.338619","2.173152","-","101.646270","1.406849","1.505239","3.061805","1000","THB","Registered","-"
"BCPG289A","2.51","15-Sep-2028","2.791781","Straight","Fixed","A","","07-Aug-25","2.200000","-","-","-","-","2.224319","95.307898","2.224319","-","100.775947","0.529507","2.664315","8.571900","1000","THB","Registered","-"
"BCPG296A","3.69","26-Jun-2029","3.569863","Straight","Fixed","A","","-","-","-","-","-","-","2.400701","110.659528","2.400701","-","104.377780","1.597315","3.291335","12.988132","1000","THB","Registered","-"
"BCPG319A","3.31","15-Sep-2031","5.791781","Straight","Fixed","A","","02-Oct-25","2.485000","-","-","-","-","2.663166","123.626222","2.663166","-","103.457639","0.698274","5.217176","31.434592","1000","THB","Registered","-"
"BCPG326A","4.07","29-Jun-2032","6.580822","Straight","Fixed","A","","-","-","-","-","-","-","2.847020","131.346012","2.847020","-","107.280557","1.728356","5.693893","38.164252","1000","THB","Registered","-"
"BCPG339A","3.61","15-Sep-2033","7.794521","Straight","Fixed","A","","28-Nov-25","3.070000","-","-","-","-","3.070000","146.211026","3.070000","-","103.725541","0.761562","6.723254","52.517490","1000","THB","Registered","-"
"BCPG356A","4.33","29-Jun-2035","9.580822","Straight","Fixed","A","","23-Jul-25","3.050000","-","-","-","-","3.236946","158.194724","3.236946","-","108.931070","1.838767","7.764443","72.238176","1000","THB","Registered","-"
"BDMS266A","2.99","24-Jun-2026","0.561644","Straight","Fixed","AA+","","11-Mar-22","2.010000","-","-","-","-","1.647149","40.280607","1.647149","-","100.744709","1.310685","0.551158","0.580649","1000","THB","Registered","-"
"BEC275A","5.1","11-May-2027","1.441096","Straight","Fixed","BBB","","29-Aug-23","4.770000","-","-","-","-","3.709679","248.050287","3.709679","-","101.952097","0.279452","1.378929","2.606527","1000","THB","Registered","-"
"BEM264A","2.24","28-Apr-2026","0.405479","Straight","Fixed","BBB+","","16-Oct-25","2.200000","-","-","-","-","2.239211","99.953676","2.239211","-","100.002430","0.208658","0.400990","0.359068","1000","THB","Registered","-"
"BEM264B","2.79","03-Apr-2026","0.336986","Straight","Fixed","BBB+","","21-Nov-25","2.190000","-","-","-","-","2.182255","94.327672","2.182255","-","100.205109","0.450986","0.333349","0.275997","1000","THB","Registered","-"
"BEM265A","3.59","09-May-2026","0.435616","Straight","Fixed","BBB+","","25-Nov-25","2.250000","-","-","-","-","2.249600","100.941569","2.249600","-","100.591449","0.216384","0.430771","0.398554","1000","THB","Registered","-"
"BEM266A","3.3","24-Jun-2026","0.561644","Straight","Fixed","BBB+","","31-Jul-25","2.890000","-","-","-","-","2.597030","136.512869","2.597030","-","100.384697","1.446575","0.547812","0.574370","1000","THB","Registered","-"
"BEM272A","3.07","15-Feb-2027","1.208219","Straight","Fixed","BBB+","","01-Aug-25","2.950000","-","-","-","-","2.790143","154.675794","2.790143","-","100.315031","0.908384","1.169393","1.961920","1000","THB","Registered","-"
"BEM279A","3.33","05-Sep-2027","1.761644","Straight","Fixed","BBB+","","25-Sep-25","2.750000","-","-","-","-","2.795750","154.489306","2.795750","-","100.920874","0.793726","1.685659","3.725388","1000","THB","Registered","-"
"BEM279B","3.16","12-Sep-2027","1.780822","Straight","Fixed","BBB+","","05-Sep-25","2.710000","-","-","-","-","2.798976","154.818206","2.798976","-","100.631789","0.692603","1.706829","3.805207","1000","THB","Registered","-"
"BEM27OA","3.95","21-Oct-2027","1.887671","Straight","Fixed","BBB+","","29-Oct-25","2.800000","-","-","-","-","2.794336","154.769773","2.794336","-","102.112165","0.443699","1.804456","4.207214","1000","THB","Registered","-"
"BEM284A","2.91","28-Apr-2028","2.408219","Straight","Fixed","BBB+","","22-Oct-25","2.800000","-","-","-","-","2.828418","157.440876","2.828418","-","100.190855","0.271068","2.302316","6.534370","1000","THB","Registered","-"
"BEM284B","3.13","03-Apr-2028","2.339726","Straight","Fixed","BBB+","","05-Aug-25","2.800000","-","-","-","-","2.829136","157.626206","2.829136","-","100.677637","0.505945","2.229898","6.176985","1000","THB","Registered","-"
"BEM286A","3.61","24-Jun-2028","2.564384","Straight","Fixed","BBB+","","26-Nov-25","2.980000","-","-","-","-","2.975239","172.238120","2.975239","-","101.548896","1.582466","2.398840","7.150375","1000","THB","Registered","-"
"BEM286B","3.61","24-Jun-2028","2.564384","Straight","Fixed","BBB+","","16-Aug-16","3.600000","-","-","-","-","2.980522","172.774088","2.980522","-","101.535827","1.582466","2.398766","7.149964","1000","THB","Registered","-"
"BEM292A","3.33","15-Feb-2029","3.210959","Straight","Fixed","BBB+","","19-Sep-25","3.080000","-","-","-","-","3.227791","196.227226","3.227791","-","100.292215","0.985315","2.992912","10.756495","1000","THB","Registered","-"
"BEM295A","3.84","09-May-2029","3.438356","Straight","Fixed","BBB+","","19-Sep-25","3.180000","-","-","-","-","3.340024","206.728993","3.340024","-","101.624182","0.231452","3.192464","12.128245","1000","THB","Registered","-"
"BEM299A","3.6","12-Sep-2029","3.783562","Straight","Fixed","BBB+","","07-Oct-25","3.285000","-","-","-","-","3.424520","212.048472","3.424520","-","100.627757","0.789041","3.479101","14.340680","1000","THB","Registered","-"
"BEM306A","3.5","10-Jun-2030","4.526027","Straight","Fixed","BBB+","","29-Oct-25","3.485000","-","-","-","-","3.462161","213.360957","3.462161","-","100.157993","-0.086301","4.155533","20.048632","1000","THB","Registered","-"
"BEM312A","3.67","15-Feb-2031","5.210959","Straight","Fixed","BBB+","","21-Oct-25","3.550000","-","-","-","-","3.514823","213.795856","3.514823","-","100.713718","1.085918","4.658861","25.386594","1000","THB","Registered","-"
"BEM314A","3.33","28-Apr-2031","5.408219","Straight","Fixed","BBB+","","24-Oct-24","3.600000","-","-","-","-","3.524965","213.310177","3.524965","-","99.050369","0.310192","4.887803","27.592428","1000","THB","Registered","-"
"BEM326A","3.78","10-Jun-2032","6.528767","Straight","Fixed","BBB+","","22-Jun-20","3.779000","-","-","-","-","4.157020","265.076524","4.157020","-","97.865710","-0.093205","5.720346","37.871084","1000","THB","Registered","-"
"BEM329A","4.01","05-Sep-2032","6.767123","Straight","Fixed","BBB+","","22-Apr-25","3.030000","-","-","-","-","3.671164","213.175706","3.671164","-","102.023488","0.955808","5.833092","39.861961","1000","THB","Registered","-"
"BEM334A","4","03-Apr-2033","7.342466","Straight","Fixed","BBB+","","04-Apr-25","3.010000","-","-","-","-","3.695147","212.498382","3.695147","-","101.945021","0.646575","6.285247","46.199284","1000","THB","Registered","-"
"BEM342A","3.96","15-Feb-2034","8.213699","Straight","Fixed","BBB+","","20-Nov-25","3.720000","-","-","-","-","3.698614","208.623047","3.698614","-","101.815265","1.171726","6.893960","55.999672","1000","THB","Registered","-"
"BEM349A","4.15","05-Sep-2034","8.767123","Straight","Fixed","BBB+","","28-May-25","3.350000","-","-","-","-","3.914184","228.689956","3.914184","-","101.746264","0.989178","7.232150","61.986769","1000","THB","Registered","-"
"BEM349B","4.05","12-Sep-2034","8.786301","Straight","Fixed","BBB+","","23-May-25","3.250000","-","-","-","-","3.911414","228.289642","3.911414","-","101.032980","0.887671","7.274067","62.542128","1000","THB","Registered","-"
"BEM354A","4.07","03-Apr-2035","9.342466","Straight","Fixed","BBB+","","13-Dec-24","3.810000","-","-","-","-","4.038782","240.214871","4.038782","-","100.241942","0.657890","7.657602","69.461811","1000","THB","Registered","-"
"BEM362A","4.05","15-Feb-2036","10.213699","Straight","Fixed","BBB+","","-","-","-","-","-","-","4.356767","270.071000","4.356767","-","97.471774","1.198356","8.157457","79.870088","1000","THB","Registered","-"
"BEM369A","4.16","12-Sep-2036","10.789041","Straight","Fixed","BBB+","","-","-","-","-","-","-","4.448619","273.814028","4.448619","-","97.561684","0.911781","8.493808","87.009027","1000","THB","Registered","-"
"BEYOND265A","7","06-May-2026","0.427397","Straight","Fixed","","","-","-","-","-","-","-","6.408965","540.779628","6.408965","-","100.233653","0.479452","0.422499","0.283486","1000","THB","Registered","-"
"BGRIM23PA","5.75","31-Mar-2123","97.391781","Straight","Fixed","BBB+","","27-Aug-25","-","-","-","-","-","-","-","-","-","103.012265","-","-","-","1000","THB","Registered","-"
"BGRIM24PA","5.75","20-Nov-2124","99.035616","Straight","Fixed","BBB+","","03-Nov-25","-","-","-","-","-","-","-","-","-","101.197092","-","-","-","1000","THB","Registered","-"
"BGRIM267A","1.95","06-Jul-2026","0.594521","Straight","Fixed","A-","","12-Nov-25","2.070000","-","-","-","-","2.061326","83.046483","2.061326","-","99.925297","0.790685","0.587742","0.638657","1000","THB","Registered","-"
"BGRIM275A","3.79","11-May-2027","1.441096","Straight","Fixed","A-","","28-Oct-25","2.230000","-","-","-","-","2.231213","98.020122","2.231213","-","102.213070","0.207671","1.398117","2.667693","1000","THB","Registered","-"
"BGRIM279A","3.14","11-Sep-2027","1.778082","Straight","Fixed","A-","","19-Mar-25","3.230000","-","-","-","-","2.256801","100.043953","2.256801","-","101.538115","0.696822","1.709237","3.816539","1000","THB","Registered","-"
"BGRIM286A","0","13-Jun-2028","2.534247","Straight","Fixed","A-","","09-Jul-25","2.500000","-","-","-","-","2.263929","100.218575","2.263929","-","94.457479","0.000000","2.504526","7.510899","1000","THB","Registered","-"
"BGRIM28OA","4.36","19-Oct-2028","2.884932","Straight","Fixed","A-","","12-Nov-25","2.900000","-","-","-","-","2.357369","108.802233","2.357369","-","105.549814","0.513644","2.698583","8.864555","1000","THB","Registered","-"
"BGRIM28NA","0","13-Nov-2028","2.953425","Straight","Fixed","A-","","13-Nov-25","2.480000","-","-","-","-","2.350610","107.648985","2.350610","-","93.345863","0.000000","2.912346","9.921019","1000","THB","Registered","-"
"BGRIM295A","4.15","11-May-2029","3.443836","Straight","Fixed","A-","","07-Aug-25","2.820000","-","-","-","-","2.425340","114.000000","2.425340","-","105.676729","0.227397","3.202721","12.225358","1000","THB","Registered","-"
"BGRIM296A","3.3","13-Jun-2029","3.534247","Straight","Fixed","A-","","11-Jul-25","2.960000","-","-","-","-","2.437455","114.658252","2.437455","-","102.903543","-0.108493","3.329224","13.049354","1000","THB","Registered","-"
"BGRIM29NA","2.72","13-Nov-2029","3.953425","Straight","Fixed","A-","","28-Nov-25","2.470000","-","-","-","-","2.470000","114.179513","2.470000","-","100.944979","0.134137","3.718812","16.080833","1000","THB","Registered","-"
"BGRIM30NA","2.9","13-Nov-2030","4.953425","Straight","Fixed","A-","","-","-","-","-","-","-","2.794362","142.201360","2.794362","-","100.495848","0.143014","4.573969","24.044861","1000","THB","Registered","-"
"BGRIM317A","3.2","06-Jul-2031","5.597260","Straight","Fixed","A-","","21-Oct-25","2.955000","-","-","-","-","2.958515","154.821052","2.958515","-","101.222541","1.297534","5.034774","29.443653","1000","THB","Registered","-"
"BGRIM325A","4.53","11-May-2032","6.446575","Straight","Fixed","A-","","09-Oct-25","3.650000","-","-","-","-","3.885548","239.052133","3.885548","-","103.657620","0.248219","5.553093","36.163423","1000","THB","Registered","-"
"BGRIM326A","3.7","13-Jun-2032","6.536986","Straight","Fixed","A-","","-","-","-","-","-","-","3.112435","158.570452","3.112435","-","103.450262","-0.121644","5.793019","38.667758","1000","THB","Registered","-"
"BGRIM32NA","3.2","13-Nov-2032","6.956164","Straight","Fixed","A-","","-","-","-","-","-","-","3.127927","156.182632","3.127927","-","100.458850","0.157808","6.178515","43.757578","1000","THB","Registered","-"
"BGRIM344A","3.96","01-Apr-2034","8.336986","Straight","Fixed","","","-","-","-","-","-","-","3.460436","183.817505","3.460436","-","103.590790","0.661808","7.035305","58.005415","1000","THB","Registered","-"
"BGRIM349A","4.1","11-Sep-2034","8.783562","Straight","Fixed","A-","","19-Nov-25","3.600000","-","-","-","-","3.544446","190.942498","3.544446","-","104.170363","0.909863","7.295285","62.836234","1000","THB","Registered","-"
"BGRIM356A","3.9","13-Jun-2035","9.536986","Straight","Fixed","A-","","12-Nov-25","3.860000","-","-","-","-","3.558696","190.745333","3.558696","-","102.739970","-0.128219","7.944437","73.837270","1000","THB","Registered","-"
"BGRIM35NA","3.66","13-Nov-2035","9.956164","Straight","Fixed","A-","","24-Nov-25","3.531020","-","-","-","-","3.564487","189.857443","3.564487","-","100.807495","0.180493","8.270132","80.062040","1000","THB","Registered","-"
"BIPA335A","3.95","31-May-2033","7.501370","Amortization","Fixed","A-","","03-Jul-23","4.090000","-","-","-","-","3.166873","174.956340","3.166873","-","102.871725","0.010822","3.628570","19.854366","567.18","THB","Registered","-"
"BIPB335A","3.95","31-May-2033","7.501370","Amortization","Fixed","A-","","22-May-25","3.600000","-","-","-","-","3.300534","188.568131","3.300534","-","102.374565","0.010822","3.619640","19.775062","567.18","THB","Registered","-"
"BJC269A","3.8","07-Sep-2026","0.767123","Straight","Fixed","A","","12-Nov-25","1.500000","-","-","-","-","1.491245","22.948730","1.491245","-","101.759023","0.884932","0.748216","0.935624","1000","THB","Registered","-"
"BJC271A","3.34","29-Jan-2027","1.161644","Straight","Fixed","A","","08-Oct-25","1.500000","-","-","-","-","1.616573","35.829931","1.616573","-","101.978339","0.301973","1.134847","1.860524","1000","THB","Registered","-"
"BJC272A","2.95","03-Feb-2027","1.175342","Straight","Fixed","A","","24-Nov-25","1.660000","-","-","-","-","1.610799","35.443989","1.610799","-","101.539556","0.969863","1.144658","1.895167","1000","THB","Registered","-"
"BJC273B","3.83","21-Mar-2027","1.301370","Straight","Fixed","A","","19-Nov-25","1.700000","-","-","-","-","1.615002","35.322584","1.615002","-","102.846343","0.713534","1.260011","2.233801","1000","THB","Registered","-"
"BJC276A","0","04-Jun-2027","1.506849","Straight","Fixed","A","","28-Nov-25","1.610000","-","-","-","-","1.610000","35.446766","1.610000","-","97.610500","0.000000","1.496175","2.980653","1000","THB","Registered","-"
"BJC279A","2.99","07-Sep-2027","1.767123","Straight","Fixed","A","","30-Jun-25","1.990000","-","-","-","-","1.645485","38.459827","1.645485","-","102.337686","0.696301","1.705872","3.803717","1000","THB","Registered","-"
"BJC279B","2.93","05-Sep-2027","1.761644","Straight","Fixed","A","","30-Sep-25","1.575000","-","-","-","-","1.644569","38.367455","1.644569","-","102.228419","0.698384","1.701255","3.784831","1000","THB","Registered","-"
"BJC283A","2.16","24-Mar-2028","2.312329","Straight","Fixed","A","","29-Oct-25","1.590000","-","-","-","-","1.649203","38.487959","1.649203","-","101.160720","0.402411","2.238661","6.196701","1000","THB","Registered","-"
"BJC283B","3.23","06-Mar-2028","2.263014","Straight","Fixed","A","","17-Oct-25","1.745000","-","-","-","-","1.650128","38.880347","1.650128","-","103.496993","-0.044247","2.183563","5.926584","1000","THB","Registered","-"
"BJC289A","3.15","05-Sep-2028","2.764384","Straight","Fixed","A","","21-Nov-25","1.650000","-","-","-","-","1.655181","38.048669","1.655181","-","104.024477","0.750822","2.624769","8.379846","1000","THB","Registered","-"
"BJC293A","4.09","24-Mar-2029","3.312329","Straight","Fixed","A","","07-Oct-25","1.710000","-","-","-","-","1.693548","40.689819","1.693548","-","107.696295","0.761973","3.089215","11.453345","1000","THB","Registered","-"
"BJC296A","3.62","06-Jun-2029","3.515068","Straight","Fixed","A","","05-Nov-25","1.860000","-","-","-","-","1.763855","46.782637","1.763855","-","106.297288","-0.049589","3.309801","12.938836","1000","THB","Registered","-"
"BJC299B","3.33","05-Sep-2029","3.764384","Straight","Fixed","A","","07-Nov-25","1.955000","-","-","-","-","1.827912","50.724021","1.827912","-","105.442532","0.793726","3.510966","14.550686","1000","THB","Registered","-"
"BJC303A","2.43","24-Mar-2030","4.312329","Straight","Fixed","A","","07-Jul-21","3.620000","-","-","-","-","2.953038","162.398670","2.953038","-","97.905861","0.452712","4.036961","18.834072","1000","THB","Registered","-"
"BJC316A","3.79","06-Jun-2031","5.515068","Straight","Fixed","A","","17-Oct-24","3.230000","-","-","-","-","2.119445","70.310806","2.119445","-","108.650258","-0.051918","5.000635","28.863992","1000","THB","Registered","-"
"BJC317A","2.41","09-Jul-2031","5.605479","Straight","Fixed","A","","21-Nov-25","2.200000","-","-","-","-","2.169263","74.596690","2.169263","-","101.253486","0.957397","5.176108","30.634528","1000","THB","Registered","-"
"BJC319A","3.55","05-Sep-2031","5.764384","Straight","Fixed","A","","22-Apr-25","2.590000","-","-","-","-","2.264838","83.522213","2.264838","-","106.912815","0.846164","5.178138","31.080346","1000","THB","Registered","-"
"BJC346A","4.06","06-Jun-2034","8.517808","Straight","Fixed","A","","17-Feb-25","3.810000","-","-","-","-","3.409351","178.106985","3.409351","-","104.773454","-0.055616","7.197953","60.460199","1000","THB","Registered","-"
"BJC349A","3.77","05-Sep-2034","8.767123","Straight","Fixed","A","","02-Jul-25","3.220000","-","-","-","-","3.435705","179.681182","3.435705","-","102.521266","0.898603","7.365808","63.634143","1000","THB","Registered","-"
"BPP266A","3.1","10-Jun-2026","0.523288","Straight","Fixed","A","","09-Oct-23","3.550000","-","-","-","-","2.236321","100.028366","2.236321","-","100.448447","-0.076438","0.518856","0.525771","1000","THB","Registered","-"
"BPP296A","4","10-Jun-2029","3.526027","Straight","Fixed","A","","-","-","-","-","-","-","2.657040","136.987679","2.657040","-","104.490878","-0.098630","3.286872","12.801107","1000","THB","Registered","-"
"BPP326A","4.35","10-Jun-2032","6.528767","Straight","Fixed","A","","03-Mar-25","3.500000","-","-","-","-","2.899585","137.413782","2.899585","-","108.566692","-0.107260","5.710463","37.908304","1000","THB","Registered","-"
"BPP346A","4.6","10-Jun-2034","8.528767","Straight","Fixed","A","","13-Jul-23","4.250000","-","-","-","-","3.327336","170.094575","3.327336","-","109.379799","-0.113425","7.108388","59.454912","1000","THB","Registered","-"
"BRI265A","4.7","23-May-2026","0.473973","Straight","Fixed","BBB","","-","-","-","-","-","-","4.566913","345.292068","4.566913","-","100.052705","0.103014","0.471847","0.339971","1000","THB","Registered","-"
"BRI267A","5","12-Jul-2026","0.610959","Straight","Fixed","BBB","","-","-","-","-","-","-","4.688259","354.780886","4.688259","-","100.175837","0.684932","0.598840","0.510257","1000","THB","Registered","-"
"BRI275A","5.8","14-May-2027","1.449315","Straight","Fixed","BBB","","-","-","-","-","-","-","5.742956","462.996366","5.742956","-","100.065680","0.270137","1.383061","2.298152","1000","THB","Registered","-"
"BRI277A","5.25","12-Jul-2027","1.610959","Straight","Fixed","BBB","","-","-","-","-","-","-","5.646493","451.884735","5.646493","-","99.378983","0.719178","1.526686","2.773689","1000","THB","Registered","-"
"BRI285A","5.95","14-May-2028","2.452055","Straight","Fixed","BBB","","-","-","-","-","-","-","5.833990","470.053667","5.833990","-","100.249814","0.277123","2.264110","5.905985","1000","THB","Registered","-"
"BRI285B","5.75","14-May-2028","2.452055","Straight","Fixed","BBB","","-","-","-","-","-","-","5.633646","449.110128","5.633646","-","100.251804","0.267808","2.270211","5.929224","1000","THB","Registered","-"
"BSRC267A","0","31-Jul-2026","0.663014","Straight","Fixed","A+","","11-Nov-25","1.645000","-","-","-","-","1.636574","39.621564","1.636574","-","98.918536","0.000000","0.661709","0.766027","1000","THB","Registered","-"
"BSRC277A","3.16","31-Jul-2027","1.663014","Straight","Fixed","A+","","24-Nov-25","1.825000","-","-","-","-","1.805039","55.405655","1.805039","-","102.200838","1.064877","1.607128","3.429442","1000","THB","Registered","-"
"BSRC281A","0","31-Jan-2028","2.167123","Straight","Fixed","A+","","24-Nov-25","1.895000","-","-","-","-","1.875754","61.786025","1.875754","-","96.034713","0.000000","2.146987","5.673073","1000","THB","Registered","-"
"BSRC301A","3.34","31-Jan-2030","4.169863","Straight","Fixed","A+","","16-May-25","2.760000","-","-","-","-","2.368337","103.694415","2.368337","-","103.818179","1.125534","3.843946","17.374660","1000","THB","Registered","-"
"BSRC351A","3.75","31-Jan-2035","9.172603","Straight","Fixed","A+","","19-Sep-25","2.690000","-","-","-","-","3.026901","137.377743","3.026901","-","105.732328","1.263699","7.678870","69.316261","1000","THB","Registered","-"
"BTG267A","2.7","29-Jul-2026","0.657534","Straight","Fixed","A","","24-Nov-25","1.580000","-","-","-","-","1.576189","33.514937","1.576189","-","100.724558","0.924658","0.649898","0.747993","1000","THB","Registered","-"
"BTG289A","0","29-Sep-2028","2.830137","Straight","Fixed","A","","21-Nov-25","1.810000","-","-","-","-","1.735213","45.910295","1.735213","-","95.239182","0.000000","2.799003","9.221884","1000","THB","Registered","-"
"BTG299A","1.91","30-Sep-2029","3.832877","Straight","Fixed","A","","-","-","-","-","-","-","2.050332","72.453725","2.050332","-","99.492878","0.324438","3.658135","15.497139","1000","THB","Registered","-"
"BTSC26NB","2.7","08-Nov-2026","0.936986","Straight","Fixed","BBB+","","23-Nov-21","2.640000","-","-","-","-","2.828586","157.408972","2.828586","-","99.892428","0.170137","0.913296","1.287585","1000","THB","Registered","-"
"BTSC28NA","3.12","08-Nov-2028","2.939726","Straight","Fixed","BBB+","","19-Dec-22","3.000000","-","-","-","-","2.998200","173.220935","2.998200","-","100.351015","0.196603","2.778587","9.278707","1000","THB","Registered","-"
"BTSC31NA","3.66","08-Nov-2031","5.939726","Straight","Fixed","BBB+","","17-Nov-23","4.480000","-","-","-","-","3.739002","232.208650","3.739002","-","99.596184","0.230630","5.273914","32.205690","1000","THB","Registered","-"
"BTSG265A","3.57","24-May-2026","0.476712","Straight","Fixed","BBB+","","06-Oct-25","3.200000","-","-","-","-","3.200048","197.201260","3.200048","-","100.187691","0.068466","0.469205","0.451061","1000","THB","Registered","-"
"BTSG267A","2.53","06-Jul-2026","0.594521","Straight","Fixed","BBB+","","14-Oct-25","3.280000","-","-","-","-","3.204111","199.640806","3.204111","-","99.591449","1.025863","0.583023","0.629828","1000","THB","Registered","-"
"BTSG271A","4.3","14-Jan-2027","1.120548","Straight","Fixed","BBB+","","18-Jul-25","3.600000","-","-","-","-","3.208217","197.143870","3.208217","-","101.171493","1.649315","1.072267","1.701632","1000","THB","Registered","-"
"BTSG275A","3.65","06-May-2027","1.427397","Straight","Fixed","BBB+","","25-Nov-25","3.209664","-","-","-","-","3.209136","197.139002","3.209136","-","100.623521","0.250000","1.378646","2.599956","1000","THB","Registered","-"
"BTSG275B","3.85","29-May-2027","1.490411","Straight","Fixed","BBB+","","18-Apr-25","3.900000","-","-","-","-","3.362814","212.751023","3.362814","-","100.717989","0.021096","1.438186","2.797474","1000","THB","Registered","-"
"BTSG275C","3.85","29-May-2027","1.490411","Straight","Fixed","BBB+","","07-Nov-25","3.500000","-","-","-","-","3.368746","213.354255","3.368746","-","100.709395","0.021096","1.438143","2.797308","1000","THB","Registered","-"
"BTSG27OA","3.4","02-Oct-2027","1.835616","Straight","Fixed","BBB+","","-","-","-","-","-","-","3.447797","221.093300","3.447797","-","99.917186","0.558904","1.754386","3.993985","1000","THB","Registered","-"
"BTSG27NA","3.11","06-Nov-2027","1.931507","Straight","Fixed","BBB+","","31-Jul-25","3.650000","-","-","-","-","3.458867","221.701911","3.458867","-","99.366026","0.213014","1.849762","4.380431","1000","THB","Registered","-"
"BTSG27DA","3.65","26-Dec-2027","2.068493","Straight","Fixed","BBB+","","03-Nov-25","3.520000","-","-","-","-","3.449691","221.432199","3.449691","-","100.389761","1.580000","1.947131","4.868892","1000","THB","Registered","-"
"BTSG289A","4.03","07-Sep-2028","2.769863","Straight","Fixed","BBB+","","12-Nov-25","3.770000","-","-","-","-","3.624713","237.107588","3.624713","-","101.068540","0.938493","2.573059","8.119850","1000","THB","Registered","-"
"BTSG28OA","3.6","02-Oct-2028","2.838356","Straight","Fixed","BBB+","","-","-","-","-","-","-","3.738395","248.892066","3.738395","-","99.632320","0.591781","2.654793","8.565879","1000","THB","Registered","-"
"BTSG28NA","4.4","02-Nov-2028","2.923288","Straight","Fixed","BBB+","","-","-","-","-","-","-","3.787329","253.345495","3.787329","-","101.691919","0.349589","2.709821","8.926035","1000","THB","Registered","-"
"BTSG295A","3.86","24-May-2029","3.479452","Straight","Fixed","BBB+","","13-Nov-25","4.230000","-","-","-","-","4.106344","284.461750","4.106344","-","99.224382","0.074027","3.217073","12.296644","1000","THB","Registered","-"
"BTSG295B","4.05","06-May-2029","3.430137","Straight","Fixed","BBB+","","17-Nov-25","4.060000","-","-","-","-","3.946095","268.440102","3.946095","-","100.344254","0.277397","3.163737","11.945020","1000","THB","Registered","-"
"BTSG29DA","3.78","26-Dec-2029","4.071233","Straight","Fixed","BBB+","","25-Sep-25","4.000000","-","-","-","-","4.132502","283.109880","4.132502","-","98.684824","1.636274","3.669998","16.056541","1000","THB","Registered","-"
"BTSG301A","4.8","14-Jan-2030","4.123288","Straight","Fixed","BBB+","","22-Jan-25","4.780000","-","-","-","-","4.158437","285.785105","4.158437","-","102.382390","1.841096","3.651204","16.055857","1000","THB","Registered","-"
"BTSG302A","3.95","27-Feb-2030","4.243836","Straight","Fixed","","","-","-","-","-","-","-","4.183106","287.951336","4.183106","-","99.081317","1.038904","3.825829","17.326998","1000","THB","Registered","-"
"BTSG305A","4.35","29-May-2030","4.493151","Straight","Fixed","BBB+","","23-Jan-25","4.830000","-","-","-","-","4.193665","288.010375","4.193665","-","100.651305","0.023836","4.042319","19.194838","1000","THB","Registered","-"
"BTSG305B","4.35","29-May-2030","4.493151","Straight","Fixed","BBB+","","-","-","-","-","-","-","4.195539","288.201636","4.195539","-","100.643679","0.023836","4.042266","19.194385","1000","THB","Registered","-"
"BTSG30NA","3.41","06-Nov-2030","4.934247","Straight","Fixed","BBB+","","31-Jul-25","4.280000","-","-","-","-","4.232820","288.619018","4.232820","-","96.386703","0.233562","4.463719","23.118748","1000","THB","Registered","-"
"BTSG317A","3.77","06-Jul-2031","5.597260","Straight","Fixed","BBB+","","10-Sep-25","3.950000","-","-","-","-","4.271086","288.664408","4.271086","-","97.509440","1.528658","4.909908","28.371572","1000","THB","Registered","-"
"BTSG325A","4.4","06-May-2032","6.432877","Straight","Fixed","BBB+","","24-Jul-23","4.130000","-","-","-","-","4.423462","294.155364","4.423462","-","99.885084","0.301370","5.527818","35.851024","1000","THB","Registered","-"
"BTSG32NA","4.7","29-Nov-2032","7.000000","Straight","Fixed","BBB+","","19-Nov-24","5.100000","-","-","-","-","4.476717","294.188210","4.476717","-","101.346435","0.025753","5.911152","41.149655","1000","THB","Registered","-"
"BTSG32NB","4.7","29-Nov-2032","7.000000","Straight","Fixed","BBB+","","-","-","-","-","-","-","4.478281","294.348047","4.478281","-","101.337064","0.025753","5.911055","41.148558","1000","THB","Registered","-"
"BTSG33NA","4.8","02-Nov-2033","7.926027","Straight","Fixed","BBB+","","15-Oct-25","4.390000","-","-","-","-","4.526807","294.770857","4.526807","-","101.816735","0.381370","6.518979","50.538358","1000","THB","Registered","-"
"BTSG35NA","4.95","02-Nov-2035","9.926027","Straight","Fixed","BBB+","","15-Dec-23","4.500000","-","-","-","-","4.700284","306.891721","4.700284","-","101.977636","0.393288","7.763386","73.027674","1000","THB","Registered","-"
"BWG283A","7.25","25-Mar-2028","2.315068","Straight","Fixed","","","-","-","-","-","-","-","6.372543","525.990443","6.372543","-","101.877512","1.330822","2.093657","5.157128","1000","THB","Registered","-"
"BWG287A","7.4","04-Jul-2028","2.591781","Straight","Fixed","","","-","-","-","-","-","-","6.630841","552.840214","6.630841","-","101.799946","1.175890","2.320791","6.305454","1000","THB","Registered","-"
"CBG264A","0","03-Apr-2026","0.336986","Straight","Fixed","A","","27-Nov-25","1.650000","-","-","-","-","1.650281","40.620492","1.650281","-","99.447691","0.000000","0.334228","0.277455","1000","THB","Registered","-"
"CENTEL266A","3.3","22-Jun-2026","0.556164","Straight","Fixed","A-","","07-Oct-25","1.630000","-","-","-","-","1.670210","42.626008","1.670210","-","100.895487","1.464658","0.544931","0.571055","1000","THB","Registered","-"
"CENTEL269A","3.39","29-Sep-2026","0.827397","Straight","Fixed","A-","","18-Nov-25","1.720000","-","-","-","-","1.713044","45.141097","1.713044","-","101.377411","0.585123","0.808100","1.057640","1000","THB","Registered","-"
"CENTEL286A","2.33","16-Jun-2028","2.542466","Straight","Fixed","A-","","06-Oct-25","1.720000","-","-","-","-","1.840137","57.442523","1.840137","-","101.207108","1.072438","2.434365","7.277629","1000","THB","Registered","-"
"CENTEL289A","1.88","26-Sep-2028","2.821918","Straight","Fixed","A-","","-","-","-","-","-","-","1.934237","65.998381","1.934237","-","99.858769","0.339945","2.719718","8.863700","1000","THB","Registered","-"
"CENTEL29DA","3.24","11-Dec-2029","4.030137","Straight","Fixed","A-","","26-Nov-25","2.220000","-","-","-","-","2.239259","90.923277","2.239259","-","103.834037","-0.088767","3.773804","16.584071","1000","THB","Registered","-"
"CENTEL30NA","2.35","20-Nov-2030","4.972603","Straight","Fixed","A-","","-","-","-","-","-","-","2.309275","92.889759","2.309275","-","100.199260","0.070822","4.658886","24.735577","1000","THB","Registered","-"
"CGH261A","5.5","26-Jan-2026","0.153425","Straight","Fixed","","","07-Jan-25","5.715000","-","-","-","-","5.245662","409.837324","5.245662","-","100.025189","0.542466","0.151439","0.060303","1000","THB","Registered","-"
"CGH264A","5.75","28-Apr-2026","0.405479","Straight","Fixed","","","09-Oct-23","5.890000","-","-","-","-","5.199550","409.469424","5.199550","-","100.207322","0.535616","0.400164","0.259739","1000","THB","Registered","-"
"CGH271A","5.8","26-Jan-2027","1.153425","Straight","Fixed","","","08-Oct-25","5.330000","-","-","-","-","5.402055","425.033930","5.402055","-","100.427883","0.572055","1.103397","1.514219","1000","THB","Registered","-"
"CI262A","7.1","09-Feb-2026","0.191781","Straight","Fixed","","","-","-","-","-","-","-","6.106805","499.758909","6.106805","-","100.170954","0.427945","0.188897","0.082196","1000","THB","Registered","-"
"CI263A","7.1","30-Mar-2026","0.326027","Straight","Fixed","","","-","-","-","-","-","-","6.452409","542.969855","6.452409","-","100.211213","1.206027","0.319938","0.182111","1000","THB","Registered","-"
"CI269A","7.1","28-Sep-2026","0.824658","Straight","Fixed","","","-","-","-","-","-","-","6.052935","492.686843","6.052935","-","100.837525","1.244932","0.786364","0.825992","1000","THB","Registered","-"
"CI272A","7.5","09-Feb-2027","1.191781","Straight","Fixed","","","-","-","-","-","-","-","6.551509","545.269094","6.551509","-","101.060789","0.452055","1.128423","1.581705","1000","THB","Registered","-"
"CI273A","7.4","20-Mar-2027","1.298630","Straight","Fixed","","","-","-","-","-","-","-","6.872091","580.700992","6.872091","-","100.654638","1.459726","1.214988","1.829644","1000","THB","Registered","-"
"CI279A","7.25","20-Sep-2027","1.802740","Straight","Fixed","","","-","-","-","-","-","-","6.732159","563.830514","6.732159","-","100.874380","1.430137","1.654628","3.276775","1000","THB","Registered","-"
"CIMBT34OA","3.9","28-Oct-2034","8.912329","Straight","Fixed","","A+(tha)","-","-","-","-","-","-","3.226863","159.788344","3.226863","-","105.184933","0.363288","7.523757","64.637431","1000","THB","Registered","-"
"CK265A","2.39","07-May-2026","0.430137","Straight","Fixed","A-","","27-Nov-25","1.855000","-","-","-","-","1.854998","61.087781","1.854998","-","100.237316","0.157151","0.426184","0.392767","1000","THB","Registered","-"
"CK265B","3.2","25-May-2026","0.479452","Straight","Fixed","A-","","28-Oct-25","2.000000","-","-","-","-","1.919702","67.523063","1.919702","-","100.620974","0.052603","0.474894","0.460714","1000","THB","Registered","-"
"CK267A","3.82","08-Jul-2026","0.600000","Straight","Fixed","A-","","14-Nov-25","1.970000","-","-","-","-","1.912884","68.397678","1.912884","-","101.134358","0.565151","0.594250","0.503838","1000","THB","Registered","-"
"CK274A","3.4","30-Apr-2027","1.410959","Straight","Fixed","A-","","17-Nov-25","2.440000","-","-","-","-","2.386675","113.756839","2.386675","-","101.400954","0.298082","1.369879","2.572991","1000","THB","Registered","-"
"CK275B","3.34","06-May-2027","1.427397","Straight","Fixed","A-","","-","-","-","-","-","-","2.819255","157.566000","2.819255","-","100.735844","0.228767","1.383493","2.615416","1000","THB","Registered","-"
"CK277A","3.95","11-Jul-2027","1.608219","Straight","Fixed","","","-","-","-","-","-","-","2.596170","136.482028","2.596170","-","102.122093","0.551918","1.552443","2.846682","1000","THB","Registered","-"
"CK27NC","3.65","03-Nov-2027","1.923288","Straight","Fixed","","","01-Nov-19","3.285000","-","-","-","-","2.972845","172.427571","2.972845","-","101.267346","0.280000","1.839106","4.345641","1000","THB","Registered","-"
"CK283A","3.99","08-Mar-2028","2.268493","Straight","Fixed","A-","","24-Dec-21","3.220000","-","-","-","-","2.743791","150.417137","2.743791","-","102.723458","0.590301","2.154567","5.317079","1000","THB","Registered","-"
"CK284A","3.3","23-Apr-2028","2.394521","Straight","Fixed","A-","","20-Nov-25","3.020000","-","-","-","-","2.930638","167.823609","2.930638","-","100.849692","0.352603","2.278947","6.426788","1000","THB","Registered","-"
"CK285A","3","07-May-2028","2.432877","Straight","Fixed","A-","","-","-","-","-","-","-","3.074188","182.302756","3.074188","-","99.838512","0.197260","2.321568","6.634316","1000","THB","Registered","-"
"CK285B","3.5","25-May-2028","2.482192","Straight","Fixed","A-","","-","-","-","-","-","-","3.152721","190.193092","3.152721","-","100.835900","0.057534","2.358160","6.837771","1000","THB","Registered","-"
"CK287A","4","25-Jul-2028","2.649315","Straight","Fixed","A-","","-","-","-","-","-","-","3.276676","203.036362","3.276676","-","101.802287","1.413699","2.468694","7.542428","1000","THB","Registered","-"
"CK294A","3.61","30-Apr-2029","3.413699","Straight","Fixed","A-","","-","-","-","-","-","-","3.375194","210.441367","3.375194","-","100.753309","0.316493","3.177412","12.007195","1000","THB","Registered","-"
"CK295B","3.85","06-May-2029","3.430137","Straight","Fixed","A-","","-","-","-","-","-","-","3.387110","211.559218","3.387110","-","101.499867","0.263699","3.183044","12.064132","1000","THB","Registered","-"
"CK296A","3.66","28-Jun-2029","3.575342","Straight","Fixed","A-","","26-May-25","3.590000","-","-","-","-","3.405561","212.519500","3.405561","-","100.842449","1.564274","3.276805","12.881347","1000","THB","Registered","-"
"CK304A","3.6","23-Apr-2030","4.394521","Straight","Fixed","A-","","-","-","-","-","-","-","3.459326","213.623867","3.459326","-","100.570945","0.384658","4.017883","18.871735","1000","THB","Registered","-"
"CK305A","3.8","25-May-2030","4.482192","Straight","Fixed","A-","","-","-","-","-","-","-","3.449057","212.168811","3.449057","-","101.460101","0.062466","4.090302","19.525470","1000","THB","Registered","-"
"CK308A","3.5","14-Aug-2030","4.704110","Straight","Fixed","A-","","-","-","-","-","-","-","3.466395","212.893304","3.466395","-","100.126729","1.045205","4.262201","21.274393","1000","THB","Registered","-"
"CK314A","3.78","30-Apr-2031","5.413699","Straight","Fixed","A-","","-","-","-","-","-","-","3.499891","210.829488","3.499891","-","101.372716","0.331397","4.847446","27.300479","1000","THB","Registered","-"
"CK315A","3.45","07-May-2031","5.432877","Straight","Fixed","A-","","-","-","-","-","-","-","3.528394","213.509064","3.528394","-","99.628042","0.226849","4.899249","27.743407","1000","THB","Registered","-"
"CK324A","3.8","23-Apr-2032","6.397260","Straight","Fixed","A-","","-","-","-","-","-","-","3.529392","203.499027","3.529392","-","101.538790","0.406027","5.619319","36.656828","1000","THB","Registered","-"
"CK325A","4.31","06-May-2032","6.432877","Straight","Fixed","A-","","-","-","-","-","-","-","3.559541","206.026000","3.559541","-","104.293081","0.295205","5.585045","36.445206","1000","THB","Registered","-"
"CK335A","4.15","25-May-2033","7.484932","Straight","Fixed","A-","","17-Oct-25","3.490000","-","-","-","-","3.650164","207.286495","3.650164","-","103.262242","0.068219","6.402774","47.820330","1000","THB","Registered","-"
"CK344A","4.1","30-Apr-2034","8.416438","Straight","Fixed","A-","","-","-","-","-","-","-","3.723530","210.411549","3.723530","-","102.700117","0.359452","7.061546","58.517101","1000","THB","Registered","-"
"CK354A","4","23-Apr-2035","9.397260","Straight","Fixed","A-","","-","-","-","-","-","-","3.836400","219.378157","3.836400","-","101.282242","0.427397","7.750773","70.844093","1000","THB","Registered","-"
"CKP264A","0","03-Apr-2026","0.336986","Straight","Fixed","A-","","17-Jun-24","3.450000","-","-","-","-","2.057036","81.673063","2.057036","-","99.312720","0.000000","0.333556","0.276339","1000","THB","Registered","-"
"CKP265A","2.45","28-May-2026","0.487671","Straight","Fixed","A-","","23-Jul-25","2.180000","-","-","-","-","2.082906","83.992601","2.082906","-","100.187115","0.020137","0.482645","0.471781","1000","THB","Registered","-"
"CKP274A","4.2","05-Apr-2027","1.342466","Straight","Fixed","A-","","-","-","-","-","-","-","2.551763","130.479061","2.551763","-","102.164588","0.655890","1.295691","2.342220","1000","THB","Registered","-"
"CKP27NA","3.76","25-Nov-2027","1.983562","Straight","Fixed","A-","","20-Nov-23","4.082500","-","-","-","-","2.997194","174.889200","2.997194","-","101.470363","0.061808","1.896801","4.591025","1000","THB","Registered","-"
"CKP285A","3.02","28-May-2028","2.490411","Straight","Fixed","A-","","-","-","-","-","-","-","3.037141","178.452750","3.037141","-","99.971365","0.024822","2.378259","6.929460","1000","THB","Registered","-"
"CKP286A","4.06","18-Jun-2028","2.547945","Straight","Fixed","A-","","03-Dec-19","3.729000","-","-","-","-","3.299990","205.240800","3.299990","-","101.834837","1.846466","2.364082","6.988158","1000","THB","Registered","-"
"CKP286B","3.15","10-Jun-2028","2.526027","Straight","Fixed","A-","","13-Nov-25","2.900000","-","-","-","-","2.777345","152.234983","2.777345","-","100.903124","-0.077671","2.415183","7.129862","1000","THB","Registered","-"
"CKP294A","4.6","05-Apr-2029","3.345205","Straight","Fixed","A-","","-","-","-","-","-","-","2.907904","163.326710","2.907904","-","105.355367","0.718356","3.077595","11.408032","1000","THB","Registered","-"
"CKP296A","3.3","10-Jun-2029","3.526027","Straight","Fixed","A-","","24-Oct-25","2.945000","-","-","-","-","2.927541","164.372125","2.927541","-","101.239364","-0.081370","3.311507","12.920752","1000","THB","Registered","-"
"CKP306A","3.45","10-Jun-2030","4.526027","Straight","Fixed","A-","","27-Nov-25","3.000000","-","-","-","-","3.004162","166.824750","3.004162","-","101.873732","-0.085068","4.171827","20.183545","1000","THB","Registered","-"
"CKP31OA","3.58","21-Oct-2031","5.890411","Straight","Fixed","A-","","26-Aug-25","3.300000","-","-","-","-","3.545932","212.977960","3.545932","-","100.181707","0.402137","5.246295","31.869632","1000","THB","Registered","-"
"CKP32NA","4.71","04-Nov-2032","6.931507","Straight","Fixed","A-","","12-Mar-24","4.900000","-","-","-","-","3.681375","213.486900","3.681375","-","106.251572","0.348411","5.891768","40.865235","1000","THB","Registered","-"
"CKP356A","3.9","10-Jun-2035","9.528767","Straight","Fixed","A-","","02-Oct-25","3.550000","-","-","-","-","3.922458","227.855958","3.922458","-","99.823912","-0.096164","7.897268","73.141771","1000","THB","Registered","-"
"CMC264A","7.3","26-Apr-2026","0.400000","Straight","Fixed","","","-","-","-","-","-","-","6.627335","560.066065","6.627335","-","100.247056","0.720000","0.392449","0.251592","1000","THB","Registered","-"
"CMC268A","7.3","18-Aug-2026","0.712329","Straight","Fixed","","","-","-","-","-","-","-","6.881512","584.496281","6.881512","-","100.274564","0.880000","0.686809","0.648136","1000","THB","Registered","-"
"CMC272A","7.3","11-Feb-2027","1.197260","Straight","Fixed","","","-","-","-","-","-","-","7.013483","593.861013","7.013483","-","100.308658","0.400000","1.133463","1.593358","1000","THB","Registered","-"
"CPALL21PA","4.6","30-Nov-2121","96.060274","Straight","Fixed","A","","31-Oct-25","-","-","-","-","-","-","-","-","-","101.128157","-","-","-","1000","THB","Registered","-"
"CPALL25DA","0","11-Dec-2025","0.027397","Straight","Fixed","","","03-Nov-25","1.390000","-","-","-","-","1.370976","11.945352","1.370976","-","99.962574","0.000000","0.027211","0.014253","1000","THB","Registered","-"
"CPALL263B","2.86","16-Mar-2026","0.287671","Straight","Fixed","AA-","","27-Nov-25","1.530000","-","-","-","-","1.480806","23.606215","1.480806","-","100.404920","0.595507","0.285557","0.223272","1000","THB","Registered","-"
"CPALL266A","3","16-Jun-2026","0.539726","Straight","Fixed","AA-","","20-Nov-25","1.600000","-","-","-","-","1.540048","29.515456","1.540048","-","100.779147","1.380822","0.529680","0.546937","1000","THB","Registered","-"
"CPALL268A","3.68","26-Aug-2026","0.734247","Straight","Fixed","AA-","","06-Oct-25","1.500000","-","-","-","-","1.547325","30.326405","1.547325","-","101.542829","0.977973","0.723815","0.887361","1000","THB","Registered","-"
"CPALL271A","3.95","18-Jan-2027","1.131507","Straight","Fixed","AA-","","20-Nov-25","1.530000","-","-","-","-","1.529251","27.240504","1.529251","-","102.687600","1.471781","1.094822","1.764365","1000","THB","Registered","-"
"CPALL272A","2.95","23-Feb-2027","1.230137","Straight","Fixed","AA-","","26-Nov-25","1.620000","-","-","-","-","1.617666","36.124734","1.617666","-","101.602692","0.808219","1.198973","2.049380","1000","THB","Registered","-"
"CPALL275A","2.9","13-May-2027","1.446575","Straight","Fixed","AA-","","31-Oct-25","1.730000","-","-","-","-","1.623379","36.653763","1.623379","-","101.829290","0.143014","1.413979","2.717531","1000","THB","Registered","-"
"CPALL275B","3.25","27-May-2027","1.484932","Straight","Fixed","AA-","","14-Mar-24","3.200000","-","-","-","-","1.709183","45.300885","1.709183","-","102.262893","0.035616","1.448984","2.836689","1000","THB","Registered","-"
"CPALL278A","3.96","18-Aug-2027","1.712329","Straight","Fixed","AA-","","05-Aug-25","1.770000","-","-","-","-","1.686821","43.431908","1.686821","-","103.811617","1.139178","1.646473","3.588596","1000","THB","Registered","-"
"CPALL278B","3.4","22-Aug-2027","1.723288","Straight","Fixed","AA-","","17-Oct-25","1.680000","-","-","-","-","1.690623","43.810643","1.690623","-","102.882273","0.940822","1.664664","3.650069","1000","THB","Registered","-"
"CPALL27NA","3.5","15-Nov-2027","1.956164","Straight","Fixed","AA-","","05-Nov-25","1.950000","-","-","-","-","1.678081","41.722267","1.678081","-","103.498257","0.153425","1.886238","4.548176","1000","THB","Registered","-"
"CPALL283B","3.42","16-Mar-2028","2.290411","Straight","Fixed","AA-","","24-Nov-25","1.725000","-","-","-","-","1.708696","44.523727","1.708696","-","103.835658","0.712110","2.188281","5.986379","1000","THB","Registered","-"
"CPALL286A","3.4","16-Jun-2028","2.542466","Straight","Fixed","AA-","","17-Oct-25","1.840000","-","-","-","-","1.877181","61.192397","1.877181","-","103.756320","1.564932","2.399102","7.145912","1000","THB","Registered","-"
"CPALL288A","4","26-Aug-2028","2.736986","Straight","Fixed","AA-","","14-Nov-25","1.990000","-","-","-","-","1.860187","59.309384","1.860187","-","105.668345","1.063014","2.576182","8.143897","1000","THB","Registered","-"
"CPALL288B","3.05","26-Aug-2028","2.736986","Straight","Fixed","AA-","","02-Oct-25","1.550000","-","-","-","-","1.872842","60.572677","1.872842","-","103.113657","0.810548","2.605733","8.264640","1000","THB","Registered","-"
"CPALL28OA","3.55","31-Oct-2028","2.917808","Straight","Fixed","AA-","","29-Oct-25","1.900000","-","-","-","-","1.889333","61.300785","1.889333","-","104.695494","0.301507","2.760626","9.197743","1000","THB","Registered","-"
"CPALL291A","4.12","18-Jan-2029","3.134247","Straight","Fixed","AA-","","15-Jul-25","1.992500","-","-","-","-","1.916236","63.745291","1.916236","-","106.648347","1.535123","2.907339","10.274022","1000","THB","Registered","-"
"CPALL293A","4.7","27-Mar-2029","3.320548","Straight","Fixed","AA-","","25-Apr-18","4.050000","-","-","-","-","1.959745","67.517122","1.959745","-","108.777560","0.836986","3.067617","11.351746","1000","THB","Registered","-"
"CPALL293B","3.45","27-Mar-2029","3.320548","Straight","Fixed","AA-","","25-Nov-25","1.940000","-","-","-","-","1.956515","67.155321","1.956515","-","104.787359","0.614384","3.119242","11.605355","1000","THB","Registered","-"
"CPALL298A","3.8","22-Aug-2029","3.726027","Straight","Fixed","AA-","","16-Oct-25","1.960000","-","-","-","-","2.101101","79.108272","2.101101","-","106.042223","1.051507","3.449034","14.141512","1000","THB","Registered","-"
"CPALL298B","3.2","22-Aug-2029","3.726027","Straight","Fixed","AA-","","21-Oct-25","2.100000","-","-","-","-","2.106287","79.587915","2.106287","-","103.885839","0.885479","3.482319","14.320423","1000","THB","Registered","-"
"CPALL302A","3.55","23-Feb-2030","4.232877","Straight","Fixed","AA-","","24-Oct-25","2.180000","-","-","-","-","2.126972","79.181765","2.126972","-","105.710765","0.972603","3.897858","17.851483","1000","THB","Registered","-"
"CPALL302B","2.34","23-Feb-2030","4.232877","Straight","Fixed","AA-","","19-Nov-25","2.180000","-","-","-","-","2.136085","79.961639","2.136085","-","100.817743","0.987288","3.971299","18.314659","1000","THB","Registered","-"
"CPALL305A","3.29","13-May-2030","4.449315","Straight","Fixed","AA-","","13-Nov-25","2.270000","-","-","-","-","2.147728","80.404517","2.147728","-","104.832270","0.162247","4.129707","19.786024","1000","THB","Registered","-"
"CPALL305B","3.4","13-May-2030","4.449315","Straight","Fixed","AA-","","02-Apr-25","2.520000","-","-","-","-","2.148553","80.504517","2.148553","-","105.293556","0.586849","4.105502","19.651633","1000","THB","Registered","-"
"CPALL305C","2.9","13-May-2030","4.449315","Straight","Fixed","AA-","","04-Sep-25","1.900000","-","-","-","-","2.147965","80.404517","2.147965","-","103.169409","1.223562","4.114963","19.758732","1000","THB","Registered","-"
"CPALL30OA","3.8","31-Oct-2030","4.917808","Straight","Fixed","AA-","","15-Aug-25","2.125000","-","-","-","-","2.177304","80.233081","2.177304","-","107.533136","0.322740","4.480404","23.340354","1000","THB","Registered","-"
"CPALL311A","4.4","18-Jan-2031","5.134247","Straight","Fixed","AA-","","20-Nov-25","2.230000","-","-","-","-","2.186951","79.875202","2.186951","-","110.666722","1.639452","4.561520","24.596549","1000","THB","Registered","-"
"CPALL313A","3.95","16-Mar-2031","5.290411","Straight","Fixed","AA-","","06-Oct-25","1.970000","-","-","-","-","2.214693","81.398195","2.214693","-","108.627543","0.822466","4.757742","26.415394","1000","THB","Registered","-"
"CPALL316A","3.9","16-Jun-2031","5.542466","Straight","Fixed","AA-","","21-Nov-25","2.320000","-","-","-","-","2.289254","87.345886","2.289254","-","108.331557","1.795068","4.922442","28.484131","1000","THB","Registered","-"
"CPALL325A","3.59","13-May-2032","6.452055","Straight","Fixed","AA-","","06-Oct-25","2.060000","-","-","-","-","2.396281","87.278598","2.396281","-","107.105002","0.177041","5.759160","38.186505","1000","THB","Registered","-"
"CPALL325B","3.6","13-May-2032","6.452055","Straight","Fixed","AA-","","27-Aug-25","2.030000","-","-","-","-","2.394741","87.127643","2.394741","-","107.173964","0.177534","5.757878","38.175039","1000","THB","Registered","-"
"CPALL325C","2.6","13-May-2032","6.452055","Straight","Fixed","AA-","","18-Aug-25","2.190000","-","-","-","-","2.401355","87.423200","2.401355","-","101.176992","1.096986","5.848364","39.131977","1000","THB","Registered","-"
"CPALL328A","3.92","22-Aug-2032","6.728767","Straight","Fixed","AA-","","02-Apr-25","2.800000","-","-","-","-","2.448614","89.699376","2.448614","-","109.056224","1.084712","5.887783","40.415248","1000","THB","Registered","-"
"CPALL328B","3.55","22-Aug-2032","6.728767","Straight","Fixed","AA-","","28-Oct-25","2.400000","-","-","-","-","2.448216","89.449330","2.448216","-","106.778467","0.982329","5.944191","40.938817","1000","THB","Registered","-"
"CPALL336A","4.2","16-Jun-2033","7.545205","Straight","Fixed","AA-","","21-Nov-25","2.520000","-","-","-","-","2.506443","90.933117","2.506443","-","111.564412","1.933151","6.413258","48.588420","1000","THB","Registered","-"
"CPALL33OA","4.2","31-Oct-2033","7.920548","Straight","Fixed","AA-","","15-Oct-25","2.700000","-","-","-","-","2.620274","100.362405","2.620274","-","111.236189","0.356712","6.769844","53.477614","1000","THB","Registered","-"
"CPALL343A","3.85","27-Mar-2034","8.323288","Straight","Fixed","AA-","","06-Aug-25","2.750000","-","-","-","-","2.721309","108.691808","2.721309","-","108.363834","0.685616","7.107251","58.882405","1000","THB","Registered","-"
"CPALL348A","3.75","22-Aug-2034","8.728767","Straight","Fixed","AA-","","20-Nov-25","2.800000","-","-","-","-","2.730149","108.376714","2.730149","-","107.853654","1.037671","7.406589","64.121424","1000","THB","Registered","-"
"CPALL352A","4.2","23-Feb-2035","9.235616","Straight","Fixed","AA-","","27-Jun-25","3.180000","-","-","-","-","3.341134","169.500666","3.341134","-","106.751856","1.150685","7.596012","68.452324","1000","THB","Registered","-"
"CPALL359A","3.9","29-Sep-2035","9.832877","Straight","Fixed","AA-","","20-Dec-24","3.550000","-","-","-","-","2.807871","113.502017","2.807871","-","109.332120","0.673151","8.170508","78.422741","1000","THB","Registered","-"
"CPALL359B","2.92","29-Sep-2035","9.832877","Straight","Fixed","AA-","","27-Aug-25","2.550000","-","-","-","-","2.817092","113.882282","2.817092","-","100.874723","1.232000","8.399177","81.704316","1000","THB","Registered","-"
"CPALL363A","4.64","16-Mar-2036","10.295890","Straight","Fixed","AA-","","26-Nov-24","3.615000","-","-","-","-","2.976219","129.026253","2.976219","-","114.666140","0.966137","8.257732","81.690668","1000","THB","Registered","-"
"CPALL363B","4.05","16-Mar-2036","10.295890","Straight","Fixed","AA-","","01-Sep-25","2.680000","-","-","-","-","2.984822","129.471093","2.984822","-","109.388857","0.843288","8.416442","83.890235","1000","THB","Registered","-"
"CPALL378A","4.64","22-Aug-2037","11.731507","Straight","Fixed","AA-","","16-Jul-25","3.100000","-","-","-","-","3.189081","136.424822","3.189081","-","114.079721","1.283945","9.119222","101.024761","1000","THB","Registered","-"
"CPAXT269A","3.2","13-Sep-2026","0.783562","Straight","Fixed","AA-","","24-Sep-25","1.442500","-","-","-","-","1.529492","26.765435","1.529492","-","101.301103","0.692603","0.765785","0.970200","1000","THB","Registered","-"
"CPAXT273A","0","31-Mar-2027","1.328767","Straight","Fixed","AA-","","04-Nov-25","1.590000","-","-","-","-","1.547553","29.026416","1.547553","-","97.972415","0.000000","1.318564","2.392832","1000","THB","Registered","-"
"CPAXT27OC","0","20-Oct-2027","1.884932","Straight","Fixed","AA-","","27-Nov-25","1.610000","-","-","-","-","1.605116","34.619109","1.605116","-","97.033620","0.000000","1.868565","4.418381","1000","THB","Registered","-"
"CPAXT284B","0","20-Apr-2028","2.386301","Straight","Fixed","AA-","","25-Nov-25","1.700000","-","-","-","-","1.705782","44.045825","1.705782","-","96.032265","0.000000","2.363404","6.757389","1000","THB","Registered","-"
"CPAXT289A","3.55","13-Sep-2028","2.786301","Straight","Fixed","AA-","","22-Aug-25","1.845000","-","-","-","-","1.718376","44.369050","1.718376","-","104.963233","0.768356","2.632937","8.446612","1000","THB","Registered","-"
"CPAXT28OB","0","20-Oct-2028","2.887671","Straight","Fixed","AA-","","25-Nov-25","1.710000","-","-","-","-","1.721835","44.601918","1.721835","-","95.176448","0.000000","2.858948","9.590859","1000","THB","Registered","-"
"CPAXT309A","3.8","13-Sep-2030","4.786301","Straight","Fixed","AA-","","15-Jul-25","2.350000","-","-","-","-","1.960675","59.338866","1.960675","-","108.365979","0.822466","4.357252","22.189194","1000","THB","Registered","-"
"CPAXT309B","2.23","13-Sep-2030","4.786301","Straight","Fixed","AA-","","26-Nov-25","1.950000","-","-","-","-","1.953836","58.412623","1.953836","-","101.251613","0.745370","4.486076","23.080240","1000","THB","Registered","-"
"CPAXT309C","1.93","13-Sep-2030","4.786301","Straight","Fixed","AA-","","-","-","-","-","-","-","1.954373","58.415298","1.954373","-","99.889248","0.222082","4.534013","23.380289","1000","THB","Registered","-"
"CPAXT329A","2.51","13-Sep-2032","6.789041","Straight","Fixed","AA-","","20-Oct-25","2.600000","-","-","-","-","2.311648","74.243058","2.311648","-","101.234442","0.838959","6.158988","43.162988","1000","THB","Registered","-"
"CPAXT329B","2.36","13-Sep-2032","6.789041","Straight","Fixed","AA-","","31-Oct-25","2.360099","-","-","-","-","2.314996","74.479599","2.314996","-","100.280789","0.271562","6.216493","43.638066","1000","THB","Registered","-"
"CPF22PA","4.5","02-Mar-2122","96.312329","Straight","Fixed","BBB+","","16-Sep-25","-","-","-","-","-","-","-","-","-","101.652567","-","-","-","1000","THB","Registered","-"
"CPF23PA","5.55","04-Dec-2123","98.071233","Straight","Fixed","BBB+","","08-Oct-25","-","-","-","-","-","-","-","-","-","104.822801","-","-","-","1000","THB","Registered","-"
"CPF25DA","2.96","28-Dec-2025","0.073973","Straight","Fixed","A","","10-Nov-25","1.560000","-","-","-","-","1.554720","30.654988","1.554720","-","100.103330","0.770411","0.073402","0.041806","1000","THB","Registered","-"
"CPF261A","2.99","22-Jan-2026","0.142466","Straight","Fixed","A","","22-Oct-25","1.575000","-","-","-","-","1.566011","32.043760","1.566011","-","100.188379","1.081315","0.141359","0.090113","1000","THB","Registered","-"
"CPF268A","3.15","10-Aug-2026","0.690411","Straight","Fixed","A","","19-Sep-25","1.640000","-","-","-","-","1.644473","40.323163","1.644473","-","101.020966","0.975205","0.681223","0.805626","1000","THB","Registered","-"
"CPF276A","3.4","05-Jun-2027","1.509589","Straight","Fixed","A","","06-Nov-25","1.850000","-","-","-","-","1.754097","49.996805","1.754097","-","102.443832","-0.037260","1.473428","2.920880","1000","THB","Registered","-"
"CPF276B","3.4","05-Jun-2027","1.509589","Straight","Fixed","A","","07-Nov-25","1.825000","-","-","-","-","1.759562","50.548621","1.759562","-","102.435586","-0.037260","1.473387","2.920719","1000","THB","Registered","-"
"CPF277A","4.51","29-Jul-2027","1.657534","Straight","Fixed","A","","05-Sep-25","1.700000","-","-","-","-","1.869234","61.904940","1.869234","-","104.279979","1.544521","1.583502","3.360657","1000","THB","Registered","-"
"CPF281A","3.6","24-Jan-2028","2.147945","Straight","Fixed","A","","06-Nov-25","2.235000","-","-","-","-","1.965911","70.945687","1.965911","-","103.403798","1.282192","2.042971","5.303484","1000","THB","Registered","-"
"CPF281B","3.15","22-Jan-2028","2.142466","Straight","Fixed","A","","20-Oct-25","2.100000","-","-","-","-","1.965920","70.951451","1.965920","-","102.457775","1.139178","2.047272","5.310251","1000","THB","Registered","-"
"CPF288A","3.6","10-Aug-2028","2.693151","Straight","Fixed","A","","16-Jul-25","2.160000","-","-","-","-","1.970017","70.487516","1.970017","-","104.240214","1.114521","2.543464","7.940430","1000","THB","Registered","-"
"CPF28NA","4.41","15-Nov-2028","2.958904","Straight","Fixed","A","","21-Jul-25","2.160000","-","-","-","-","1.981319","70.490091","1.981319","-","106.947856","0.193315","2.773581","9.316140","1000","THB","Registered","-"
"CPF292A","3.56","28-Feb-2029","3.246575","Straight","Fixed","A","","27-Nov-25","1.980000","-","-","-","-","1.988508","70.670830","1.988508","-","104.896295","0.926575","3.040693","11.091037","1000","THB","Registered","-"
"CPF301A","3.48","16-Jan-2030","4.128767","Straight","Fixed","A","","18-Nov-25","2.296000","-","-","-","-","2.248497","91.676363","2.248497","-","104.810655","1.315726","3.796563","17.011284","1000","THB","Registered","-"
"CPF308A","4","10-Aug-2030","4.693151","Straight","Fixed","A","","04-Sep-25","2.240000","-","-","-","-","2.454455","110.302452","2.454455","-","106.794477","1.238356","4.241028","21.176046","1000","THB","Registered","-"
"CPF30NA","4.66","15-Nov-2030","4.958904","Straight","Fixed","A","","29-Aug-25","2.430000","-","-","-","-","2.603703","123.161728","2.603703","-","109.513807","0.204274","4.437846","23.104285","1000","THB","Registered","-"
"CPF311A","3.6","22-Jan-2031","5.145205","Straight","Fixed","A","","01-Oct-25","2.610000","-","-","-","-","2.689925","130.530811","2.689925","-","104.326339","1.301918","4.631433","25.085627","1000","THB","Registered","-"
"CPF312A","3.8","28-Feb-2031","5.246575","Straight","Fixed","A","","18-Jun-24","3.810000","-","-","-","-","2.696841","130.514561","2.696841","-","105.341999","0.989041","4.711096","25.921317","1000","THB","Registered","-"
"CPF314A","3.73","12-Apr-2031","5.364384","Straight","Fixed","A","","15-Aug-25","2.500000","-","-","-","-","2.702367","130.189292","2.702367","-","105.099917","0.510959","4.834122","27.138411","1000","THB","Registered","-"
"CPF326A","3.75","05-Jun-2032","6.515068","Straight","Fixed","A","","-","-","-","-","-","-","2.828217","130.064849","2.828217","-","105.446819","-0.041096","5.779147","38.508119","1000","THB","Registered","-"
"CPF328A","5.3","03-Aug-2032","6.676712","Straight","Fixed","A","","27-Oct-25","3.000000","29-Mar-13","5.353756","5.353756","5.200000","2.836801","130.219132","2.836801","-","114.857953","1.742466","5.622019","37.782482","1000","THB","Registered","-"
"CPF328B","2.7","08-Aug-2032","6.690411","Straight","Fixed","A","","08-Oct-25","2.680000","-","-","-","-","2.853277","130.326439","2.853277","-","99.059270","0.850685","6.024683","41.510998","1000","THB","Registered","-"
"CPF331A","3.8","22-Jan-2033","7.147945","Straight","Fixed","A","","08-Oct-25","2.720000","-","-","-","-","2.875688","130.091237","2.875688","-","105.911307","1.374247","6.182121","44.690163","1000","THB","Registered","-"
"CPF342A","4.09","28-Feb-2034","8.249315","Straight","Fixed","A","","14-Nov-25","2.940000","-","-","-","-","2.927827","130.160685","2.927827","-","108.437077","1.064521","6.967411","57.035117","1000","THB","Registered","-"
"CPF351A","3.8","16-Jan-2035","9.131507","Straight","Fixed","A","","20-Oct-25","3.180000","-","-","-","-","3.165625","151.604337","3.165625","-","104.975669","1.436712","7.611247","68.322241","1000","THB","Registered","-"
"CPF356A","4","05-Jun-2035","9.515068","Straight","Fixed","A","","02-Sep-25","2.950000","-","-","-","-","3.236214","158.030636","3.236214","-","106.210331","-0.043836","7.932415","73.658546","1000","THB","Registered","-"
"CPF358A","3.1","08-Aug-2035","9.690411","Straight","Fixed","A","","22-Oct-25","3.300000","-","-","-","-","3.289639","162.508753","3.289639","-","98.421790","0.976712","8.215221","78.435739","1000","THB","Registered","-"
"CPF418A","5.42","19-Aug-2041","15.726027","Straight","Fixed","A","","15-Nov-24","4.650100","-","-","-","-","3.749375","175.489189","3.749375","-","119.678792","1.544329","10.905320","152.616635","1000","THB","Registered","-"
"CPF41DA","5.42","21-Dec-2041","16.065753","Straight","Fixed","A","","31-Oct-24","4.660000","-","-","-","-","3.796447","176.930040","3.796447","-","119.374176","2.420438","10.970902","156.194627","1000","THB","Registered","-"
"CPFTH261A","3.87","20-Jan-2026","0.136986","Straight","Fixed","A","","25-Nov-25","1.545000","-","-","-","-","1.544542","29.863129","1.544542","-","100.299613","1.420767","0.135937","0.085926","1000","THB","Registered","-"
"CPFTH267A","3.46","15-Jul-2026","0.619178","Straight","Fixed","A","","23-Jul-25","1.750000","-","-","-","-","1.615776","37.672625","1.615776","-","101.123628","1.317644","0.609933","0.678617","1000","THB","Registered","-"
"CPFTH275A","3.65","30-May-2027","1.493151","Straight","Fixed","A","","15-Sep-23","3.500000","-","-","-","-","1.709153","45.779967","1.709153","-","102.864203","0.010000","1.454408","2.857248","1000","THB","Registered","-"
"CPFTH278A","3.35","20-Aug-2027","1.717808","Straight","Fixed","A","","09-Sep-25","1.720000","-","-","-","-","1.850940","60.025624","1.850940","-","102.513386","0.945342","1.658492","3.625155","1000","THB","Registered","-"
"CPFTH279A","2.5","23-Sep-2027","1.810959","Straight","Fixed","A","","17-Nov-25","1.940000","-","-","-","-","1.850867","59.127987","1.850867","-","101.157183","0.472603","1.754149","3.986625","1000","THB","Registered","-"
"CPFTH281A","4.15","20-Jan-2028","2.136986","Straight","Fixed","A","","06-Oct-25","1.750000","-","-","-","-","1.973687","71.751004","1.973687","-","104.513095","1.523562","2.020416","5.215854","1000","THB","Registered","-"
"CPFTH281B","3.2","31-Jan-2028","2.167123","Straight","Fixed","A","","09-Oct-25","1.940000","-","-","-","-","2.013152","75.684716","2.013152","-","102.489502","1.078356","2.070064","5.416627","1000","THB","Registered","-"
"CPFTH287A","3.65","15-Jul-2028","2.621918","Straight","Fixed","A","","20-Oct-25","2.120000","-","-","-","-","2.080700","81.815381","2.080700","-","103.969495","1.390000","2.469777","7.536504","1000","THB","Registered","-"
"CPFTH292A","3.18","21-Feb-2029","3.227397","Straight","Fixed","A","","28-Oct-25","2.260000","-","-","-","-","2.119004","83.894675","2.119004","-","103.275120","0.888658","3.035733","11.027920","1000","THB","Registered","-"
"CPFTH295A","4","30-May-2029","3.495890","Straight","Fixed","A","","13-Nov-25","2.250000","-","-","-","-","2.119901","83.050855","2.119901","-","106.314392","0.010959","3.266445","12.659321","1000","THB","Registered","-"
"CPFTH295B","3.8","05-May-2029","3.427397","Straight","Fixed","A","","18-Jul-25","2.255000","-","-","-","-","2.122239","83.452582","2.122239","-","105.528106","0.270685","3.206981","12.230050","1000","THB","Registered","-"
"CPFTH299A","3.18","23-Sep-2029","3.813699","Straight","Fixed","A","","12-Nov-25","2.330000","-","-","-","-","2.177975","85.594657","2.177975","-","103.652746","0.601151","3.560482","14.907071","1000","THB","Registered","-"
"CPFTH305A","4.16","24-May-2030","4.479452","Straight","Fixed","A","","28-Sep-23","4.370000","-","-","-","-","2.409134","106.771599","2.409134","-","107.404733","0.079781","4.092436","19.594554","1000","THB","Registered","-"
"CPFTH308A","3.55","20-Aug-2030","4.720548","Straight","Fixed","A","","08-Feb-24","3.688000","-","-","-","-","2.423023","106.870430","2.423023","-","104.982596","1.001781","4.306644","21.678828","1000","THB","Registered","-"
"CPFTH315A","4.18","30-May-2031","5.495890","Straight","Fixed","A","","24-Nov-25","2.470000","-","-","-","-","2.481128","107.229183","2.481128","-","108.691030","0.011452","4.928404","28.213436","1000","THB","Registered","-"
"CPFTH317A","3.95","15-Jul-2031","5.621918","Straight","Fixed","A","","14-Aug-25","2.430000","-","-","-","-","2.500905","108.481789","2.500905","-","107.539200","1.504247","4.988897","29.197238","1000","THB","Registered","-"
"CPFTH31OA","2.54","22-Oct-2031","5.893151","Straight","Fixed","A","","28-Nov-25","2.521000","-","-","-","-","2.521000","108.669700","2.521000","-","100.105487","0.278356","5.423909","33.444089","1000","THB","Registered","-"
"CPFTH322A","3.7","21-Feb-2032","6.227397","Straight","Fixed","A","","14-May-25","3.140000","-","-","-","-","2.686120","121.924171","2.686120","-","105.757845","1.033973","5.510648","35.318850","1000","THB","Registered","-"
"CPFTH325A","4.3","05-May-2032","6.430137","Straight","Fixed","A","","24-Jul-25","2.770000","-","-","-","-","2.827384","131.718263","2.827384","-","108.611967","0.306301","5.622021","36.841929","1000","THB","Registered","-"
"CPFTH328A","3.8","20-Aug-2032","6.723288","Straight","Fixed","A","","17-Oct-25","2.820000","-","-","-","-","2.862534","131.638314","2.862534","-","105.676562","1.072329","5.876762","40.250898","1000","THB","Registered","-"
"CPFTH331A","4","31-Jan-2033","7.172603","Straight","Fixed","A","","26-Nov-25","2.890000","-","-","-","-","2.892213","131.763672","2.892213","-","107.104893","1.347945","6.171402","44.658792","1000","THB","Registered","-"
"CPFTH335A","4.43","24-May-2033","7.482192","Straight","Fixed","A","","20-Nov-25","3.042500","-","-","-","-","2.994898","140.846939","2.994898","-","109.567233","0.084959","6.399279","47.853977","1000","THB","Registered","-"
"CPFTH339A","3.7","23-Sep-2033","7.816438","Straight","Fixed","A","","28-Nov-25","3.010000","-","-","-","-","3.010000","140.069992","3.010000","-","104.780792","0.699452","6.731604","52.685529","1000","THB","Registered","-"
"CPFTH345A","4.63","05-May-2034","8.430137","Straight","Fixed","A","","18-Feb-25","4.120000","-","-","-","-","3.031853","140.324788","3.031853","-","111.820331","0.329808","7.030517","58.292536","1000","THB","Registered","-"
"CPFTH352A","3.88","21-Feb-2035","9.230137","Straight","Fixed","A","","04-Sep-25","2.880000","-","-","-","-","3.059840","140.682317","3.059840","-","106.528865","1.084274","7.699176","69.759759","1000","THB","Registered","-"
"CPFTH358A","4.11","20-Aug-2035","9.723288","Straight","Fixed","A","","28-Nov-25","3.070000","-","-","-","-","3.070000","140.823411","3.070000","-","108.663681","1.159808","7.984062","75.575959","1000","THB","Registered","-"
"CPFTH375A","5","05-May-2037","11.432877","Straight","Fixed","A","","01-Oct-25","3.445717","-","-","-","-","3.243056","144.672201","3.243056","-","116.680311","0.356164","8.890357","95.747607","1000","THB","Registered","-"
"CPFTH37OA","3.23","22-Oct-2037","11.898630","Straight","Fixed","A","","17-Nov-25","3.330000","-","-","-","-","3.314323","145.695157","3.314323","-","99.179106","0.353973","9.759666","111.685155","1000","THB","Registered","-"
"CPLAND26DA","5.25","20-Dec-2026","1.052055","Straight","Fixed","","","-","-","-","-","-","-","4.538429","335.397121","4.538429","-","100.729376","1.035616","1.008800","1.289471","1000","THB","Registered","-"
"CPN25DA","2.79","17-Dec-2025","0.043836","Straight","Fixed","AA","","10-Nov-25","1.400000","-","-","-","-","1.396010","14.538330","1.396010","-","100.056665","1.276521","0.043532","0.023510","1000","THB","Registered","-"
"CPN261A","1.65","29-Jan-2026","0.161644","Straight","Fixed","AA","","10-Nov-25","1.400000","-","-","-","-","1.391599","14.528047","1.391599","-","100.034171","0.565068","0.160527","0.105478","1000","THB","Registered","-"
"CPN261B","0","29-Jan-2026","0.161644","Straight","Fixed","AA","","23-Aug-21","1.350000","-","-","-","-","1.392489","14.617637","1.392489","-","99.775944","0.000000","0.160526","0.105477","1000","THB","Registered","-"
"CPN268A","1.37","19-Aug-2026","0.715068","Straight","Fixed","AA","","07-Oct-25","1.415000","-","-","-","-","1.461306","21.672553","1.461306","-","99.928671","0.390356","0.710583","0.859308","1000","THB","Registered","-"
"CPN26OA","3.23","19-Oct-2026","0.882192","Straight","Fixed","AA","","05-Sep-25","1.400000","-","-","-","-","1.477787","21.963502","1.477787","-","101.531131","0.380521","0.866540","1.184804","1000","THB","Registered","-"
"CPN272A","0","22-Feb-2027","1.227397","Straight","Fixed","AA","","25-Nov-25","1.600000","-","-","-","-","1.600145","34.343594","1.600145","-","98.062811","0.000000","1.217655","2.086679","1000","THB","Registered","-"
"CPN273A","2.01","11-Mar-2027","1.273973","Straight","Fixed","AA","","10-Nov-25","1.620000","-","-","-","-","1.605302","34.855033","1.605302","-","100.515586","0.446055","1.249120","2.191843","1000","THB","Registered","-"
"CPN27OA","3.49","19-Oct-2027","1.882192","Straight","Fixed","AA","","01-Sep-25","1.500000","-","-","-","-","1.634929","37.631508","1.634929","-","103.425696","0.411151","1.816142","4.253947","1000","THB","Registered","-"
"CPN293A","2.64","11-Mar-2029","3.276712","Straight","Fixed","AA","","22-Jul-25","1.750000","-","-","-","-","1.709779","42.408870","1.709779","-","102.959063","0.585863","3.115969","11.518112","1000","THB","Registered","-"
"CPN297A","3","18-Jul-2029","3.630137","Straight","Fixed","","","27-Oct-25","1.735000","-","-","-","-","1.725853","42.049682","1.725853","-","104.452831","1.117808","3.406997","13.741059","1000","THB","Registered","-"
"CPN298A","2.86","30-Aug-2029","3.747945","Straight","Fixed","AA","","27-Nov-25","1.760000","-","-","-","-","1.779222","46.058957","1.779222","-","103.900030","0.728712","3.525279","14.602466","1000","THB","Registered","-"
"CPN29OA","3.89","19-Oct-2029","3.884932","Straight","Fixed","AA","","03-Jul-25","1.867500","-","-","-","-","1.793822","46.551933","1.793822","-","107.828118","0.458274","3.603138","15.314792","1000","THB","Registered","-"
"CPN318A","3.14","30-Aug-2031","5.747945","Straight","Fixed","AA","","21-Nov-25","2.100000","-","-","-","-","2.066909","63.594634","2.066909","-","105.786029","0.800055","5.222328","31.415639","1000","THB","Registered","-"
"CPN323A","3.03","11-Mar-2032","6.279452","Straight","Fixed","AA","","04-Jul-25","2.610000","-","-","-","-","2.626846","114.320568","2.626846","-","102.327972","0.672411","5.656345","36.732943","1000","THB","Registered","-"
"CPNREIT262A","2.77","03-Feb-2026","0.175342","Straight","Fixed","A+","","-","-","-","-","-","-","1.690145","44.646009","1.690145","-","100.175560","0.910685","0.173873","0.116440","1000","THB","Registered","-"
"CPNREIT263A","2.13","31-Mar-2026","0.328767","Straight","Fixed","A+","","-","-","-","-","-","-","1.744722","50.158079","1.744722","-","100.127635","0.361808","0.325924","0.267779","1000","THB","Registered","-"
"CPNREIT263B","0","24-Mar-2026","0.309589","Straight","Fixed","A+","","31-Oct-25","1.700000","-","-","-","-","1.733403","49.044066","1.733403","-","99.467095","0.000000","0.306929","0.246351","1000","THB","Registered","-"
"CPNREIT268A","1.65","13-Aug-2026","0.698630","Straight","Fixed","A+","","16-Oct-25","1.870000","-","-","-","-","1.847540","60.900140","1.847540","-","99.855012","0.497260","0.692250","0.824160","1000","THB","Registered","-"
"CPNREIT272A","2.4","28-Feb-2027","1.243836","Straight","Fixed","A+","","26-Sep-25","1.940000","-","-","-","-","1.947834","69.431704","1.947834","-","100.541689","0.624658","1.214357","2.090126","1000","THB","Registered","-"
"CPNREIT272B","2.89","03-Feb-2027","1.175342","Straight","Fixed","A+","","21-Aug-25","1.915000","-","-","-","-","1.943715","69.032874","1.943715","-","101.080883","0.950137","1.143129","1.889642","1000","THB","Registered","-"
"CPNREIT283A","0","24-Mar-2028","2.312329","Straight","Fixed","A+","","19-Sep-25","2.000000","-","-","-","-","2.069482","80.843779","2.069482","-","95.356190","0.000000","2.285936","6.356763","1000","THB","Registered","-"
"CPNREIT288A","3.8","17-Aug-2028","2.712329","Straight","Fixed","A+","","17-Nov-25","2.220000","-","-","-","-","2.115576","85.164242","2.115576","-","104.401548","1.103562","2.554085","8.008901","1000","THB","Registered","-"
"CPNREIT294A","2.04","03-Apr-2029","3.339726","Straight","Fixed","A+","","-","-","-","-","-","-","2.190887","90.707300","2.190887","-","99.518577","0.329753","3.197385","12.016870","1000","THB","Registered","-"
"CPNREIT318A","2.96","13-Aug-2031","5.701370","Straight","Fixed","A+","","-","-","-","-","-","-","2.420698","99.739906","2.420698","-","102.842258","0.892055","5.189584","31.001755","1000","THB","Registered","-"
"CPNREIT32OA","2.53","03-Oct-2032","6.843836","Straight","Fixed","A+","","04-Nov-25","2.620000","-","-","-","-","2.570074","100.082623","2.570074","-","99.751894","0.408959","6.215320","43.822231","1000","THB","Registered","-"
"CRC26NA","3.26","16-Nov-2026","0.958904","Straight","Fixed","AA-","","27-Nov-25","1.590000","-","-","-","-","1.591813","32.917598","1.591813","-","101.587389","0.133973","0.939364","1.352229","1000","THB","Registered","-"
"CRC28OA","0","17-Oct-2028","2.879452","Straight","Fixed","AA-","","24-Nov-25","1.710000","-","-","-","-","1.702526","42.676500","1.702526","-","95.242276","0.000000","2.851072","9.542117","1000","THB","Registered","-"
"CRC28NA","3.53","16-Nov-2028","2.961644","Straight","Fixed","AA-","","17-Nov-25","1.770000","-","-","-","-","1.709086","43.054698","1.709086","-","105.238984","0.145068","2.807558","9.482271","1000","THB","Registered","-"
"CRC309A","1.83","17-Sep-2030","4.797260","Straight","Fixed","AA-","","27-Oct-25","1.825000","-","-","-","-","1.813049","44.231133","1.813049","-","100.079753","0.225616","4.560483","23.613549","1000","THB","Registered","-"
"CRC30OA","1.93","17-Oct-2030","4.879452","Straight","Fixed","AA-","","04-Nov-25","1.920000","-","-","-","-","1.830332","45.314711","1.830332","-","100.464666","0.237945","4.623982","24.283887","1000","THB","Registered","-"
"CRC30NA","3.84","16-Nov-2030","4.961644","Straight","Fixed","AA-","","24-Nov-25","1.920000","-","-","-","-","1.883862","50.304423","1.883862","-","109.227381","0.157808","4.530129","23.818511","1000","THB","Registered","-"
"CWTTH264A","7.4","04-Apr-2026","0.339726","Straight","Fixed","","","-","-","-","-","-","-","6.466322","544.139297","6.466322","-","100.295683","1.175890","0.333233","0.194104","1000","THB","Registered","-"
"CWTTH26OA","7.25","09-Oct-2026","0.854795","Straight","Fixed","","","-","-","-","-","-","-","6.338415","524.652793","6.338415","-","100.736072","1.052740","0.817637","0.883980","1000","THB","Registered","-"
"CWTTH272A","7.25","07-Feb-2027","1.186301","Straight","Fixed","","","-","-","-","-","-","-","6.517588","541.704424","6.517588","-","100.811963","0.476712","1.124482","1.570995","1000","THB","Registered","-"
"CWTTH276A","7","27-Jun-2027","1.569863","Straight","Fixed","","","-","-","-","-","-","-","6.865249","578.726471","6.865249","-","100.200850","1.246575","1.458565","2.571034","1000","THB","Registered","-"
"CWTTH27NA","7.25","07-Nov-2027","1.934247","Straight","Fixed","","","-","-","-","-","-","-","7.142020","608.055476","7.142020","-","100.175724","0.476712","1.784311","3.754557","1000","THB","Registered","-"
"DA278A","4.5","22-Aug-2027","1.723288","Straight","Fixed","BBB+","","-","-","-","-","-","-","3.914202","271.813000","3.914202","-","100.964160","0.110959","1.654217","3.203649","1000","THB","Registered","-"
"DA284A","4.95","05-Apr-2028","2.345205","Straight","Fixed","BBB+","","23-May-25","4.270000","-","-","-","-","4.080568","287.551745","4.080568","-","101.923964","0.773014","2.192065","5.536252","1000","THB","Registered","-"
"DA292A","4.85","22-Feb-2029","3.230137","Straight","Fixed","BBB+","","-","-","-","-","-","-","4.231629","300.707000","4.231629","-","101.845810","0.119589","2.974844","9.993589","1000","THB","Registered","-"
"DA307A","4.6","18-Jul-2030","4.630137","Straight","Fixed","BBB+","","-","-","-","-","-","-","4.393702","310.601685","4.393702","-","100.849255","0.554521","4.132503","19.289153","1000","THB","Registered","-"
"DA317A","5.8","05-Jul-2031","5.594521","Straight","Fixed","BBB+","","-","-","-","-","-","-","4.673758","333.188018","4.673758","-","105.503505","0.905753","4.747895","26.067653","1000","THB","Registered","-"
"DA327A","5.1","18-Jul-2032","6.632877","Straight","Fixed","BBB+","","-","-","-","-","-","-","4.925747","346.710368","4.925747","-","100.968282","0.614795","5.571853","35.846925","1000","THB","Registered","-"
"DAD27NA","2.01","21-Nov-2027","1.972603","Straight","Fixed","AAA(sf)","","-","-","-","-","-","-","1.939491","68.035953","1.939491","-","100.143512","0.055068","1.920243","4.671355","1000","THB","Registered","-"
"DAD27NB","2.01","21-Nov-2027","1.972603","Straight","Fixed","AAA(sf)","","27-Nov-25","1.940000","-","-","-","-","1.935407","67.624457","1.935407","-","100.151370","0.055068","1.920283","4.671548","1000","THB","Registered","-"
"DAD28NA","2.08","21-Nov-2028","2.975342","Straight","Fixed","AAA(sf)","","-","-","-","-","-","-","2.011507","73.443946","2.011507","-","100.204654","0.056986","2.863637","9.749559","1000","THB","Registered","-"
"DAD29NA","2.14","21-Nov-2029","3.975342","Straight","Fixed","AAA(sf)","","-","-","-","-","-","-","2.105353","77.220472","2.105353","-","100.139712","0.058630","3.783664","16.524854","1000","THB","Registered","-"
"DAD30NA","2.26","21-Nov-2030","4.975342","Straight","Fixed","AAA(sf)","","-","-","-","-","-","-","2.232990","85.146652","2.232990","-","100.135274","0.061918","4.672455","24.845826","1000","THB","Registered","-"
"DAD33NA","2.51","21-Nov-2033","7.978082","Amortization","Fixed","AAA(sf)","","27-Nov-25","2.490000","-","-","-","-","2.503370","94.409664","2.503370","-","100.061515","0.068767","6.345408","46.046094","1000","THB","Registered","-"
"DAOLS263A","4.75","13-Mar-2026","0.279452","Straight","Fixed","","B+(tha)","-","-","-","-","-","-","4.121625","298.688301","4.121625","-","100.176725","-0.156164","0.279992","0.147679","1000","THB","Registered","-"
"DAOLS264A","4.75","23-Apr-2026","0.391781","Straight","Fixed","","B+(tha)","-","-","-","-","-","-","4.242612","309.645280","4.242612","-","100.186528","0.507534","0.388158","0.247397","1000","THB","Registered","-"
"DAOLS269A","5","11-Sep-2026","0.778082","Straight","Fixed","","B+(tha)","-","-","-","-","-","-","4.438835","326.204144","4.438835","-","100.428708","-0.164384","0.761881","0.772455","1000","THB","Registered","-"
"DAOLS26OA","5","22-Oct-2026","0.890411","Straight","Fixed","","B+(tha)","-","-","-","-","-","-","4.582393","342.236553","4.582393","-","100.351978","0.534247","0.866298","0.974717","1000","THB","Registered","-"
"DCON272A","4.5","07-Feb-2027","1.186301","Straight","Fixed","","","-","-","-","-","-","-","3.765969","255.701852","3.765969","-","100.837475","0.295890","1.148132","1.622030","1000","THB","Registered","-"
"DHOUSE277A","7.5","17-Jul-2027","1.624658","Straight","Fixed","","","-","-","-","-","-","-","6.726085","565.228946","6.726085","-","101.165221","0.924658","1.510364","2.742459","1000","THB","Registered","-"
"DHOUSE27OA","7.5","30-Oct-2027","1.912329","Straight","Fixed","","","-","-","-","-","-","-","7.479587","643.724663","7.479587","-","100.016779","0.657534","1.757352","3.655916","1000","THB","Registered","-"
"DHOUSE27NA","7.25","09-Nov-2027","1.939726","Straight","Fixed","","","-","-","-","-","-","-","6.970322","589.932723","6.970322","-","100.489866","0.436986","1.790649","3.778832","1000","THB","Registered","-"
"DTN267A","3.19","22-Jul-2026","0.638356","Straight","Fixed","A+","","03-Sep-25","1.800000","-","-","-","-","1.767249","52.974871","1.767249","-","100.890389","1.153644","0.629111","0.711351","1000","THB","Registered","-"
"DTN267B","3.13","05-Jul-2026","0.591781","Straight","Fixed","A+","","19-Nov-25","1.765000","-","-","-","-","1.755350","51.951870","1.755350","-","100.797411","1.277726","0.583119","0.632754","1000","THB","Registered","-"
"DTN269A","1.5","02-Sep-2026","0.753425","Straight","Fixed","A+","","28-Oct-25","1.810000","-","-","-","-","1.801861","54.100122","1.801861","-","99.781654","0.369863","0.738930","0.914001","1000","THB","Registered","-"
"DTN274A","4.04","28-Apr-2027","1.405479","Straight","Fixed","A+","","14-Nov-25","1.870000","-","-","-","-","1.812344","55.723205","1.812344","-","103.081777","0.376329","1.364131","2.559722","1000","THB","Registered","-"
"DTN277A","4","15-Jul-2027","1.619178","Straight","Fixed","A+","","04-Apr-25","2.960000","-","-","-","-","2.395533","115.248777","2.395533","-","102.520983","1.523288","1.547703","3.222072","1000","THB","Registered","-"
"DTN279A","3.58","21-Sep-2027","1.805479","Straight","Fixed","A+","","05-Apr-23","3.410000","-","-","-","-","2.447440","119.290607","2.447440","-","101.996097","0.696384","1.728722","3.898605","1000","THB","Registered","-"
"DTN279B","2.98","24-Sep-2027","1.813699","Straight","Fixed","A+","","04-Feb-25","3.420000","-","-","-","-","2.450102","119.558135","2.450102","-","100.942486","0.555178","1.744856","3.954066","1000","THB","Registered","-"
"DTN289A","2.1","02-Sep-2028","2.756164","Straight","Fixed","A+","","17-Apr-23","3.500000","-","-","-","-","2.679542","141.334026","2.679542","-","98.480645","0.517808","2.636353","8.384617","1000","THB","Registered","-"
"DTN28DA","3.5","05-Dec-2028","3.013699","Straight","Fixed","A+","","21-May-24","3.850000","-","-","-","-","2.683093","141.920902","2.683093","-","102.336198","1.428767","2.812445","9.611406","1000","THB","Registered","-"
"DTN297A","4.2","15-Jul-2029","3.621918","Straight","Fixed","A+","","30-Aug-23","3.940000","-","-","-","-","2.780387","148.886066","2.780387","-","104.841064","1.599452","3.309429","13.171305","1000","THB","Registered","-"
"DTN299A","3.78","21-Sep-2029","3.808219","Straight","Fixed","A+","","01-Aug-25","2.775000","-","-","-","-","2.802646","148.821990","2.802646","-","103.513412","0.735288","3.507362","14.573004","1000","THB","Registered","-"
"DTN309A","3.5","24-Sep-2030","4.816438","Straight","Fixed","A+","","21-Aug-25","2.700000","-","-","-","-","2.950470","159.138068","2.950470","-","102.458652","0.652055","4.380841","22.353893","1000","THB","Registered","-"
"DTN317A","4.46","15-Jul-2031","5.621918","Straight","Fixed","A+","","07-Aug-25","3.070000","-","-","-","-","3.204727","180.031894","3.204727","-","106.390885","1.698466","4.901011","28.456146","1000","THB","Registered","-"
"DTN319A","2.66","02-Sep-2031","5.756164","Straight","Fixed","A+","","24-Jul-25","3.150000","-","-","-","-","3.224762","180.526027","3.224762","-","97.066039","0.655890","5.241978","31.477710","1000","THB","Registered","-"
"DTP265A","7.2","11-May-2026","0.441096","Straight","Fixed","","","-","-","-","-","-","-","6.388041","538.226725","6.388041","-","100.338064","0.394521","0.435887","0.298306","1000","THB","Registered","-"
"DTP269A","6.8","06-Sep-2026","0.764384","Straight","Fixed","","","-","-","-","-","-","-","5.731466","459.195442","5.731466","-","100.793590","-0.093151","0.740672","0.736034","1000","THB","Registered","-"
"DTP26NA","6.9","13-Nov-2026","0.950685","Straight","Fixed","","","-","-","-","-","-","-","6.066242","493.968706","6.066242","-","100.769263","1.247671","0.902641","1.057644","1000","THB","Registered","-"
"DTP276A","7.1","06-Jun-2027","1.512329","Straight","Fixed","","","-","-","-","-","-","-","6.009857","488.933401","6.009857","-","101.566868","-0.097260","1.428915","2.446536","1000","THB","Registered","-"
"DTP276B","6.9","11-Jun-2027","1.526027","Straight","Fixed","","","-","-","-","-","-","-","6.407509","531.477378","6.407509","-","100.715786","1.209863","1.424807","2.458070","1000","THB","Registered","-"
"DTP27NA","7.2","26-Nov-2027","1.986301","Straight","Fixed","","","-","-","-","-","-","-","6.357803","524.493473","6.357803","-","101.564315","1.301918","1.816468","3.913891","1000","THB","Registered","-"
"DTP27NB","6.9","26-Nov-2027","1.986301","Straight","Fixed","","","-","-","-","-","-","-","6.838311","575.975971","6.838311","-","100.098966","0.586027","1.833238","3.952937","1000","THB","Registered","-"
"DTP286A","7.2","09-Jun-2028","2.523288","Straight","Fixed","","","-","-","-","-","-","-","6.706847","560.729741","6.706847","-","101.140174","1.262466","2.265125","6.011880","1000","THB","Registered","-"
"DTP28NA","7.2","03-Nov-2028","2.926027","Straight","Fixed","","","-","-","-","-","-","-","7.125699","603.787437","7.125699","-","100.176739","0.611507","2.602518","7.859852","1000","THB","Registered","-"
"DUSIT22PA","8","11-Aug-2122","96.756164","Straight","Fixed","BB","","04-Mar-25","-","-","-","-","-","-","-","-","-","103.054640","-","-","-","1000","THB","Registered","-"
"DUSIT267A","5.55","06-Jul-2026","0.594521","Straight","Fixed","BBB-","","11-Mar-25","5.411759","-","-","-","-","4.737026","357.078288","4.737026","-","100.446355","2.250411","0.571642","0.612227","1000","THB","Registered","-"
"DUSIT26NA","5.55","09-Nov-2026","0.939726","Straight","Fixed","BBB-","","-","-","-","-","-","-","4.265881","303.052854","4.265881","-","101.185172","0.334521","0.902939","1.263599","1000","THB","Registered","-"
"EA26OA","2.744","16-Oct-2026","0.873973","Straight","Fixed","BB+","","-","-","-","-","-","-","8.680829","759.368479","8.680829","-","95.110484","0.345819","0.829631","1.089000","1000","THB","Registered","-"
"EA297A","3.61","11-Jul-2029","3.610959","Straight","Fixed","BB+","","11-Jun-25","8.590000","-","-","-","-","11.427736","1044.817361","11.427736","-","77.356720","1.414329","3.147683","11.981832","1000","THB","Registered","-"
"EA298A","3.58","15-Aug-2029","3.706849","Straight","Fixed","BB+","","09-Jan-23","3.540000","-","-","-","-","11.702888","1073.039233","11.702888","-","76.089192","1.059288","3.234482","12.573238","1000","THB","Registered","-"
"EASTW25DA","3.07","23-Dec-2025","0.060274","Straight","Fixed","A-","","25-Jun-24","3.450000","-","-","-","-","2.749657","151.377003","2.749657","-","100.018885","0.841096","0.059457","0.032860","1000","THB","Registered","-"
"EASTW275A","3.53","31-May-2027","1.495890","Straight","Fixed","A-","","15-Aug-22","3.400000","-","-","-","-","2.950281","171.138500","2.950281","-","100.847008","0.009671","1.448773","2.833031","1000","THB","Registered","-"
"EASTW278A","3.25","06-Aug-2027","1.679452","Straight","Fixed","A-","","24-Apr-25","2.780000","-","-","-","-","2.995822","176.206324","2.995822","-","100.398129","1.041781","1.612086","3.444582","1000","THB","Registered","-"
"EASTW282A","0","18-Feb-2028","2.216438","Straight","Fixed","A-","","-","-","-","-","-","-","3.485236","224.808196","3.485236","-","92.627626","0.000000","2.178476","5.816339","1000","THB","Registered","-"
"EASTW28OA","4.21","12-Oct-2028","2.865753","Straight","Fixed","A-","","20-Nov-25","3.630000","-","-","-","-","3.541247","228.802786","3.541247","-","101.806897","0.576712","2.665677","8.659394","1000","THB","Registered","-"
"EASTW298A","3.52","06-Aug-2029","3.682192","Straight","Fixed","A-","","-","-","-","-","-","-","3.768680","248.773425","3.768680","-","99.133849","1.128329","3.384531","13.635570","1000","THB","Registered","-"
"EASTW308A","3.8","18-Aug-2030","4.715068","Straight","Fixed","A-","","-","-","-","-","-","-","3.981164","265.318738","3.981164","-","99.207724","1.093151","4.230883","21.059808","1000","THB","Registered","-"
"EASTW30OA","4.41","12-Oct-2030","4.865753","Straight","Fixed","A-","","30-Jun-25","3.180000","-","-","-","-","3.994569","265.236111","3.994569","-","101.820943","0.604110","4.321923","22.000950","1000","THB","Registered","-"
"EASTW318A","3.72","06-Aug-2031","5.682192","Straight","Fixed","A-","","-","-","-","-","-","-","4.043488","265.008929","4.043488","-","98.352379","1.192438","5.008888","29.378881","1000","THB","Registered","-"
"EASTW325A","4.52","31-May-2032","6.501370","Straight","Fixed","A-","","18-Jun-24","4.090000","-","-","-","-","4.150840","265.247478","4.150840","-","102.089161","0.012384","5.593912","36.647015","1000","THB","Registered","-"
"EASTW332A","4.15","23-Feb-2033","7.235616","Straight","Fixed","A-","","23-Jun-25","3.190000","-","-","-","-","4.208937","265.575158","4.208937","-","99.613452","1.136986","6.120385","44.191946","1000","THB","Registered","-"
"EASTW334A","4.15","25-Apr-2033","7.402740","Straight","Fixed","","","-","-","-","-","-","-","4.220277","265.856056","4.220277","-","99.559584","0.420685","6.283291","46.293299","1000","THB","Registered","-"
"EASTW338A","4.2","18-Aug-2033","7.717808","Straight","Fixed","A-","","-","-","-","-","-","-","4.266545","269.288993","4.266545","-","99.543665","1.208219","6.452553","49.303996","1000","THB","Registered","-"
"EASTW33OA","4.81","12-Oct-2033","7.868493","Straight","Fixed","A-","","28-Aug-25","4.100000","-","-","-","-","4.280594","270.045934","4.280594","-","103.504141","0.658904","6.483373","50.036369","1000","THB","Registered","-"
"EASTW33OB","4.2","08-Oct-2033","7.857534","Straight","Fixed","A-","","-","-","-","-","-","-","4.269932","268.610244","4.269932","-","99.538785","0.621370","6.583734","51.078691","1000","THB","Registered","-"
"EASTW33OC","4.2","17-Oct-2033","7.882192","Straight","Fixed","A-","","-","-","-","-","-","-","4.292101","270.752906","4.292101","-","99.391611","0.517808","6.606159","51.387847","1000","THB","Registered","-"
"EASTW348A","4","06-Aug-2034","8.684932","Straight","Fixed","A-","","11-Sep-25","3.900000","-","-","-","-","4.379510","276.730732","4.379510","-","97.261600","1.282192","7.149395","60.724986","1000","THB","Registered","-"
"EB263A","2.7","27-Mar-2026","0.317808","Straight","Fixed","","AA(tha)","17-Nov-25","1.580000","-","-","-","-","1.567016","32.256820","1.567016","-","100.356689","0.466027","0.315338","0.255881","1000","THB","Registered","-"
"EB271A","0","05-Jan-2027","1.095890","Straight","Fixed","","AA(tha)","27-Oct-25","1.680000","-","-","-","-","1.678231","42.247787","1.678231","-","98.185186","0.000000","1.086771","1.719935","1000","THB","Registered","-"
"EGCO26NA","3.35","03-Nov-2026","0.923288","Straight","Fixed","AA","","17-Oct-25","1.850000","-","-","-","-","1.893236","63.193594","1.893236","-","101.333951","0.256986","0.902456","1.265372","1000","THB","Registered","-"
"EGCO28NA","3.71","03-Nov-2028","2.926027","Straight","Fixed","AA","","09-Oct-24","3.000000","-","-","-","-","2.005218","72.959400","2.005218","-","104.824327","0.284603","2.761951","9.212963","1000","THB","Registered","-"
"EGCO30NA","4.02","03-Nov-2030","4.926027","Straight","Fixed","AA","","22-Oct-25","2.330000","-","-","-","-","2.357993","98.457957","2.357993","-","107.691685","0.308384","4.464512","23.234995","1000","THB","Registered","-"
"EGCO33NA","4.32","03-Nov-2033","7.928767","Straight","Fixed","AA","","16-Feb-24","3.620000","-","-","-","-","2.780507","116.636654","2.780507","-","110.890910","0.331397","6.744119","53.200765","1000","THB","Registered","-"
"EGCO38NA","4.65","03-Nov-2038","12.931507","Straight","Fixed","AA","","10-Jan-25","3.760000","-","-","-","-","3.159348","126.338678","3.159348","-","115.728538","0.356712","9.916602","119.571436","1000","THB","Registered","-"
"EL282A","4.5","21-Feb-2028","2.224658","Straight","Fixed","","","-","-","-","-","-","-","3.762914","254.939245","3.762914","-","101.556229","0.123288","2.108199","5.092685","1000","THB","Registered","-"
"EP263A","6.7","27-Mar-2026","0.317808","Straight","Fixed","","","-","-","-","-","-","-","10.350733","962.835986","10.350733","-","98.861200","1.193151","0.309080","0.171822","1000","THB","Registered","-"
"EPG279A","3.52","23-Sep-2027","1.810959","Straight","Fixed","","A-(tha)","-","-","-","-","-","-","2.821933","157.145903","2.821933","-","101.232851","0.665425","1.731520","3.907290","1000","THB","Registered","-"
"ETC27DA","7.25","18-Dec-2027","2.046575","Straight","Fixed","","","-","-","-","-","-","-","6.030216","491.257521","6.030216","-","100.059216","1.469863","0.045884","0.013406","1000","THB","Registered","-"
"FPHT278A","3.94","15-Aug-2027","1.704110","Straight","Fixed","AA-","","13-Nov-25","2.140000","-","-","-","-","2.057935","80.985470","2.057935","-","103.124622","1.165808","1.635347","3.544843","1000","THB","Registered","-"
"FPHT283A","3.54","07-Mar-2028","2.265753","Straight","Fixed","AA-","","10-Aug-21","2.510000","-","-","-","-","2.352058","109.473694","2.352058","-","102.615129","0.824384","2.153636","5.819189","1000","THB","Registered","-"
"FPHT288A","3.88","17-Aug-2028","2.712329","Straight","Fixed","AA-","","22-Dec-20","2.650000","-","-","-","-","2.464076","120.434247","2.464076","-","103.675925","1.126795","2.546439","7.968411","1000","THB","Registered","-"
"FPT25DA","2.32","11-Dec-2025","0.027397","Straight","Fixed","","","19-Nov-25","1.730000","-","-","-","-","1.636988","38.746558","1.636988","-","100.018647","0.514849","0.027175","0.014216","1000","THB","Registered","-"
"FPT262A","2.85","02-Feb-2026","0.172603","Straight","Fixed","A","","21-Nov-25","1.660000","-","-","-","-","1.633185","38.896451","1.633185","-","100.195856","0.944795","0.171205","0.114220","1000","THB","Registered","-"
"FPT268A","0","07-Aug-2026","0.682192","Straight","Fixed","A","","04-Nov-25","1.685000","-","-","-","-","1.644859","40.392640","1.644859","-","98.882044","0.000000","0.680703","0.800932","1000","THB","Registered","-"
"FPT269A","2.49","01-Sep-2026","0.750685","Straight","Fixed","","","27-Nov-25","1.660000","-","-","-","-","1.661324","40.007806","1.661324","-","100.621269","0.620795","0.734352","0.906398","1000","THB","Registered","-"
"FPT26OA","3.76","02-Oct-2026","0.835616","Straight","Fixed","A","","07-Oct-25","1.680000","-","-","-","-","1.733836","48.075334","1.733836","-","101.687035","0.659288","0.819106","1.081645","1000","THB","Registered","-"
"FPT271A","2.85","14-Jan-2027","1.120548","Straight","Fixed","A","","31-Jan-20","2.750000","-","-","-","-","1.829543","57.520938","1.829543","-","101.113836","1.093151","1.089774","1.744176","1000","THB","Registered","-"
"FPT273A","2.78","11-Mar-2027","1.273973","Straight","Fixed","","","08-Oct-25","1.740000","-","-","-","-","1.832964","57.815848","1.832964","-","101.197005","0.616932","1.242273","2.174975","1000","THB","Registered","-"
"FPT275A","3.2","08-May-2027","1.432877","Straight","Fixed","A","","-","-","-","-","-","-","1.842301","58.736212","1.842301","-","101.923587","0.201644","1.396767","2.661476","1000","THB","Registered","-"
"FPT275B","0","14-May-2027","1.449315","Straight","Fixed","A","","21-Oct-25","1.820000","-","-","-","-","1.840265","58.530738","1.840265","-","97.380005","0.000000","1.436101","2.773890","1000","THB","Registered","-"
"FPT276A","4","30-Jun-2027","1.578082","Straight","Fixed","A","","30-Oct-25","1.850000","-","-","-","-","1.854430","60.115879","1.854430","-","103.317798","1.687671","1.508755","3.085723","1000","THB","Registered","-"
"FPT277A","3.5","07-Jul-2027","1.597260","Straight","Fixed","A","","09-Jan-25","3.040000","-","-","-","-","1.858089","60.801607","1.858089","-","102.563098","1.409589","1.537000","3.178825","1000","THB","Registered","-"
"FPT27OA","0","01-Oct-2027","1.832877","Straight","Fixed","","","17-Nov-25","1.950000","-","-","-","-","1.878394","62.175868","1.878394","-","96.633727","0.000000","1.814465","4.191076","1000","THB","Registered","-"
"FPT27NA","4.04","04-Nov-2027","1.926027","Straight","Fixed","A","","25-Sep-24","3.027500","-","-","-","-","1.893308","63.397776","1.893308","-","104.048240","0.298849","1.847175","4.389465","1000","THB","Registered","-"
"FPT27NB","3.39","15-Nov-2027","1.956164","Straight","Fixed","A","","27-Nov-25","1.920000","-","-","-","-","1.915379","65.614241","1.915379","-","102.825429","0.148603","1.885350","4.541768","1000","THB","Registered","-"
"FPT282A","3.23","02-Feb-2028","2.172603","Straight","Fixed","A","","24-Oct-25","1.960000","-","-","-","-","1.916685","65.934274","1.916685","-","102.766671","1.070767","2.075930","5.445165","1000","THB","Registered","-"
"FPT282B","0","02-Feb-2028","2.172603","Straight","Fixed","A","","15-Oct-25","1.810000","-","-","-","-","1.920030","66.246689","1.920030","-","95.933431","0.000000","2.151944","5.696603","1000","THB","Registered","-"
"FPT285A","0","16-May-2028","2.457534","Straight","Fixed","A","","04-Nov-25","1.980000","-","-","-","-","1.929370","66.459635","1.929370","-","95.395853","0.000000","2.431340","7.115468","1000","THB","Registered","-"
"FPT28OA","0","04-Oct-2028","2.843836","Straight","Fixed","A","","04-Nov-25","2.000000","-","-","-","-","1.936245","66.307626","1.936245","-","94.675058","0.000000","2.812498","9.302908","1000","THB","Registered","-"
"FPT28NA","2.65","16-Nov-2028","2.961644","Straight","Fixed","A","","10-Jun-25","2.585000","-","-","-","-","2.191090","91.594024","2.191090","-","101.316407","0.108904","2.828189","9.560792","1000","THB","Registered","-"
"FPT292A","3.8","15-Feb-2029","3.210959","Straight","Fixed","A","","08-Aug-25","2.360000","-","-","-","-","2.402173","112.583472","2.402173","-","104.272970","1.124384","2.987671","10.762033","1000","THB","Registered","-"
"FPT295A","3.75","15-May-2029","3.454795","Straight","Fixed","A","","02-Sep-25","2.400000","-","-","-","-","2.518649","123.357116","2.518649","-","104.061200","0.164384","3.228454","12.373472","1000","THB","Registered","-"
"FPT301A","3.2","14-Jan-2030","4.123288","Straight","Fixed","A","","21-Nov-25","2.605000","-","-","-","-","2.567528","123.926500","2.567528","-","102.443062","1.227397","3.802815","17.017403","1000","THB","Registered","-"
"FPT302A","3.69","02-Feb-2030","4.175342","Straight","Fixed","A","","23-May-24","3.720000","-","-","-","-","2.575286","124.661155","2.575286","-","104.365562","1.223260","3.819400","17.230099","1000","THB","Registered","-"
"FPT305A","3.5","08-May-2030","4.435616","Straight","Fixed","A","","10-Oct-25","2.500000","-","-","-","-","2.579932","124.198712","2.579932","-","103.843779","0.220548","4.089494","19.469961","1000","THB","Registered","-"
"FPT309A","4.19","28-Sep-2030","4.827397","Straight","Fixed","A","","11-Mar-25","3.320000","-","-","-","-","2.606135","124.298867","2.606135","-","107.145555","0.734685","4.345131","22.158976","1000","THB","Registered","-"
"FPT309B","2.5","16-Sep-2030","4.794521","Straight","Fixed","A","","26-Nov-25","2.600000","-","-","-","-","2.603931","124.052881","2.603931","-","99.543315","0.520548","4.459967","22.862068","1000","THB","Registered","-"
"FPT315A","4","15-May-2031","5.454795","Straight","Fixed","A","","24-Mar-25","3.355000","-","-","-","-","2.714415","130.858827","2.714415","-","106.489702","0.175342","4.896142","27.840929","1000","THB","Registered","-"
"FPT329A","2.66","16-Sep-2032","6.797260","Straight","Fixed","A","","-","-","-","-","-","-","2.860733","129.836266","2.860733","-","98.778192","0.553863","6.128549","42.801242","1000","THB","Registered","-"
"FSX269A","4.5","05-Sep-2026","0.761644","Straight","Fixed","","","-","-","-","-","-","-","3.596212","238.275824","3.596212","-","100.675660","-0.049315","0.745970","0.744628","1000","THB","Registered","-"
"FTREIT263A","3.12","14-Mar-2026","0.282192","Straight","Fixed","A","","08-Jul-25","2.100000","-","-","-","-","1.859128","61.759192","1.859128","-","100.364289","0.666740","0.279593","0.216681","1000","THB","Registered","-"
"FTREIT266A","2.54","24-Jun-2026","0.561644","Straight","Fixed","A","","07-Oct-25","1.850000","-","-","-","-","1.890281","64.869157","1.890281","-","100.358023","1.113425","0.551550","0.580429","1000","THB","Registered","-"
"FTREIT268A","3.14","08-Aug-2026","0.684932","Straight","Fixed","A","","05-Nov-25","1.930000","-","-","-","-","1.921677","68.478690","1.921677","-","100.815317","0.989315","0.674874","0.793391","1000","THB","Registered","-"
"FTREIT274A","3","03-Apr-2027","1.336986","Straight","Fixed","A","","11-Jul-25","2.300000","-","-","-","-","2.040728","78.789136","2.040728","-","101.261308","0.484932","1.301814","2.356481","1000","THB","Registered","-"
"FTREIT274B","0","02-Apr-2027","1.334247","Straight","Fixed","A","","18-Apr-24","3.100000","-","-","-","-","1.987027","73.361427","1.987027","-","97.396393","0.000000","1.321121","2.399423","1000","THB","Registered","-"
"FTREIT275A","3.85","31-May-2027","1.495890","Straight","Fixed","A","","25-Sep-24","3.301000","-","-","-","-","2.049246","79.824012","2.049246","-","102.644762","0.010548","1.453249","2.853123","1000","THB","Registered","-"
"FTREIT279A","0","27-Sep-2027","1.821918","Straight","Fixed","A","","09-Jan-25","2.830000","-","-","-","-","2.052756","79.459536","2.052756","-","96.355571","0.000000","1.799340","4.128155","1000","THB","Registered","-"
"FTREIT27DA","0","27-Dec-2027","2.071233","Straight","Fixed","A","","09-Jan-25","2.830000","-","-","-","-","2.049327","79.448486","2.049327","-","95.864894","0.000000","2.050225","5.218137","1000","THB","Registered","-"
"FTREIT283A","3.51","14-Mar-2028","2.284932","Straight","Fixed","A","","-","-","-","-","-","-","2.090937","83.072679","2.090937","-","103.158668","0.750082","2.176348","5.929136","1000","THB","Registered","-"
"FTREIT286A","3.3","24-Jun-2028","2.564384","Straight","Fixed","A","","05-Sep-25","2.130000","-","-","-","-","2.096496","83.290399","2.096496","-","102.982503","1.446575","2.420915","7.255883","1000","THB","Registered","-"
"FTREIT28NA","0","29-Nov-2028","2.997260","Straight","Fixed","A","","02-Sep-25","2.380000","-","-","-","-","2.109270","83.194951","2.109270","-","93.918242","0.000000","2.959202","10.221037","1000","THB","Registered","-"
"FTREIT293A","0","16-Mar-2029","3.290411","Straight","Fixed","A","","23-Sep-25","1.970000","-","-","-","-","2.115282","83.183562","2.115282","-","93.316025","0.000000","3.253263","12.193330","1000","THB","Registered","-"
"FTREIT294A","3.56","03-Apr-2029","3.339726","Straight","Fixed","A","","-","-","-","-","-","-","2.430944","115.020912","2.430944","-","103.600445","0.575452","3.124574","11.647979","1000","THB","Registered","-"
"FTREIT29DA","3.3","27-Dec-2029","4.073973","Straight","Fixed","A","","05-Sep-25","2.350000","-","-","-","-","2.595791","126.889418","2.595791","-","102.698280","1.419452","3.746231","16.578764","1000","THB","Registered","-"
"FTREIT303A","3.8","14-Mar-2030","4.284932","Straight","Fixed","A","","-","-","-","-","-","-","2.696832","136.666993","2.696832","-","104.445765","0.812055","3.916722","18.048158","1000","THB","Registered","-"
"FTREIT304A","3.3","03-Apr-2030","4.339726","Straight","Fixed","A","","02-Oct-25","2.540000","-","-","-","-","2.698308","136.586464","2.698308","-","102.449192","0.533425","4.005839","18.719582","1000","THB","Registered","-"
"FTREIT305A","3.23","29-May-2030","4.493151","Straight","Fixed","A","","18-Aug-25","2.850000","-","-","-","-","2.733148","139.393180","2.733148","-","102.099294","0.017699","4.161295","20.054492","1000","THB","Registered","-"
"FTREIT30OA","2.55","02-Oct-2030","4.838356","Straight","Fixed","A","","-","-","-","-","-","-","2.754598","139.145371","2.754598","-","99.077006","0.523973","4.492531","23.199395","1000","THB","Registered","-"
"FTREIT314A","3.75","03-Apr-2031","5.339726","Straight","Fixed","A","","-","-","-","-","-","-","2.946416","155.105876","2.946416","-","103.943898","0.606164","4.798610","26.788132","1000","THB","Registered","-"
"FTREIT316A","3.97","24-Jun-2031","5.564384","Straight","Fixed","A","","27-Jul-21","3.690000","-","-","-","-","2.961579","155.353945","2.961579","-","105.130154","1.740274","4.907345","28.369663","1000","THB","Registered","-"
"FTREIT325A","3.5","29-May-2032","6.495890","Straight","Fixed","A","","12-Nov-25","3.130000","-","-","-","-","3.017062","149.317033","3.017062","-","102.841539","0.019178","5.783657","38.470216","1000","THB","Registered","-"
"FTREIT329A","2.89","17-Sep-2032","6.800000","Straight","Fixed","A","","22-Sep-25","2.860000","-","-","-","-","3.127030","156.962949","3.127030","-","98.569099","0.593836","6.077117","42.295625","1000","THB","Registered","-"
"GCAP277A","7.25","30-Jul-2027","1.660274","Straight","Fixed","","","-","-","-","-","-","-","7.201799","615.414556","7.201799","-","100.056435","0.635616","1.545856","2.857032","1000","THB","Registered","-"
"GHM278A","3","04-Aug-2027","1.673973","Straight","Fixed","","","-","-","-","-","-","-","2.857489","159.385844","2.857489","-","100.220483","0.978082","1.599189","4.138860","1000","THB","Registered","-"
"GHM27OA","2.75","01-Oct-2027","1.832877","Straight","Fixed","","","-","-","-","-","-","-","2.855458","159.146352","2.855458","-","99.808879","0.459589","1.755946","4.815188","1000","THB","Registered","-"
"GLOCON275A","3","20-May-2027","1.465753","Straight","Fixed","","","-","-","-","-","-","-","2.368838","113.289139","2.368838","-","100.005224","0.090411","0.008171","0.002097","500","THB","Registered","-"
"GPSC26NA","2.52","08-Nov-2026","0.936986","Straight","Fixed","AA+","","21-Nov-25","1.550000","-","-","-","-","1.540994","27.818753","1.540994","-","100.913102","0.158795","0.919599","1.304958","1000","THB","Registered","-"
"GPSC273A","2.69","01-Mar-2027","1.246575","Straight","Fixed","AA+","","26-Nov-25","1.550000","-","-","-","-","1.547398","29.023812","1.547398","-","101.415072","0.670658","1.217518","2.102186","1000","THB","Registered","-"
"GPSC276A","3.04","10-Jun-2027","1.523288","Straight","Fixed","AA+","","19-Aug-25","1.470000","-","-","-","-","1.548876","29.282657","1.548876","-","102.238569","-0.074959","1.491030","2.980613","1000","THB","Registered","-"
"GPSC283A","2.86","01-Mar-2028","2.249315","Straight","Fixed","AA+","","21-Nov-25","1.630000","-","-","-","-","1.563216","29.941888","1.563216","-","102.862186","0.713041","2.161445","5.840636","1000","THB","Registered","-"
"GPSC29NA","2.86","08-Nov-2029","3.939726","Straight","Fixed","AA+","","13-Nov-25","2.060000","-","-","-","-","1.932019","59.955115","1.932019","-","103.509143","0.180219","3.709190","16.023662","1000","THB","Registered","-"
"GPSC306A","3.56","10-Jun-2030","4.526027","Straight","Fixed","AA+","","-","-","-","-","-","-","1.948187","59.956564","1.948187","-","106.948837","-0.087781","4.193599","20.392044","1000","THB","Registered","-"
"GPSC308A","2.94","07-Aug-2030","4.684932","Straight","Fixed","AA+","","06-Nov-25","2.080000","-","-","-","-","1.955603","59.756084","1.955603","-","104.373900","0.934356","4.338880","21.837358","1000","THB","Registered","-"
"GPSC313A","3.17","01-Mar-2031","5.249315","Straight","Fixed","AA+","","14-Nov-25","2.160000","-","-","-","-","2.052336","65.132981","2.052336","-","105.543402","0.790329","4.801628","26.647326","1000","THB","Registered","-"
"GPSC31NA","3.15","08-Nov-2031","5.939726","Straight","Fixed","AA+","","06-Nov-25","2.220000","-","-","-","-","2.098560","65.779044","2.098560","-","105.848642","0.198493","5.406866","33.472802","1000","THB","Registered","-"
"GPSC326A","3.75","10-Jun-2032","6.528767","Straight","Fixed","AA+","","28-Nov-25","2.300000","-","-","-","-","2.300000","76.366674","2.300000","-","108.739167","-0.092466","5.819657","38.975961","1000","THB","Registered","-"
"GPSC333A","3.46","01-Mar-2033","7.252055","Straight","Fixed","AA+","","26-Nov-25","2.310000","-","-","-","-","2.352160","76.267517","2.352160","-","107.353295","0.862630","6.377704","47.011352","1000","THB","Registered","-"
"GPSC34NA","3.25","08-Nov-2034","8.942466","Straight","Fixed","AA+","","24-Nov-25","2.400000","-","-","-","-","2.430543","76.895139","2.430543","-","106.556650","0.204795","7.756902","69.124758","1000","THB","Registered","-"
"GPSC354A","3.78","04-Apr-2035","9.345205","Straight","Fixed","AA+","","03-Nov-25","2.535000","-","-","-","-","2.464206","79.856648","2.464206","-","110.920469","0.600658","7.899846","72.778502","1000","THB","Registered","-"
"GPSC358A","3.24","07-Aug-2035","9.687671","Straight","Fixed","AA+","","13-Nov-25","2.595000","-","-","-","-","2.532661","85.732232","2.532661","-","106.026412","1.029699","8.252825","79.053654","1000","THB","Registered","-"
"GPSC363A","3.7","01-Mar-2036","10.254795","Straight","Fixed","AA+","","10-Nov-25","2.675000","-","-","-","-","2.599017","90.362244","2.599017","-","109.860555","0.922466","8.527194","85.342853","1000","THB","Registered","-"
"GPSC376A","4.4","10-Jun-2037","11.531507","Straight","Fixed","AA+","","28-Apr-25","3.050000","-","-","-","-","2.853994","103.579787","2.853994","-","115.093590","-0.108493","9.227558","101.334001","1000","THB","Registered","-"
"GRAND263A","7.2","12-Mar-2026","0.276712","Straight","Fixed","","","-","-","-","-","-","-","11.838010","1128.305299","11.838010","-","98.743798","-0.216986","0.272085","0.140096","1000","THB","Registered","-"
"GRAND264A","7.25","11-Apr-2026","0.358904","Straight","Fixed","","","-","-","-","-","-","-","11.866426","1127.658730","11.866426","-","98.364643","1.013014","0.347519","0.206188","1000","THB","Registered","-"
"GRAND267A","7.4","23-Jul-2026","0.641096","Straight","Fixed","","","-","-","-","-","-","-","12.073645","1145.983366","12.073645","-","97.118396","0.790685","0.612913","0.529658","1000","THB","Registered","-"
"GRAND271A","7.2","23-Jan-2027","1.145205","Straight","Fixed","","","-","-","-","-","-","-","12.342700","1166.516743","12.342700","-","94.563785","0.769315","1.067264","1.428060","1000","THB","Registered","-"
"GULF261A","3.61","25-Jan-2026","0.150685","Straight","Fixed","AA-","","01-Oct-25","1.470000","-","-","-","-","1.400768","15.421287","1.400768","-","100.315227","1.275863","0.149637","0.096689","1000","THB","Registered","-"
"GULF263A","2.85","30-Mar-2026","0.326027","Straight","Fixed","AA-","","26-Nov-25","1.490000","-","-","-","-","1.558300","31.366259","1.558300","-","100.428896","0.484110","0.323507","0.265159","1000","THB","Registered","-"
"GULF263B","3.37","28-Mar-2026","0.320548","Straight","Fixed","AA-","","28-Nov-25","1.550000","-","-","-","-","1.550000","30.537924","1.550000","-","100.592066","0.590904","0.318083","0.258995","1000","THB","Registered","-"
"GULF268A","3.5","18-Aug-2026","0.712329","Straight","Fixed","AA-","","-","-","-","-","-","-","1.674372","43.279271","1.674372","-","101.278582","1.006849","0.702037","0.845081","1000","THB","Registered","-"
"GULF268B","3.5","18-Aug-2026","0.712329","Straight","Fixed","AA-","","25-Nov-25","1.680000","-","-","-","-","1.680429","43.893617","1.680429","-","101.274233","1.006849","0.702016","0.845030","1000","THB","Registered","-"
"GULF269A","2.48","29-Sep-2026","0.827397","Straight","Fixed","AA-","","02-Sep-25","1.580000","-","-","-","-","1.697058","43.533678","1.697058","-","100.646418","0.428055","0.810311","1.061314","1000","THB","Registered","-"
"GULF272A","2.97","24-Feb-2027","1.232877","Straight","Fixed","AA-","","17-Oct-25","1.620000","-","-","-","-","1.689678","43.385336","1.689678","-","101.541897","0.805562","1.201111","2.055466","1000","THB","Registered","-"
"GULF273A","3","30-Mar-2027","1.326027","Straight","Fixed","AA-","","19-Aug-25","1.580000","-","-","-","-","1.690740","43.460832","1.690740","-","101.720559","0.509589","1.293267","2.331190","1000","THB","Registered","-"
"GULF274A","3.03","01-Apr-2027","1.331507","Straight","Fixed","AA-","","11-Sep-25","1.650000","-","-","-","-","1.690998","43.491311","1.690998","-","101.758366","0.506384","1.298492","2.347483","1000","THB","Registered","-"
"GULF278A","3.34","19-Aug-2027","1.715068","Straight","Fixed","AA-","","04-Nov-25","1.760000","-","-","-","-","1.689761","43.726904","1.689761","-","102.769210","0.951671","1.657319","3.621182","1000","THB","Registered","-"
"GULF278B","3.57","05-Aug-2027","1.676712","Straight","Fixed","AA-","","27-Aug-25","1.505000","-","-","-","-","1.686148","43.377927","1.686148","-","103.092666","1.154137","1.616268","3.469691","1000","THB","Registered","-"
"GULF279A","3.5","28-Sep-2027","1.824658","Straight","Fixed","AA-","","26-Feb-25","2.840000","-","-","-","-","1.701837","44.129354","1.701837","-","103.222699","0.613699","1.755605","4.007560","1000","THB","Registered","-"
"GULF279B","2.89","26-Sep-2027","1.819178","Straight","Fixed","AA-","","25-Sep-25","1.520000","-","-","-","-","1.705193","44.465575","1.705193","-","102.119176","0.522575","1.758305","4.009650","1000","THB","Registered","-"
"GULF283A","3.2","30-Mar-2028","2.328767","Straight","Fixed","AA-","","19-Nov-25","1.920000","-","-","-","-","1.846382","58.331400","1.846382","-","103.079543","0.543562","2.229403","6.181394","1000","THB","Registered","-"
"GULF283B","2.74","04-Mar-2028","2.257534","Straight","Fixed","AA-","","03-Sep-25","1.602500","-","-","-","-","1.814552","55.241817","1.814552","-","102.045265","0.660603","2.169318","5.873812","1000","THB","Registered","-"
"GULF284A","3.35","01-Apr-2028","2.334247","Straight","Fixed","AA-","","12-Nov-25","2.010000","-","-","-","-","1.851516","58.847553","1.851516","-","103.406861","0.559863","2.231515","6.196190","1000","THB","Registered","-"
"GULF289A","3.01","29-Sep-2028","2.830137","Straight","Fixed","AA-","","19-Nov-25","1.980000","-","-","-","-","1.891820","61.729753","1.891820","-","103.070801","0.519534","2.690876","8.755618","1000","THB","Registered","-"
"GULF289B","3.88","28-Sep-2028","2.827397","Straight","Fixed","AA-","","19-Nov-25","1.950000","-","-","-","-","1.891893","61.757780","1.891893","-","105.449418","0.680329","2.660798","8.623094","1000","THB","Registered","-"
"GULF289C","3.15","26-Sep-2028","2.821918","Straight","Fixed","AA-","","21-Nov-25","1.980000","-","-","-","-","1.886120","61.175084","1.886120","-","103.460515","0.569589","2.678327","8.689273","1000","THB","Registered","-"
"GULF28OA","1.76","03-Oct-2028","2.841096","Straight","Fixed","AA-","","25-Nov-25","1.900000","-","-","-","-","1.891335","61.819569","1.891335","-","99.640385","0.284493","2.746198","9.014800","1000","THB","Registered","-"
"GULF291A","3.85","25-Jan-2029","3.153425","Straight","Fixed","AA-","","01-Feb-24","3.500000","-","-","-","-","1.895966","61.636190","1.895966","-","105.931214","1.360685","2.937894","10.447917","1000","THB","Registered","-"
"GULF292A","3.21","24-Feb-2029","3.235616","Straight","Fixed","AA-","","25-Apr-25","2.405000","-","-","-","-","1.896381","61.400149","1.896381","-","104.085311","0.870658","3.046605","11.102727","1000","THB","Registered","-"
"GULF293A","3","04-Mar-2029","3.257534","Straight","Fixed","AA-","","22-Sep-25","1.732500","-","-","-","-","1.900143","61.675685","1.900143","-","103.466027","0.723288","3.077454","11.289842","1000","THB","Registered","-"
"GULF294A","3.37","01-Apr-2029","3.334247","Straight","Fixed","AA-","","28-Nov-25","1.905000","-","-","-","-","1.905000","61.914351","1.905000","-","104.710160","0.563205","3.137217","11.720636","1000","THB","Registered","-"
"GULF298A","3.9","18-Aug-2029","3.715068","Straight","Fixed","AA-","","-","-","-","-","-","-","2.075331","76.610899","2.075331","-","106.475498","1.121918","3.433342","14.036653","1000","THB","Registered","-"
"GULF298B","3.9","18-Aug-2029","3.715068","Straight","Fixed","AA-","","19-Nov-25","2.170000","-","-","-","-","2.071784","76.252395","2.071784","-","106.488602","1.121918","3.433421","14.037244","1000","THB","Registered","-"
"GULF299A","3.28","26-Sep-2029","3.821918","Straight","Fixed","AA-","","12-Nov-25","2.100000","-","-","-","-","2.086805","76.341284","2.086805","-","104.365343","0.593096","3.564975","14.953271","1000","THB","Registered","-"
"GULF303A","3.59","30-Mar-2030","4.328767","Straight","Fixed","AA-","","20-Feb-25","3.126000","-","-","-","-","2.141082","80.285614","2.141082","-","105.968745","0.609808","3.989582","18.626594","1000","THB","Registered","-"
"GULF303B","3.15","04-Mar-2030","4.257534","Straight","Fixed","AA-","","24-Nov-25","2.100000","-","-","-","-","2.115901","77.927307","2.115901","-","104.197384","0.759452","3.950792","18.228814","1000","THB","Registered","-"
"GULF308A","3.46","19-Aug-2030","4.717808","Straight","Fixed","AA-","","17-Dec-24","3.180000","-","-","-","-","2.174422","81.720508","2.174422","-","105.719895","0.985863","4.319374","21.774110","1000","THB","Registered","-"
"GULF309A","3.95","28-Sep-2030","4.827397","Straight","Fixed","AA-","","08-Jul-25","2.120000","-","-","-","-","2.179498","81.145379","2.179498","-","108.073934","0.692603","4.378549","22.417185","1000","THB","Registered","-"
"GULF30OA","2","03-Oct-2030","4.841096","Straight","Fixed","AA-","","26-Nov-25","2.180000","-","-","-","-","2.184661","81.380165","2.184661","-","99.158276","0.323288","4.568905","23.769748","1000","THB","Registered","-"
"GULF314A","3.55","01-Apr-2031","5.334247","Straight","Fixed","AA-","","10-Nov-25","2.310000","-","-","-","-","2.239542","83.521698","2.239542","-","106.553908","0.593288","4.839794","27.141267","1000","THB","Registered","-"
"GULF319A","3.4","29-Sep-2031","5.830137","Straight","Fixed","AA-","","22-Jul-25","2.200000","-","-","-","-","2.266289","83.344368","2.266289","-","106.164076","0.586849","5.260968","31.935634","1000","THB","Registered","-"
"GULF319B","3.53","26-Sep-2031","5.821918","Straight","Fixed","AA-","","28-Oct-25","2.300000","-","-","-","-","2.266922","83.479987","2.266922","-","106.857327","0.638301","5.237305","31.719279","1000","THB","Registered","-"
"GULF322A","3.7","24-Feb-2032","6.235616","Straight","Fixed","AA-","","30-Apr-25","2.825000","-","-","-","-","2.307239","83.380673","2.307239","-","108.024695","1.003562","5.537522","35.613072","1000","THB","Registered","-"
"GULF323A","3.35","04-Mar-2032","6.260274","Straight","Fixed","AA-","","26-Nov-25","2.320000","-","-","-","-","2.317295","83.578062","2.317295","-","105.992281","0.807671","5.606578","36.275153","1000","THB","Registered","-"
"GULF328A","4.31","05-Aug-2032","6.682192","Straight","Fixed","AA-","","13-Nov-24","3.460000","-","-","-","-","2.440669","89.494156","2.440669","-","111.438665","1.393370","5.785386","39.335540","1000","THB","Registered","-"
"GULF32OA","2.2","03-Oct-2032","6.843836","Straight","Fixed","AA-","","28-Oct-25","2.470000","-","-","-","-","2.484875","91.248681","2.484875","-","98.220429","0.355616","6.279350","44.441161","1000","THB","Registered","-"
"GULF333A","3.92","30-Mar-2033","7.331507","Straight","Fixed","AA-","","11-Jun-25","2.600000","-","-","-","-","2.528981","94.048936","2.528981","-","109.262512","0.665863","6.365516","47.117003","1000","THB","Registered","-"
"GULF339A","4.32","28-Sep-2033","7.830137","Straight","Fixed","AA-","","18-Jun-25","2.700000","-","-","-","-","2.556359","94.418476","2.556359","-","112.444371","0.757479","6.664015","52.063065","1000","THB","Registered","-"
"GULF344A","3.84","01-Apr-2034","8.336986","Straight","Fixed","AA-","","25-Sep-24","3.666000","-","-","-","-","2.581958","94.517571","2.581958","-","109.379077","0.641753","7.134513","59.258291","1000","THB","Registered","-"
"GULF349A","3.76","26-Sep-2034","8.824658","Straight","Fixed","AA-","","05-Sep-25","2.500000","-","-","-","-","2.601163","94.809584","2.601163","-","109.088910","0.679890","7.502759","65.589011","1000","THB","Registered","-"
"GULF353A","3.55","04-Mar-2035","9.260274","Straight","Fixed","AA-","","12-Nov-25","2.800000","-","-","-","-","2.707489","104.558769","2.707489","-","106.867965","0.855890","7.849801","71.804069","1000","THB","Registered","-"
"GULF35OA","2.37","03-Oct-2035","9.843836","Straight","Fixed","AA-","","15-Oct-25","2.425000","-","-","-","-","2.726418","104.133793","2.726418","-","96.944336","0.383096","8.660194","85.021644","1000","THB","Registered","-"
"GUNKUL267A","4","08-Jul-2026","0.600000","Straight","Fixed","","","27-Apr-23","4.001157","-","-","-","-","3.249133","205.197642","3.249133","-","100.438377","0.383562","0.592269","0.499934","1000","THB","Registered","-"
"GUNKUL26NA","4.25","22-Nov-2026","0.975342","Straight","Fixed","","","05-Nov-25","3.400000","-","-","-","-","3.384880","217.342640","3.384880","-","100.819189","0.104795","0.953743","1.154778","1000","THB","Registered","-"
"GVREIT274A","3.63","30-Apr-2027","1.410959","Straight","Fixed","A-","","-","-","-","-","-","-","2.935346","169.353180","2.935346","-","100.956314","0.318247","1.364498","2.554995","1000","THB","Registered","-"
"HENG275A","5.5","28-May-2027","1.487671","Straight","Fixed","","","-","-","-","-","-","-","5.152565","401.174006","5.152565","-","100.484958","0.045205","1.425668","2.426734","1000","THB","Registered","-"
"HMC26OA","4.23","10-Oct-2026","0.857534","Straight","Fixed","","BBB(tha)","13-Nov-25","4.900000","-","-","-","-","4.885623","367.638806","4.885623","-","99.457302","0.602630","0.825608","1.089435","1000","THB","Registered","-"
"HMC278A","5.2","27-Aug-2027","1.736986","Straight","Fixed","","BBB(tha)","-","-","-","-","-","-","5.303015","415.905949","5.303015","-","99.818769","0.056986","1.653159","3.206701","1000","THB","Registered","-"
"HMC27NA","3.88","19-Nov-2027","1.967123","Straight","Fixed","","BBB(tha)","-","-","-","-","-","-","5.314436","410.923339","5.314436","-","97.373434","0.127562","1.856424","4.411168","1000","THB","Registered","-"
"HMC28OA","4.4","10-Oct-2028","2.860274","Straight","Fixed","","BBB(tha)","21-Nov-25","5.400000","-","-","-","-","5.327790","411.168175","5.327790","-","97.571778","0.626849","2.626873","8.435914","1000","THB","Registered","-"
"HMC292A","5.9","27-Feb-2029","3.243836","Straight","Fixed","","BBB(tha)","-","-","-","-","-","-","5.818021","465.296779","5.818021","-","100.228079","0.064658","2.930007","9.788268","1000","THB","Registered","-"
"HMC30OA","4.75","10-Oct-2030","4.860274","Straight","Fixed","","BBB(tha)","-","-","-","-","-","-","6.051105","475.994326","6.051105","-","94.594591","0.676712","4.220233","21.165668","1000","THB","Registered","-"
"HMC30NA","4.2","19-Nov-2030","4.969863","Straight","Fixed","","BBB(tha)","01-Apr-24","3.850000","-","-","-","-","6.084743","478.217652","6.084743","-","92.044793","0.138082","4.368853","22.413273","1000","THB","Registered","-"
"HMC33OA","5.09","10-Oct-2033","7.863014","Straight","Fixed","","BBB(tha)","11-Sep-25","5.220000","-","-","-","-","6.336034","481.337316","6.336034","-","92.380264","0.725151","6.262254","47.456589","1000","THB","Registered","-"
"HMPRO261A","2.39","30-Jan-2026","0.164384","Straight","Fixed","AA-","","27-Nov-25","1.580000","-","-","-","-","1.580465","33.562091","1.580465","-","100.121520","0.811945","0.163095","0.107508","1000","THB","Registered","-"
"HMPRO269A","3.2","25-Sep-2026","0.816438","Straight","Fixed","AA-","","27-Oct-25","1.530000","-","-","-","-","1.584980","32.301233","1.584980","-","101.310083","0.587397","0.798191","1.036851","1000","THB","Registered","-"
"HMPRO269B","0","25-Sep-2026","0.816438","Straight","Fixed","AA-","","09-Sep-24","2.567500","-","-","-","-","1.504295","24.200758","1.504295","-","98.789971","0.000000","0.806264","1.050185","1000","THB","Registered","-"
"HMPRO26DA","3.02","15-Dec-2026","1.038356","Straight","Fixed","AA-","","20-Aug-25","1.500000","-","-","-","-","1.586842","33.062753","1.586842","-","101.470651","-0.115836","1.022855","1.557215","1000","THB","Registered","-"
"HMPRO277A","0","26-Jul-2027","1.649315","Straight","Fixed","","","27-Oct-25","1.490000","-","-","-","-","1.502325","24.807336","1.502325","-","97.555671","0.000000","1.641097","3.507631","1000","THB","Registered","-"
"HMPRO287A","0","11-Jul-2028","2.610959","Straight","Fixed","","","26-Nov-25","1.610000","-","-","-","-","1.605610","33.812963","1.605610","-","95.908426","0.000000","2.591524","8.001438","1000","THB","Registered","-"
"ICBCTL264A","2.74","08-Apr-2026","0.350685","Straight","Fixed","","AAA(tha)","24-Nov-25","1.555000","-","-","-","-","1.500577","25.508375","1.500577","-","100.434573","0.405370","0.348073","0.293896","1000","THB","Registered","-"
"ICBCTL264B","1.7","08-Apr-2026","0.350685","Straight","Fixed","","AAA(tha)","25-Nov-25","1.500000","-","-","-","-","1.499194","25.369012","1.499194","-","100.070611","0.004658","0.348076","0.293900","1000","THB","Registered","-"
"ICBCTL264C","3.34","30-Apr-2026","0.410959","Straight","Fixed","","AAA(tha)","27-Nov-25","1.500000","-","-","-","-","1.500046","25.334745","1.500046","-","100.763829","0.283671","0.407900","0.368814","1000","THB","Registered","-"
"ICBCTL266A","2.86","15-Jun-2026","0.536986","Straight","Fixed","","AAA(tha)","27-Nov-25","1.490000","-","-","-","-","1.490018","24.468806","1.490018","-","100.732314","-0.109699","0.534375","0.550768","1000","THB","Registered","-"
"ICBCTL268A","0","27-Aug-2026","0.736986","Straight","Fixed","","AAA(tha)","20-Nov-25","1.570000","-","-","-","-","1.559338","31.534911","1.559338","-","98.855463","0.000000","0.735362","0.905595","1000","THB","Registered","-"
"ICBCTL26OA","0","29-Oct-2026","0.909589","Straight","Fixed","","AAA(tha)","11-Dec-24","2.430000","-","-","-","-","1.582946","32.506903","1.582946","-","98.578202","0.000000","0.901087","1.258964","1000","THB","Registered","-"
"ICBCTL272A","2.91","27-Feb-2027","1.241096","Straight","Fixed","","AAA(tha)","-","-","-","-","-","-","1.579383","32.263266","1.579383","-","101.615595","0.765370","1.210357","2.082352","1000","THB","Registered","-"
"ICBCTL272B","0","26-Feb-2027","1.238356","Straight","Fixed","","AAA(tha)","11-Nov-25","1.650000","-","-","-","-","1.577285","32.037419","1.577285","-","98.073225","0.000000","1.228666","2.119147","1000","THB","Registered","-"
"ICBCTL274A","3.7","30-Apr-2027","1.410959","Straight","Fixed","","AAA(tha)","20-Nov-25","1.615000","-","-","-","-","1.574854","31.766813","1.574854","-","102.968083","0.314247","1.373518","2.589112","1000","THB","Registered","-"
"ICBCTL276A","3.06","13-Jun-2027","1.531507","Straight","Fixed","","AAA(tha)","26-Nov-25","1.700000","-","-","-","-","1.692726","43.795887","1.692726","-","102.060762","-0.100603","1.497953","3.004317","1000","THB","Registered","-"
"ICBCTL282A","2.48","27-Feb-2028","2.241096","Straight","Fixed","","AAA(tha)","-","-","-","-","-","-","1.798590","53.893345","1.798590","-","101.478603","0.652274","2.161747","5.829395","1000","THB","Registered","-"
"INET261A","5.55","07-Jan-2026","0.101370","Straight","Fixed","","","-","-","-","-","-","-","4.423806","324.461362","4.423806","-","100.115519","-0.091233","0.100261","0.034843","1000","THB","Registered","-"
"INET267A","5.8","23-Jul-2026","0.641096","Straight","Fixed","","","-","-","-","-","-","-","4.739251","359.881852","4.739251","-","100.656145","0.619726","0.627152","0.552491","1000","THB","Registered","-"
"INET267B","5.45","09-Jul-2026","0.602740","Straight","Fixed","","","-","-","-","-","-","-","4.355459","320.178200","4.355459","-","100.639019","0.791370","0.590428","0.498605","1000","THB","Registered","-"
"INET26OA","5.3","04-Oct-2026","0.841096","Straight","Fixed","","","-","-","-","-","-","-","4.942162","378.678494","4.942162","-","100.280945","0.842192","0.813691","0.873744","1000","THB","Registered","-"
"INET272A","5.8","09-Feb-2027","1.191781","Straight","Fixed","","","-","-","-","-","-","-","4.740749","356.336666","4.740749","-","101.208180","0.842192","1.137503","1.605303","1000","THB","Registered","-"
"INET277A","5.45","10-Jul-2027","1.605479","Straight","Fixed","","","-","-","-","-","-","-","4.726411","355.999345","4.726411","-","101.101984","0.776438","1.523084","2.764454","1000","THB","Registered","-"
"INET277B","5.7","04-Jul-2027","1.589041","Straight","Fixed","","","-","-","-","-","-","-","5.418951","428.134594","5.418951","-","100.412258","0.905753","1.500962","2.694380","1000","THB","Registered","-"
"INET282A","5.8","10-Feb-2028","2.194521","Straight","Fixed","","","-","-","-","-","-","-","5.050813","388.108392","5.050813","-","101.534716","0.826301","2.035403","4.820885","1000","THB","Registered","-"
"INET286A","5.6","01-Jun-2028","2.501370","Straight","Fixed","","","-","-","-","-","-","-","5.491877","433.600209","5.491877","-","100.239359","0.935890","2.299335","6.110351","1000","THB","Registered","-"
"IRPC265A","3","20-May-2026","0.465753","Straight","Fixed","A-","","12-Jun-25","2.652500","-","-","-","-","2.397030","115.796022","2.397030","-","100.289382","0.090411","0.460237","0.439212","1000","THB","Registered","-"
"IRPC265B","3.03","20-May-2026","0.465753","Straight","Fixed","A-","","11-Nov-24","3.040000","-","-","-","-","2.399326","116.028412","2.399326","-","100.302252","0.091315","0.460232","0.439202","1000","THB","Registered","-"
"IRPC265C","3.2","31-May-2026","0.495890","Straight","Fixed","A-","","19-Feb-25","3.180000","-","-","-","-","2.396878","116.394562","2.396878","-","100.397869","0.008767","0.490018","0.482225","1000","THB","Registered","-"
"IRPC265D","3.2","31-May-2026","0.495890","Straight","Fixed","A-","","-","-","-","-","-","-","2.396614","116.367803","2.396614","-","100.397999","0.008767","0.490018","0.482226","1000","THB","Registered","-"
"IRPC275A","3.1","20-May-2027","1.465753","Straight","Fixed","A-","","-","-","-","-","-","-","2.643616","139.759166","2.643616","-","100.664027","0.093425","1.424232","2.749217","1000","THB","Registered","-"
"IRPC275B","3.1","20-May-2027","1.465753","Straight","Fixed","A-","","10-Jun-25","2.890000","-","-","-","-","2.674084","142.846281","2.674084","-","100.620317","0.093425","1.424013","2.748377","1000","THB","Registered","-"
"IRPC281A","0","25-Jan-2028","2.150685","Straight","Fixed","A-","","25-Aug-25","3.020000","-","-","-","-","3.025137","178.158555","3.025137","-","93.746672","0.000000","2.118639","5.532167","1000","THB","Registered","-"
"IRPC285A","2.91","20-May-2028","2.468493","Straight","Fixed","A-","","02-Sep-25","2.900000","-","-","-","-","3.035163","178.287151","3.035163","-","99.716057","0.087699","2.359141","6.826195","1000","THB","Registered","-"
"IRPC285B","3.7","31-May-2028","2.498630","Straight","Fixed","A-","","21-May-25","3.300000","-","-","-","-","3.118605","186.900391","3.118605","-","101.390651","0.010137","2.370463","6.907857","1000","THB","Registered","-"
"IRPC285C","3.7","31-May-2028","2.498630","Straight","Fixed","A-","","-","-","-","-","-","-","3.115394","186.574436","3.115394","-","101.398370","0.010137","2.370505","6.908090","1000","THB","Registered","-"
"IRPC293A","3.8","25-Mar-2029","3.315068","Straight","Fixed","A-","","02-Apr-25","3.795000","-","-","-","-","3.202248","193.253226","3.202248","-","101.876532","0.697534","3.075492","11.335002","1000","THB","Registered","-"
"IRPC295A","4.17","20-May-2029","3.468493","Straight","Fixed","A-","","28-Oct-25","3.170000","-","-","-","-","3.161584","188.435919","3.161584","-","103.301840","0.125671","3.211710","12.286135","1000","THB","Registered","-"
"IRPC303A","3.95","25-Mar-2030","4.315068","Straight","Fixed","A-","","-","-","-","-","-","-","3.378560","205.745727","3.378560","-","102.287688","0.725068","3.917553","18.079640","1000","THB","Registered","-"
"IRPC305A","4","31-May-2030","4.498630","Straight","Fixed","A-","","18-Nov-25","3.450000","-","-","-","-","3.410200","208.286825","3.410200","-","102.444556","0.010959","4.093741","19.585290","1000","THB","Registered","-"
"IRPC305B","4","31-May-2030","4.498630","Straight","Fixed","A-","","-","-","-","-","-","-","3.454070","212.748136","3.454070","-","102.260747","0.010959","4.092501","19.574650","1000","THB","Registered","-"
"IRPC309A","3.93","11-Sep-2030","4.780822","Straight","Fixed","A-","","04-Nov-20","3.785000","-","-","-","-","3.476319","212.814557","3.476319","-","101.991867","0.872137","4.292418","21.635779","1000","THB","Registered","-"
"IRPC313A","4.1","25-Mar-2031","5.315068","Straight","Fixed","A-","","18-Jun-25","3.750000","-","-","-","-","3.514077","212.999768","3.514077","-","102.829573","0.752603","4.718015","26.079511","1000","THB","Registered","-"
"IRPC315A","3.38","20-May-2031","5.468493","Straight","Fixed","A-","","24-Jul-25","3.620000","-","-","-","-","3.517118","212.116525","3.517118","-","99.336513","0.101863","4.942035","28.165993","1000","THB","Registered","-"
"IRPC323A","4.25","25-Mar-2032","6.317808","Straight","Fixed","A-","","-","-","-","-","-","-","3.503861","202.907845","3.503861","-","104.205810","0.780137","5.482643","35.237972","1000","THB","Registered","-"
"IRPC325A","4.52","20-May-2032","6.471233","Straight","Fixed","A-","","26-Nov-25","3.500000","-","-","-","-","3.498877","199.211972","3.498877","-","105.880537","0.136219","5.599168","36.679194","1000","THB","Registered","-"
"IRPC335A","4.2","31-May-2033","7.501370","Straight","Fixed","A-","","23-Jul-25","3.710000","-","-","-","-","3.914487","234.277239","3.914487","-","101.844916","0.011507","6.392426","47.729461","1000","THB","Registered","-"
"IRPC335B","4.2","31-May-2033","7.501370","Straight","Fixed","A-","","-","-","-","-","-","-","3.931852","236.048474","3.931852","-","101.731924","0.011507","6.391234","47.715073","1000","THB","Registered","-"
"IRPC343A","4.35","25-Mar-2034","8.317808","Straight","Fixed","A-","","-","-","-","-","-","-","4.010218","240.175733","4.010218","-","102.394623","0.798493","6.888660","56.217067","1000","THB","Registered","-"
"IRPC345A","4.86","20-May-2034","8.471233","Straight","Fixed","A-","","01-Oct-25","4.050000","-","-","-","-","4.152932","254.528995","4.152932","-","105.021990","0.146466","6.926705","57.070186","1000","THB","Registered","-"
"IRPC359A","4.4","11-Sep-2035","9.783562","Straight","Fixed","A-","","16-Dec-20","4.200000","-","-","-","-","4.340236","270.062913","4.340236","-","100.484180","0.976438","7.806283","73.235116","1000","THB","Registered","-"
"IRPC365A","4.1","20-May-2036","10.473973","Straight","Fixed","A-","","06-Sep-21","3.700000","-","-","-","-","4.381520","270.361274","4.381520","-","97.672380","0.123562","8.391452","83.911783","1000","THB","Registered","-"
"ISTORE273A","7.5","13-Mar-2027","1.279452","Straight","Fixed","","","-","-","-","-","-","-","7.276452","623.472985","7.276452","-","100.273963","-0.246575","1.215660","1.807175","1000","THB","Registered","-"
"ISTORE27NA","7.65","29-Nov-2027","1.994521","Straight","Fixed","","","-","-","-","-","-","-","7.761242","672.366637","7.761242","-","99.801131","0.041918","1.831594","3.942617","1000","THB","Registered","-"
"IVL24PA","6.1","05-Jul-2124","98.657534","Straight","Fixed","A-","","04-Nov-25","-","-","-","-","-","-","-","-","-","106.918392","-","-","-","1000","THB","Registered","-"
"IVL25DA","3.92","09-Dec-2025","0.021918","Straight","Fixed","A+","","31-Mar-25","2.550000","-","-","-","-","1.852912","60.503088","1.852912","-","100.039339","1.879452","0.021717","0.011230","1000","THB","Registered","-"
"IVL265A","3","18-May-2026","0.460274","Straight","Fixed","A+","","27-Nov-25","1.850000","-","-","-","-","1.849956","60.518266","1.849956","-","100.536500","0.106849","0.456056","0.433925","1000","THB","Registered","-"
"IVL26OA","3.68","20-Oct-2026","0.884932","Straight","Fixed","A+","","22-Aug-25","1.995000","-","-","-","-","1.934222","67.922954","1.934222","-","101.525571","0.423452","0.866227","1.183628","1000","THB","Registered","-"
"IVL26NA","2.48","03-Nov-2026","0.923288","Straight","Fixed","A+","","13-Nov-25","1.950000","-","-","-","-","1.933131","68.979721","1.933131","-","100.494935","0.190247","0.911760","1.063374","1000","THB","Registered","-"
"IVL26DA","0","14-Dec-2026","1.035616","Straight","Fixed","A+","","15-Oct-25","2.070000","-","-","-","-","2.126642","87.535129","2.126642","-","97.833064","0.000000","1.024720","1.557021","1000","THB","Registered","-"
"IVL273A","3.1","14-Mar-2027","1.282192","Straight","Fixed","A+","","26-Jun-25","2.380000","-","-","-","-","2.146463","89.474633","2.146463","-","101.210314","0.662466","1.246212","2.187499","1000","THB","Registered","-"
"IVL274A","2.66","01-Apr-2027","1.331507","Straight","Fixed","A+","","13-Nov-25","2.230000","-","-","-","-","2.184901","93.358935","2.184901","-","100.622182","0.444548","1.297802","2.341751","1000","THB","Registered","-"
"IVL275A","4.11","04-May-2027","1.421918","Straight","Fixed","A+","","13-Aug-25","2.320000","-","-","-","-","2.501156","125.334061","2.501156","-","102.248961","0.304027","1.375100","2.593219","1000","THB","Registered","-"
"IVL27NA","3.46","16-Nov-2027","1.958904","Straight","Fixed","A+","","-","-","-","-","-","-","2.508905","125.495809","2.508905","-","101.816661","0.142192","1.881280","4.522739","1000","THB","Registered","-"
"IVL27NB","3.15","27-Nov-2027","1.989041","Straight","Fixed","A+","","25-Jul-24","3.200000","-","-","-","-","2.519335","126.542359","2.519335","-","101.226261","0.034521","1.915090","4.663338","1000","THB","Registered","-"
"IVL285A","3.4","18-May-2028","2.463014","Straight","Fixed","A+","","07-Oct-25","2.400000","-","-","-","-","2.526705","126.806340","2.526705","-","102.083670","0.121096","2.349401","6.792565","1000","THB","Registered","-"
"IVL286A","3.83","08-Jun-2028","2.520548","Straight","Fixed","A+","","10-Sep-25","2.365000","-","-","-","-","2.643128","138.656430","2.643128","-","102.874745","-0.073452","2.396814","7.052565","1000","THB","Registered","-"
"IVL28OA","4.1","20-Oct-2028","2.887671","Straight","Fixed","A+","","23-Dec-21","3.490000","-","-","-","-","3.540982","228.727500","3.540982","-","101.522065","0.471781","2.690601","8.799982","1000","THB","Registered","-"
"IVL28NA","3","03-Nov-2028","2.926027","Straight","Fixed","A+","","22-Jul-25","2.750000","-","-","-","-","2.693730","142.441259","2.693730","-","100.865262","0.230137","2.773711","9.244573","1000","THB","Registered","-"
"IVL293A","3.48","14-Mar-2029","3.284932","Straight","Fixed","A+","","20-Nov-25","2.820000","-","-","-","-","2.735677","146.041755","2.735677","-","102.332798","0.743671","3.068233","11.263850","1000","THB","Registered","-"
"IVL294A","3.24","01-Apr-2029","3.334247","Straight","Fixed","A+","","25-Apr-25","3.100000","-","-","-","-","2.844589","156.905628","2.844589","-","101.250262","0.541479","3.125323","11.626073","1000","THB","Registered","-"
"IVL295A","4.28","04-May-2029","3.424658","Straight","Fixed","A+","","17-Jul-25","2.840000","-","-","-","-","2.857788","157.890726","2.857788","-","104.620651","0.316603","3.169941","12.008077","1000","THB","Registered","-"
"IVL306A","4.12","08-Jun-2030","4.520548","Straight","Fixed","A+","","17-Oct-24","3.365000","-","-","-","-","2.956919","162.142277","2.956919","-","104.887038","-0.079014","4.121396","19.842448","1000","THB","Registered","-"
"IVL30NA","3.42","27-Nov-2030","4.991781","Straight","Fixed","A+","","10-Nov-23","4.030000","-","-","-","-","3.025405","165.411626","3.025405","-","101.826891","0.037479","4.558146","24.009789","1000","THB","Registered","-"
"IVL313A","3.65","14-Mar-2031","5.284932","Straight","Fixed","A+","","18-Nov-25","3.110000","-","-","-","-","3.041218","165.077970","3.041218","-","102.961697","0.780000","4.751196","26.287502","1000","THB","Registered","-"
"IVL31OA","4.39","20-Oct-2031","5.887671","Straight","Fixed","A+","","26-Feb-20","3.037000","-","-","-","-","3.793860","238.450000","3.793860","-","103.119572","0.505151","5.138104","30.951007","1000","THB","Registered","-"
"IVL324A","3.65","01-Apr-2032","6.336986","Straight","Fixed","A+","","26-Nov-25","3.200000","-","-","-","-","3.197643","171.101946","3.197643","-","102.576036","0.610000","5.597336","36.326255","1000","THB","Registered","-"
"IVL325A","3.6","03-May-2032","6.424658","Straight","Fixed","A+","","25-Nov-25","3.130000","-","-","-","-","3.225464","171.897367","3.225464","-","102.168884","0.276164","5.689141","37.388676","1000","THB","Registered","-"
"IVL32NA","3.9","16-Nov-2032","6.964384","Straight","Fixed","A+","","-","-","-","-","-","-","3.274234","171.414803","3.274234","-","103.878759","0.160274","6.066987","42.686972","1000","THB","Registered","-"
"IVL335A","3.89","18-May-2033","7.465753","Straight","Fixed","A+","","17-Oct-25","3.250000","-","-","-","-","3.311640","172.774053","3.311640","-","103.810237","0.138548","6.450938","48.302066","1000","THB","Registered","-"
"IVL336A","4.27","08-Jun-2033","7.523288","Straight","Fixed","A+","","05-Sep-25","3.250000","-","-","-","-","3.308928","172.534034","3.308928","-","106.352169","-0.081890","6.445306","48.418184","1000","THB","Registered","-"
"IVL343A","3.9","14-Mar-2034","8.287671","Straight","Fixed","A+","","11-Nov-25","3.400000","-","-","-","-","3.315888","169.249597","3.315888","-","104.212207","0.833425","7.011696","57.601536","1000","THB","Registered","-"
"IVL355A","4.02","18-May-2035","9.465753","Straight","Fixed","A+","","26-Nov-25","3.300000","-","-","-","-","3.321907","166.800419","3.321907","-","105.642754","0.143178","7.868396","72.649723","1000","THB","Registered","-"
"IVL363A","4.02","14-Mar-2036","10.290411","Straight","Fixed","A+","","-","-","-","-","-","-","3.758646","208.251126","3.758646","-","102.223860","0.859068","8.318106","82.392842","1000","THB","Registered","-"
"J266A","7.25","13-Jun-2026","0.531507","Straight","Fixed","","","-","-","-","-","-","-","6.534812","546.040668","6.534812","-","100.373751","-0.238356","0.519940","0.399289","1000","THB","Registered","-"
"J276A","7.25","13-Jun-2027","1.531507","Straight","Fixed","","","-","-","-","-","-","-","6.555690","546.177349","6.555690","-","101.006942","-0.238356","1.444390","2.495377","1000","THB","Registered","-"
"JMART265A","4.6","12-May-2026","0.443836","Straight","Fixed","BBB","","09-Jan-25","4.800000","-","-","-","-","4.057921","292.448870","4.057921","-","100.230135","0.239452","0.442671","0.306201","1000","THB","Registered","-"
"JMART265B","5.2","09-May-2026","0.435616","Straight","Fixed","BBB","","-","-","-","-","-","-","4.055735","292.340833","4.055735","-","100.486656","0.313425","0.434179","0.296741","1000","THB","Registered","-"
"JMART26OA","4.5","28-Oct-2026","0.906849","Straight","Fixed","BBB","","-","-","-","-","-","-","4.258124","307.520581","4.258124","-","100.203899","0.419178","0.882963","1.007243","1000","THB","Registered","-"
"JMART278A","5.7","09-Aug-2027","1.687671","Straight","Fixed","BBB","","-","-","-","-","-","-","4.735981","356.940155","4.735981","-","101.545230","0.343562","1.601457","3.031333","1000","THB","Registered","-"
"JMART27OA","5.5","22-Oct-2027","1.890411","Straight","Fixed","BBB","","-","-","-","-","-","-","5.237729","408.377684","5.237729","-","100.456121","0.602740","1.777063","3.701285","1000","THB","Registered","-"
"JMART288A","5.6","07-Aug-2028","2.684932","Straight","Fixed","BBB","","-","-","-","-","-","-","5.632630","448.092668","5.632630","-","99.905818","0.368219","2.469245","6.987483","1000","THB","Registered","-"
"JMT266A","4.6","08-Jun-2026","0.517808","Straight","Fixed","BBB+","","24-Sep-25","4.603065","-","-","-","-","4.564172","340.129157","4.564172","-","100.018817","-0.088219","0.510511","0.387496","1000","THB","Registered","-"
"JMT26OA","4.9","31-Oct-2026","0.915068","Straight","Fixed","BBB+","","-","-","-","-","-","-","4.592753","342.190967","4.592753","-","100.262775","0.416164","0.888941","1.019890","1000","THB","Registered","-"
"JMT26NA","4.9","17-Nov-2026","0.961644","Straight","Fixed","BBB+","","-","-","-","-","-","-","4.610123","343.894367","4.610123","-","100.260773","0.187945","0.934946","1.115158","1000","THB","Registered","-"
"JMT273A","4.9","14-Mar-2027","1.282192","Straight","Fixed","BBB+","","21-Aug-25","4.500000","-","-","-","-","4.712089","354.583647","4.712089","-","100.234246","-0.174521","1.241145","1.868199","1000","THB","Registered","-"
"JMT285A","4.9","28-May-2028","2.490411","Straight","Fixed","BBB+","","-","-","-","-","-","-","4.865294","368.997265","4.865294","-","100.070797","0.040274","2.333674","6.211039","1000","THB","Registered","-"
"JMT285B","4.8","30-May-2028","2.495890","Straight","Fixed","BBB+","","-","-","-","-","-","-","4.902617","372.292175","4.902617","-","99.763383","0.815342","2.319850","6.180426","1000","THB","Registered","-"
"JMT28OA","5.5","31-Oct-2028","2.917808","Straight","Fixed","BBB+","","-","-","-","-","-","-","4.893339","370.304133","4.893339","-","101.626733","0.467123","2.672648","8.160014","1000","THB","Registered","-"
"JMT296A","5.1","30-Jun-2029","3.580822","Straight","Fixed","BBB+","","-","-","-","-","-","-","5.214655","400.802474","5.214655","-","99.629528","0.866301","3.223561","11.841284","1000","THB","Registered","-"
"JTS272A","6.85","21-Feb-2027","1.224658","Straight","Fixed","","","-","-","-","-","-","-","8.795907","782.900303","8.795907","-","97.748228","0.187671","1.157254","1.650984","1000","THB","Registered","-"
"JTS282A","7.25","21-Feb-2028","2.224658","Straight","Fixed","","","-","-","-","-","-","-","9.495361","857.366513","9.495361","-","95.527643","0.198630","2.018607","4.761012","1000","THB","Registered","-"
"JWD263A","2.1","05-Mar-2026","0.257534","Straight","Fixed","","AAA(tha)","17-May-21","1.730000","-","-","-","-","1.943418","73.333701","1.943418","-","100.040718","-0.023014","0.259697","0.132053","1000","THB","Registered","-"
"JWD30NA","3.24","16-Nov-2030","4.961644","Straight","Fixed","","AAA(tha)","-","-","-","-","-","-","2.821132","146.302058","2.821132","-","101.925752","0.133151","4.569263","23.049991","1000","THB","Registered","-"
"KCAR26NA","4.23","09-Nov-2026","0.939726","Straight","Fixed","","","31-Mar-25","3.450000","-","-","-","-","2.991154","173.837818","2.991154","-","101.150295","0.254959","0.911687","1.285193","1000","THB","Registered","-"
"KCC263A","2.52","21-Mar-2026","0.301370","Straight","Fixed","AAA","","20-Nov-25","1.530000","-","-","-","-","1.519407","27.480705","1.519407","-","100.308939","0.490192","0.299098","0.237881","1000","THB","Registered","-"
"KCC273A","2.63","21-Mar-2027","1.301370","Straight","Fixed","AAA","","28-Nov-25","1.570000","-","-","-","-","1.570000","31.292536","1.570000","-","101.369755","0.511589","1.272164","2.264949","1000","THB","Registered","-"
"KCCAMC266A","6.25","18-Jun-2026","0.545205","Straight","Fixed","","","-","-","-","-","-","-","5.165673","402.563454","5.165673","-","100.583448","1.267123","0.528323","0.414044","1000","THB","Registered","-"
"KCCH274A","6","09-Apr-2027","1.353425","Straight","Fixed","","","-","-","-","-","-","-","5.689481","454.948262","5.689481","-","100.387136","0.838356","1.281637","2.003371","1000","THB","Registered","-"
"KCCH28OA","6","17-Oct-2028","2.879452","Amortization","Fixed","","","-","-","-","-","-","-","6.058198","492.204245","6.058198","-","99.862198","0.739726","2.259392","6.291696","1000","THB","Registered","-"
"KKP314A","3.5","22-Apr-2031","5.391781","Straight","Fixed","BBB+","","24-Jul-25","3.730000","-","-","-","-","3.846079","248.315841","3.846079","-","98.313624","0.383562","4.867382","26.381893","1000","THB","Registered","-"
"KKP316A","3.5","24-Jun-2031","5.564384","Straight","Fixed","","","17-Jan-24","4.180000","-","-","-","-","3.121222","172.690999","3.121222","-","101.929233","0.652055","5.013524","28.034018","1000","THB","Registered","-"
"KKP338A","4.3","18-Aug-2033","7.717808","Straight","Fixed","BBB+","","-","-","-","-","-","-","4.029639","247.250975","4.029639","-","101.775917","0.153151","6.544490","48.898957","1000","THB","Registered","-"
"KSL27DA","3.74","07-Dec-2027","2.016438","Straight","Fixed","BBB+","","09-Feb-24","5.320000","-","-","-","-","4.376130","315.941480","4.376130","-","98.785603","-0.061479","1.919655","4.682994","1000","THB","Registered","-"
"KSL285A","3.6","03-May-2028","2.421918","Straight","Fixed","","","18-Feb-20","2.620000","-","-","-","-","4.421485","319.415148","4.421485","-","98.146875","0.276164","2.280893","6.437929","1000","THB","Registered","-"
"KTB324A","3.25","12-Apr-2032","6.367123","Straight","Fixed","","AA(tha)","13-Nov-25","2.960000","-","-","-","-","2.860797","137.263330","2.860797","-","102.250096","0.445205","5.718404","36.333739","1000","THB","Registered","-"
"KTC262A","3.85","17-Feb-2026","0.213699","Straight","Fixed","AA","","24-Mar-16","3.650000","-","-","-","-","1.416562","17.140190","1.416562","-","100.499924","1.118082","0.212196","0.150379","1000","THB","Registered","-"
"KTC262B","3.85","17-Feb-2026","0.213699","Straight","Fixed","AA","","-","-","-","-","-","-","1.416562","17.140190","1.416562","-","100.499924","1.118082","0.212196","0.150379","1000","THB","Registered","-"
"KTC265A","2.9","29-May-2026","0.490411","Straight","Fixed","AA","","10-Nov-25","1.520000","-","-","-","-","1.524360","27.629714","1.524360","-","100.681389","0.015890","0.486701","0.478388","1000","THB","Registered","-"
"KTC269A","3.5","22-Sep-2026","0.808219","Straight","Fixed","AA","","-","-","-","-","-","-","1.535518","27.349322","1.535518","-","101.576777","0.671233","0.789530","1.019238","1000","THB","Registered","-"
"KTC26NA","4","27-Nov-2026","0.989041","Straight","Fixed","AA","","09-Oct-25","1.480000","-","-","-","-","1.584018","33.464732","1.584018","-","102.378013","0.010959","0.971734","1.430916","1000","THB","Registered","-"
"KTC26NB","3.38","18-Nov-2026","0.964384","Straight","Fixed","AA","","27-Nov-25","1.580000","-","-","-","-","1.581791","31.912028","1.581791","-","101.720438","0.120384","0.944566","1.364770","1000","THB","Registered","-"
"KTC26DA","4","29-Dec-2026","1.076712","Straight","Fixed","AA","","30-Oct-25","1.600000","-","-","-","-","1.595556","33.931410","1.595556","-","102.550173","1.698630","1.039751","1.619571","1000","THB","Registered","-"
"KTC277A","3","08-Jul-2027","1.600000","Straight","Fixed","AA","","28-Apr-25","2.000000","-","-","-","-","1.589724","33.983008","1.589724","-","102.222739","0.443836","1.559873","2.861157","1000","THB","Registered","-"
"KTC278A","3.8","03-Aug-2027","1.671233","Straight","Fixed","AA","","30-Oct-20","3.130000","-","-","-","-","1.587231","33.383211","1.587231","-","103.626714","1.249315","1.608660","3.444955","1000","THB","Registered","-"
"KTC278B","3.65","25-Aug-2027","1.731507","Straight","Fixed","AA","","17-Jul-24","2.930000","-","-","-","-","1.589350","33.572799","1.589350","-","103.497068","0.980000","1.670407","3.675976","1000","THB","Registered","-"
"KTC279A","3.1","22-Sep-2027","1.808219","Straight","Fixed","AA","","-","-","-","-","-","-","1.594890","33.370700","1.594890","-","102.677498","0.594521","1.745615","3.962400","1000","THB","Registered","-"
"KTC27OA","3.5","19-Oct-2027","1.882192","Straight","Fixed","AA","","01-Oct-25","1.450000","-","-","-","-","1.591765","33.283457","1.591765","-","103.525605","0.412329","1.816422","4.255433","1000","THB","Registered","-"
"KTC27NA","3.5","16-Nov-2027","1.958904","Straight","Fixed","AA","","24-Mar-25","2.370000","-","-","-","-","1.584338","33.119536","1.584338","-","103.684167","0.143836","1.895119","4.132524","1000","THB","Registered","-"
"KTC282A","3.43","16-Feb-2028","2.210959","Straight","Fixed","AA","","18-Nov-25","1.650000","-","-","-","-","1.592995","33.217764","1.592995","-","103.959561","1.005507","2.113346","5.627710","1000","THB","Registered","-"
"KTC288A","3.83","16-Aug-2028","2.709589","Straight","Fixed","AA","","26-May-25","2.240000","-","-","-","-","1.624156","35.541200","1.624156","-","105.809473","1.122767","2.557760","8.033167","1000","THB","Registered","-"
"KTC289A","0","15-Sep-2028","2.791781","Straight","Fixed","AA","","19-Nov-25","1.700000","-","-","-","-","1.620757","34.478283","1.620757","-","95.604044","0.000000","2.762544","9.001820","1000","THB","Registered","-"
"KTC292A","3.1","01-Feb-2029","3.172603","Straight","Fixed","AA","","23-Dec-24","2.710000","-","-","-","-","1.789169","50.785649","1.789169","-","104.007775","1.036164","2.990902","10.730359","1000","THB","Registered","-"
"KTC297A","3.2","25-Jul-2029","3.649315","Straight","Fixed","AA","","-","-","-","-","-","-","1.926839","62.173204","1.926839","-","104.452697","1.130959","3.410277","13.788538","1000","THB","Registered","-"
"KTC29OA","2.8","31-Oct-2029","3.917808","Straight","Fixed","AA","","-","-","-","-","-","-","2.002539","67.165528","2.002539","-","102.995975","0.237808","3.689394","15.859769","1000","THB","Registered","-"
"KTC29NA","2.95","14-Nov-2029","3.956164","Straight","Fixed","AA","","-","-","-","-","-","-","2.006733","68.266947","2.006733","-","103.571888","0.137397","3.729180","15.326076","1000","THB","Registered","-"
"KTC301A","2.65","31-Jan-2030","4.169863","Straight","Fixed","AA","","-","-","-","-","-","-","2.082027","74.882274","2.082027","-","102.245576","0.863973","3.906245","17.768288","1000","THB","Registered","-"
"KTC318A","2.9","01-Aug-2031","5.668493","Straight","Fixed","AA","","-","-","-","-","-","-","2.233388","80.759454","2.233388","-","103.515575","0.961370","5.169158","30.748151","1000","THB","Registered","-"
"KTX263A","2.95","20-Mar-2026","0.298630","Straight","Fixed","","AA-(tha)","-","-","-","-","-","-","2.051740","81.192470","2.051740","-","100.276382","0.581918","0.295598","0.233676","1000","THB","Registered","-"
"KUN265A","7.1","18-May-2026","0.460274","Straight","Fixed","","","-","-","-","-","-","-","6.696267","570.618143","6.696267","-","100.167596","0.252877","0.454474","0.319330","1000","THB","Registered","-"
"KUN268A","7.2","12-Aug-2026","0.695890","Straight","Fixed","","","-","-","-","-","-","-","6.391577","532.855533","6.391577","-","100.532071","0.374795","0.676057","0.628557","1000","THB","Registered","-"
"KUN26NA","7.4","06-Nov-2026","0.931507","Straight","Fixed","","","-","-","-","-","-","-","6.442672","535.411975","6.442672","-","100.842586","0.506849","0.892412","1.030456","1000","THB","Registered","-"
"KUN275A","7","21-May-2027","1.468493","Straight","Fixed","","","-","-","-","-","-","-","6.376818","529.562174","6.376818","-","100.854853","0.191781","1.389797","2.325783","1000","THB","Registered","-"
"KUN275B","7.4","09-May-2027","1.435616","Straight","Fixed","","","-","-","-","-","-","-","7.105561","606.601611","7.105561","-","100.382020","0.446027","1.351451","2.213266","1000","THB","Registered","-"
"KUN277A","7.4","25-Jul-2027","1.646575","Straight","Fixed","","","-","-","-","-","-","-","7.362073","632.398108","7.362073","-","100.039204","0.750137","1.530033","2.805855","1000","THB","Registered","-"
"KUN27OA","7.2","31-Oct-2027","1.915068","Straight","Fixed","","","-","-","-","-","-","-","7.139167","607.769762","7.139167","-","100.089778","0.611507","1.766192","3.685063","1000","THB","Registered","-"
"LALIN261A","0","23-Jan-2026","0.145205","Straight","Fixed","","","07-Aug-25","3.300000","-","-","-","-","3.092323","186.460838","3.092323","-","99.555405","0.000000","0.142995","0.090856","1000","THB","Registered","-"
"LALIN262A","0","10-Feb-2026","0.194521","Straight","Fixed","","","19-Aug-24","3.590000","-","-","-","-","3.097823","187.136899","3.097823","-","99.403813","0.000000","0.191554","0.131009","1000","THB","Registered","-"
"LALIN266A","0","12-Jun-2026","0.528767","Straight","Fixed","","","27-Jun-23","3.530000","-","-","-","-","3.200496","197.997848","3.200496","-","98.330819","0.000000","0.521787","0.529046","1000","THB","Registered","-"
"LALIN267A","0","24-Jul-2026","0.643836","Straight","Fixed","","","03-May-24","3.680000","-","-","-","-","3.209733","199.946428","3.209733","-","97.957920","0.000000","0.637711","0.720494","1000","THB","Registered","-"
"LALIN268A","0","19-Aug-2026","0.715068","Straight","Fixed","","","18-Mar-25","3.840000","-","-","-","-","3.226262","201.278839","3.226262","-","97.724547","0.000000","0.707761","0.849188","1000","THB","Registered","-"
"LALIN26NA","0","13-Nov-2026","0.950685","Straight","Fixed","","","27-Nov-23","4.250000","-","-","-","-","3.382340","213.387102","3.382340","-","96.875001","0.000000","0.930833","1.324127","1000","THB","Registered","-"
"LALIN272A","4.15","22-Feb-2027","1.227397","Straight","Fixed","","","-","-","-","-","-","-","3.597648","236.725241","3.597648","-","100.635796","1.148356","1.176088","1.984263","1000","THB","Registered","-"
"LALIN274A","4.15","24-Apr-2027","1.394521","Straight","Fixed","","","-","-","-","-","-","-","3.612550","238.183260","3.612550","-","100.727157","0.432055","1.340156","2.477636","1000","THB","Registered","-"
"LH264A","3.51","09-Apr-2026","0.353425","Straight","Fixed","A","","30-Sep-25","1.610000","-","-","-","-","1.544126","29.891422","1.544126","-","100.693653","0.509671","0.350717","0.297017","1000","THB","Registered","-"
"LH264B","0","29-Apr-2026","0.408219","Straight","Fixed","A","","17-Nov-25","1.555000","-","-","-","-","1.543285","29.697267","1.543285","-","99.374385","0.000000","0.405093","0.365096","1000","THB","Registered","-"
"LH265A","2.92","14-May-2026","0.449315","Straight","Fixed","A","","26-Nov-25","1.695000","-","-","-","-","1.694681","44.874726","1.694681","-","100.545450","0.168000","0.445540","0.419404","1000","THB","Registered","-"
"LH26OA","3.63","09-Oct-2026","0.854795","Straight","Fixed","A","","27-Nov-25","1.730000","-","-","-","-","1.731805","47.562031","1.731805","-","101.604535","0.527096","0.837342","1.120483","1000","THB","Registered","-"
"LH274A","3.25","29-Apr-2027","1.408219","Straight","Fixed","A","","17-Nov-25","1.800000","-","-","-","-","1.746748","49.104024","1.746748","-","102.085510","0.293836","1.372659","2.583360","1000","THB","Registered","-"
"LH274B","0","21-Apr-2027","1.386301","Straight","Fixed","A","","09-Sep-25","1.680000","-","-","-","-","1.746429","49.070314","1.746429","-","97.618255","0.000000","1.374301","2.569905","1000","THB","Registered","-"
"LH275A","3.19","20-May-2027","1.465753","Straight","Fixed","A","","01-Oct-25","1.755000","-","-","-","-","1.750343","49.454483","1.750343","-","102.087062","0.096137","1.430080","2.772426","1000","THB","Registered","-"
"LH27OA","0","07-Oct-2027","1.849315","Straight","Fixed","A","","31-Oct-25","1.880000","-","-","-","-","1.744675","48.689780","1.744675","-","96.840894","0.000000","1.831964","4.264154","1000","THB","Registered","-"
"LH27OB","0","07-Oct-2027","1.849315","Straight","Fixed","A","","19-Nov-25","1.800000","-","-","-","-","1.737609","47.977490","1.737609","-","96.853430","0.000000","1.832028","4.264453","1000","THB","Registered","-"
"LH284A","0","21-Apr-2028","2.389041","Straight","Fixed","A","","03-Oct-25","1.870000","-","-","-","-","1.824314","55.985013","1.824314","-","95.758932","0.000000","2.364731","6.763632","1000","THB","Registered","-"
"LH28OA","0","12-Oct-2028","2.865753","Straight","Fixed","A","","13-Nov-25","1.955000","-","-","-","-","1.825849","55.130984","1.825849","-","94.931725","0.000000","2.835756","9.446560","1000","THB","Registered","-"
"LHBANK25PA","4.75","24-Feb-2125","99.298630","Straight","Fixed","A+","","-","-","-","-","-","-","-","-","-","-","103.689160","-","-","-","5000000000","THB","Registered","-"
"LHBANK315A","3.75","21-May-2031","5.471233","Straight","Fixed","AA","AA-(tha)","-","-","-","-","-","-","2.834420","144.234000","2.834420","-","104.619794","0.102740","4.949179","27.240074","1000","THB","Registered","-"
"LHFG26DA","0","04-Dec-2026","1.008219","Straight","Fixed","","AA+(tha)","11-Jul-25","1.680000","-","-","-","-","1.458333","20.115579","1.458333","-","98.545694","0.000000","1.000921","1.498680","1000","THB","Registered","-"
"LHFG27DA","0","03-Dec-2027","2.005479","Straight","Fixed","","AA+(tha)","28-Nov-25","1.600000","-","-","-","-","1.600000","34.168820","1.600000","-","96.854532","0.000000","1.989563","4.945247","1000","THB","Registered","-"
"LHFG29DA","3.2","04-Dec-2029","4.010959","Straight","Fixed","","AA+(tha)","-","-","-","-","-","-","2.288167","95.914593","2.288167","-","103.473450","-0.026301","3.755976","16.436171","1000","THB","Registered","-"
"LIT277A","7.25","17-Jul-2027","1.624658","Straight","Fixed","","","-","-","-","-","-","-","7.299558","625.809194","7.299558","-","99.905551","0.893836","1.510421","2.739988","1000","THB","Registered","-"
"LOTUSS264A","3.2","20-Apr-2026","0.383562","Straight","Fixed","AA-","","10-Nov-25","1.520000","-","-","-","-","1.511526","26.548064","1.511526","-","100.646648","0.368219","0.380685","0.333835","1000","THB","Registered","-"
"LOTUSS27OA","3.55","20-Oct-2027","1.884932","Straight","Fixed","AA-","","17-Sep-25","1.500000","-","-","-","-","1.611397","35.260357","1.611397","-","103.586017","0.408493","1.818292","4.263770","1000","THB","Registered","-"
"LOTUSS27OB","3.14","20-Oct-2027","1.884932","Straight","Fixed","AA-","","25-Aug-25","1.440000","-","-","-","-","1.607044","34.820942","1.607044","-","102.836139","0.361315","1.823786","4.280721","1000","THB","Registered","-"
"LOTUSS284A","3.54","20-Apr-2028","2.386301","Straight","Fixed","AA-","","20-Nov-25","1.730000","-","-","-","-","1.709697","44.470357","1.709697","-","104.260645","0.407342","2.280771","6.448993","1000","THB","Registered","-"
"LOTUSS28OA","3.38","20-Oct-2028","2.887671","Straight","Fixed","AA-","","14-Nov-25","1.800000","-","-","-","-","1.716276","44.107522","1.716276","-","104.664532","0.388932","2.741522","9.075599","1000","THB","Registered","-"
"LOTUSS29OA","4","20-Oct-2029","3.887671","Straight","Fixed","AA-","","06-Nov-25","1.995000","-","-","-","-","1.844939","51.698123","1.844939","-","108.044640","0.460274","3.598754","15.292770","1000","THB","Registered","-"
"LOTUSS314A","3.83","20-Apr-2031","5.386301","Straight","Fixed","AA-","","21-Oct-25","2.180000","-","-","-","-","2.162766","75.464308","2.162766","-","108.433333","0.440712","4.866284","27.482765","1000","THB","Registered","-"
"LOTUSS31OA","3.56","20-Oct-2031","5.887671","Straight","Fixed","AA-","","09-Jul-25","2.450000","-","-","-","-","2.223132","78.858856","2.223132","-","107.337888","0.409644","5.303379","32.457165","1000","THB","Registered","-"
"LOTUSS334A","4","20-Apr-2033","7.389041","Straight","Fixed","AA-","","05-Nov-25","2.570000","-","-","-","-","2.533652","94.296580","2.533652","-","109.821261","0.460274","6.408667","47.731199","1000","THB","Registered","-"
"LOTUSS334B","4","20-Apr-2033","7.389041","Straight","Fixed","AA-","","16-May-25","2.880000","-","-","-","-","2.536800","94.615383","2.536800","-","109.799015","0.460274","6.408457","47.728666","1000","THB","Registered","-"
"LOXLEY289A","5","16-Sep-2028","2.794521","Straight","Fixed","BBB","","-","-","-","-","-","-","5.080085","385.414157","5.080085","-","99.807151","1.041096","2.545692","8.004396","1000","THB","Registered","-"
"LPN261A","5.1","26-Jan-2026","0.153425","Straight","Fixed","BB+","","23-Dec-24","5.088286","-","-","-","-","4.391137","321.259274","4.391137","-","100.095674","0.503014","0.151759","0.060558","1000","THB","Registered","-"
"LPN271A","5.4","26-Jan-2027","1.153425","Straight","Fixed","BB+","","-","-","-","-","-","-","4.818380","364.388005","4.818380","-","100.635750","0.532603","1.107361","1.522806","1000","THB","Registered","-"
"LPN282A","5.85","08-Feb-2028","2.189041","Straight","Fixed","BBB-","","-","-","-","-","-","-","5.876002","474.098450","5.876002","-","99.932969","0.368630","2.033667","4.795954","1000","THB","Registered","-"
"MAJOR279A","4.25","07-Sep-2027","1.767123","Straight","Fixed","A-","","23-Apr-25","3.000000","-","-","-","-","2.685944","144.844481","2.685944","-","102.689733","-0.069863","1.701637","3.372579","1000","THB","Registered","-"
"MBK262A","3.57","26-Feb-2026","0.238356","Straight","Fixed","","","-","-","-","-","-","-","2.048234","80.870701","2.048234","-","100.343062","0.948740","0.235940","0.172442","1000","THB","Registered","-"
"MBK265A","3.2","26-May-2026","0.482192","Straight","Fixed","A-","","26-May-25","2.580000","-","-","-","-","2.184851","94.305219","2.184851","-","100.497153","0.043836","0.476981","0.463424","1000","THB","Registered","-"
"MBK277A","3.78","20-Jul-2027","1.632877","Straight","Fixed","","","-","-","-","-","-","-","2.276307","103.148638","2.276307","-","102.385169","1.387726","1.565111","3.282291","1000","THB","Registered","-"
"MBK27NA","5.1","07-Nov-2027","1.934247","Straight","Fixed","A-","","05-Nov-25","2.540000","-","-","-","-","2.310731","105.490401","2.310731","-","105.255060","0.335342","1.837712","4.361986","1000","THB","Registered","-"
"MBK284A","3.5","25-Apr-2028","2.400000","Straight","Fixed","","","-","-","-","-","-","-","2.381542","112.241739","2.381542","-","102.594276","0.354795","2.286817","6.475099","1000","THB","Registered","-"
"MBK28NA","0","10-Nov-2028","2.945205","Straight","Fixed","A-","","25-Nov-25","1.850000","-","-","-","-","1.862400","58.450234","1.862400","-","94.698623","0.000000","2.911247","9.917551","1000","THB","Registered","-"
"MBK291A","2.94","06-Jan-2029","3.101370","Straight","Fixed","","","26-Jun-25","2.820000","-","-","-","-","2.446221","117.339344","2.446221","-","101.451383","1.192110","2.915935","10.234771","1000","THB","Registered","-"
"MBK295A","3.875","24-May-2029","3.479452","Straight","Fixed","","","-","-","-","-","-","-","2.496179","120.925921","2.496179","-","104.579822","0.074315","3.247968","12.519015","1000","THB","Registered","-"
"MBK298A","3.24","15-Aug-2029","3.706849","Straight","Fixed","","","-","-","-","-","-","-","2.530795","122.729976","2.530795","-","102.479437","0.958685","3.451791","14.097603","1000","THB","Registered","-"
"MBK303A","2.8","26-Mar-2030","4.317808","Straight","Fixed","","","-","-","-","-","-","-","2.558644","122.462045","2.558644","-","100.989551","0.506301","4.024402","18.793214","1000","THB","Registered","-"
"MBK304A","3.02","29-Apr-2030","4.410959","Straight","Fixed","","","20-Oct-25","2.610000","-","-","-","-","2.562063","122.461784","2.562063","-","101.900106","0.273041","4.100052","19.483051","1000","THB","Registered","-"
"MBK341A","4.37","04-Jan-2034","8.098630","Straight","Fixed","","","-","-","-","-","-","-","2.953894","133.647413","2.953894","-","110.107341","1.795890","6.760797","54.276726","1000","THB","Registered","-"
"MBK347A","4.13","05-Jul-2034","8.597260","Straight","Fixed","A-","","17-Nov-25","3.160000","-","-","-","-","3.122175","148.818269","3.122175","-","107.527348","1.685945","7.153742","60.671700","1000","THB","Registered","-"
"MICRO264A","6.3","30-Apr-2026","0.410959","Straight","Fixed","","","-","-","-","-","-","-","5.831622","475.821919","5.831622","-","100.174884","0.552329","0.404613","0.264337","1000","THB","Registered","-"
"MICRO269A","6.5","01-Sep-2026","0.750685","Straight","Fixed","","","-","-","-","-","-","-","6.129577","500.783998","6.129577","-","100.290406","0.000000","0.723576","0.706413","1000","THB","Registered","-"
"MICRO271A","6.5","30-Jan-2027","1.164384","Straight","Fixed","","","-","-","-","-","-","-","6.218112","510.265882","6.218112","-","100.298100","0.569863","1.107898","1.527376","1000","THB","Registered","-"
"MICRO277A","6.8","10-Jul-2027","1.605479","Straight","Fixed","","","-","-","-","-","-","-","5.867820","475.061509","5.867820","-","101.404809","0.968767","1.502973","2.711937","1000","THB","Registered","-"
"MICRO281A","6.8","30-Jan-2028","2.164384","Straight","Fixed","","","-","-","-","-","-","-","6.528991","542.526176","6.528991","-","100.525825","0.596164","1.987716","4.619808","1000","THB","Registered","-"
"MINT22PA","6.1","07-Sep-2122","96.830137","Straight","Fixed","A-","","16-Oct-25","-","-","-","-","-","-","-","-","-","104.920131","-","-","-","1000","THB","Registered","-"
"MINT23PA","6.1","10-Feb-2123","97.257534","Straight","Fixed","A-","","11-Nov-25","-","-","-","-","-","-","-","-","-","106.219134","-","-","-","1000","THB","Registered","-"
"MINT266A","3.16","23-Jun-2026","0.558904","Straight","Fixed","A+","","20-Aug-25","1.500000","-","-","-","-","1.505334","25.959354","1.505334","-","100.914768","1.393863","0.548431","0.576685","1000","THB","Registered","-"
"MINT267A","3.3","24-Jul-2026","0.643836","Straight","Fixed","A+","","18-Aug-25","2.450000","-","-","-","-","2.123419","87.790972","2.123419","-","100.761845","0.614795","0.631724","0.713359","1000","THB","Registered","-"
"MINT277B","3.6","24-Jul-2027","1.643836","Straight","Fixed","A+","","11-Jul-25","3.100000","-","-","-","-","2.948350","170.636968","2.948350","-","101.052686","0.670685","1.577082","3.306278","1000","THB","Registered","-"
"MINT281A","3.24","04-Jan-2028","2.093151","Straight","Fixed","A+","","21-Nov-25","1.710000","-","-","-","-","1.632480","37.373571","1.632480","-","103.280429","1.331507","2.000136","5.100214","1000","THB","Registered","-"
"MINT283A","3.68","16-Mar-2028","2.290411","Straight","Fixed","A+","","-","-","-","-","-","-","1.645910","38.201487","1.645910","-","104.561753","0.766247","2.183474","5.970655","1000","THB","Registered","-"
"MINT285A","0","19-May-2028","2.465753","Straight","Fixed","A+","","24-Nov-25","1.720000","-","-","-","-","1.706930","44.024473","1.706930","-","95.900065","0.000000","2.442171","7.174949","1000","THB","Registered","-"
"MINT286A","3.63","23-Jun-2028","2.561644","Straight","Fixed","A+","","06-May-25","2.450000","-","-","-","-","1.836703","57.077806","1.836703","-","104.459205","1.601178","2.411468","7.223072","1000","THB","Registered","-"
"MINT293A","4.42","29-Mar-2029","3.326027","Straight","Fixed","A+","","23-Jan-25","3.215000","-","-","-","-","1.880642","59.510517","1.880642","-","108.159467","0.762904","3.085772","11.453329","1000","THB","Registered","-"
"MINT293B","4.42","29-Mar-2029","3.326027","Straight","Fixed","A+","","27-Nov-25","1.870000","-","-","-","-","1.879050","59.349924","1.879050","-","108.164818","0.762904","3.085803","11.453540","1000","THB","Registered","-"
"MINT313A","4.2","15-Mar-2031","5.287671","Straight","Fixed","A+","","09-Jan-25","3.340000","-","-","-","-","2.216327","81.634776","2.216327","-","109.856004","0.886027","4.730959","26.208696","1000","THB","Registered","-"
"MINT313B","4.68","29-Mar-2031","5.326027","Straight","Fixed","A+","","27-Nov-25","2.205000","-","-","-","-","2.212167","81.041675","2.212167","-","112.345132","0.807781","4.724495","26.253811","1000","THB","Registered","-"
"MINT313C","4.68","29-Mar-2031","5.326027","Straight","Fixed","A+","","09-Nov-23","4.195000","-","-","-","-","2.221149","81.949504","2.221149","-","112.297127","0.807781","4.724141","26.250469","1000","THB","Registered","-"
"MINT325A","2.85","19-May-2032","6.468493","Straight","Fixed","A+","","27-Nov-25","2.372500","-","-","-","-","2.377313","84.663230","2.377313","-","102.827542","0.093699","5.881348","39.348139","1000","THB","Registered","-"
"MINT329A","4.18","27-Sep-2032","6.827397","Straight","Fixed","A+","","16-Jul-25","2.555000","-","-","-","-","2.649018","109.073291","2.649018","-","109.506403","0.744384","5.927111","41.024298","1000","THB","Registered","-"
"MINT336A","4.22","23-Jun-2033","7.564384","Straight","Fixed","A+","","26-Mar-25","3.290000","-","-","-","-","2.762695","116.822614","2.762695","-","109.874557","1.861425","6.409422","48.576241","1000","THB","Registered","-"
"MINT343A","4.87","29-Mar-2034","8.328767","Straight","Fixed","A+","","18-Nov-25","2.895000","-","-","-","-","2.906864","128.169112","2.906864","-","114.436885","0.840575","6.897028","56.482596","1000","THB","Registered","-"
"MINT343B","4.87","29-Mar-2034","8.328767","Straight","Fixed","A+","","05-Jul-24","4.000000","-","-","-","-","2.909004","128.386398","2.909004","-","114.419872","0.840575","6.896837","56.480161","1000","THB","Registered","-"
"MINT347A","3.98","04-Jul-2034","8.594521","Straight","Fixed","A+","","21-Oct-25","3.000000","-","-","-","-","2.911151","127.276922","2.911151","-","108.055907","1.635616","7.204599","61.280367","1000","THB","Registered","-"
"MINT355A","3.15","19-May-2035","9.468493","Straight","Fixed","A+","","23-Jul-25","2.870000","-","-","-","-","3.013758","134.841876","3.013758","-","101.126616","0.103562","8.132596","76.120584","1000","THB","Registered","-"
"MINT356A","4.45","23-Jun-2035","9.564384","Straight","Fixed","A+","","05-Nov-24","4.030000","-","-","-","-","3.008522","135.084516","3.008522","-","111.891251","1.962877","7.745438","71.975309","1000","THB","Registered","-"
"MK263A","6.8","11-Mar-2026","0.273973","Straight","Fixed","","","-","-","-","-","-","-","6.070161","495.962162","6.070161","-","100.183400","0.372603","0.268615","0.138397","1000","THB","Registered","-"
"MK265A","7.1","10-May-2026","0.438356","Straight","Fixed","","","-","-","-","-","-","-","6.080456","505.599933","6.080456","-","100.426921","0.408493","0.433580","0.295801","1000","THB","Registered","-"
"MPSC25DA","3.8","25-Dec-2025","0.065753","Straight","Fixed","","","20-Mar-25","2.810000","-","-","-","-","1.805988","55.958579","1.805988","-","100.124266","1.655342","0.065165","0.036537","1000","THB","Registered","-"
"MPSC26DA","4.22","28-Dec-2026","1.073973","Straight","Fixed","A","","07-Nov-25","1.960000","-","-","-","-","1.939594","68.641771","1.939594","-","102.405140","1.803616","1.033716","1.604310","1000","THB","Registered","-"
"MPSC286A","3.68","29-Jun-2028","2.578082","Straight","Fixed","A","","24-Sep-25","1.830000","-","-","-","-","1.978180","71.324571","1.978180","-","104.248522","1.562740","2.424199","7.292786","1000","THB","Registered","-"
"MPSC28DA","4.4","28-Dec-2028","3.076712","Straight","Fixed","A","","19-Nov-25","2.180000","-","-","-","-","2.102157","82.667435","2.102157","-","106.798081","1.880548","2.835585","9.845920","1000","THB","Registered","-"
"MPSC306A","3.99","29-Jun-2030","4.578082","Straight","Fixed","A","","01-Jul-25","2.400000","-","-","-","-","2.181126","83.239476","2.181126","-","107.831460","1.694384","4.134026","20.222489","1000","THB","Registered","-"
"MPSC31NA","3.67","04-Nov-2031","5.928767","Straight","Fixed","A","","27-May-25","3.000000","-","-","-","-","2.323073","88.664728","2.323073","-","107.425663","0.271479","5.324029","32.725535","1000","THB","Registered","-"
"MPSC31NB","4.72","03-Nov-2031","5.926027","Straight","Fixed","A","","24-Jul-25","2.230000","-","-","-","-","2.319851","88.632817","2.319851","-","113.220901","0.362082","5.205032","31.722711","1000","THB","Registered","-"
"MPSC33NA","3.94","04-Nov-2033","7.931507","Straight","Fixed","A","","26-Nov-25","2.580000","-","-","-","-","2.649236","103.073123","2.649236","-","109.183641","0.291452","6.826181","54.124040","1000","THB","Registered","-"
"MPSC33NB","4.89","03-Nov-2033","7.928767","Straight","Fixed","A","","28-Nov-25","2.650000","-","-","-","-","2.650000","103.766751","2.650000","-","115.924690","0.375123","6.656424","52.257978","1000","THB","Registered","-"
"MQDC25DA","7.1","16-Dec-2025","0.041096","Straight","Fixed","","","12-Sep-24","6.800000","-","-","-","-","5.425193","428.094884","5.425193","-","100.071508","1.478356","0.040546","0.011645","1000","THB","Registered","-"
"MQDC261A","7.1","23-Jan-2026","0.145205","Straight","Fixed","","","06-Jun-24","6.950000","-","-","-","-","5.557891","442.318500","5.557891","-","100.218706","0.719726","0.143216","0.055824","1000","THB","Registered","-"
"MQDC261B","6.75","16-Jan-2026","0.126027","Straight","Fixed","","","08-Aug-25","5.700000","-","-","-","-","5.554958","441.951417","5.554958","-","100.146176","0.832192","0.124301","0.046100","1000","THB","Registered","-"
"MQDC267A","7.1","24-Jul-2026","0.643836","Straight","Fixed","","","26-Jul-23","7.094042","-","-","-","-","5.618892","451.283874","5.618892","-","100.917615","0.719726","0.625661","0.550703","1000","THB","Registered","-"
"MQDC269A","6.75","25-Sep-2026","0.816438","Straight","Fixed","","","-","-","-","-","-","-","5.660047","453.140537","5.660047","-","100.867450","1.202055","0.782432","0.818268","1000","THB","Registered","-"
"MQDC26NA","7.1","13-Nov-2026","0.950685","Straight","Fixed","","","-","-","-","-","-","-","5.815123","470.795068","5.815123","-","101.168796","0.311233","0.915977","1.078526","1000","THB","Registered","-"
"MQDC26NB","6.15","13-Nov-2026","0.950685","Straight","Fixed","","","-","-","-","-","-","-","5.828234","470.853843","5.828234","-","100.282973","0.791918","0.912310","1.072983","1000","THB","Registered","-"
"MQDC271A","7.1","15-Jan-2027","1.123288","Straight","Fixed","","","-","-","-","-","-","-","5.852754","473.154082","5.852754","-","101.331187","0.875342","1.067478","1.431609","1000","THB","Registered","-"
"MQDC271B","6.75","21-Jan-2027","1.139726","Straight","Fixed","","","-","-","-","-","-","-","5.853652","473.223518","5.853652","-","100.965769","0.795205","1.084873","1.472899","1000","THB","Registered","-"
"MQDC272A","6.75","05-Feb-2027","1.180822","Straight","Fixed","","","-","-","-","-","-","-","5.902354","478.292997","5.902354","-","100.945759","0.425342","1.126093","1.573154","1000","THB","Registered","-"
"MQDC277A","6.75","15-Jul-2027","1.619178","Straight","Fixed","","","-","-","-","-","-","-","6.058099","494.990784","6.058099","-","101.045021","0.869178","1.516151","2.754388","1000","THB","Registered","-"
"MQDC27OA","7.2","21-Oct-2027","1.887671","Straight","Fixed","","","-","-","-","-","-","-","6.612561","552.976681","6.612561","-","101.017717","0.848219","1.743381","3.601021","1000","THB","Registered","-"
"MQDC27OB","6.9","22-Oct-2027","1.890411","Straight","Fixed","","","-","-","-","-","-","-","6.613259","553.071133","6.613259","-","100.494095","0.170137","1.760335","3.643166","1000","THB","Registered","-"
"MQDC281A","6.9","21-Jan-2028","2.139726","Straight","Fixed","","","-","-","-","-","-","-","6.859144","577.924766","6.859144","-","100.063004","0.756164","1.961578","4.512090","1000","THB","Registered","-"
"MQDC282A","7.2","04-Feb-2028","2.178082","Straight","Fixed","","","-","-","-","-","-","-","6.865239","578.532092","6.865239","-","100.655339","0.453699","1.994976","4.656309","1000","THB","Registered","-"
"MQDC283A","6.9","23-Mar-2028","2.309589","Straight","Fixed","","","-","-","-","-","-","-","7.031505","595.286966","7.031505","-","99.723797","1.304384","2.090789","5.135951","1000","THB","Registered","-"
"MQDC287A","7.2","14-Jul-2028","2.619178","Straight","Fixed","","","-","-","-","-","-","-","6.942202","585.375764","6.942202","-","100.594212","0.927123","2.349866","6.441192","1000","THB","Registered","-"
"MQDC287B","7.2","21-Jul-2028","2.638356","Straight","Fixed","","","-","-","-","-","-","-","6.944407","586.307058","6.944407","-","100.598923","0.177534","2.384520","6.584232","1000","THB","Registered","-"
"MQDC291A","7.2","19-Jan-2029","3.136986","Straight","Fixed","","","-","-","-","-","-","-","7.170160","607.900289","7.170160","-","100.064744","0.789041","2.764704","8.880222","1000","THB","Registered","-"
"MQDC293A","7.2","23-Mar-2029","3.309589","Straight","Fixed","","","-","-","-","-","-","-","7.334621","624.931922","7.334621","-","99.609446","1.361096","2.881343","9.705319","1000","THB","Registered","-"
"MTC261A","4.3","23-Jan-2026","0.145205","Straight","Fixed","","","-","-","-","-","-","-","2.225437","98.619773","2.225437","-","100.278969","1.543288","0.143608","0.091637","1000","THB","Registered","-"
"MTC262A","3.45","23-Feb-2026","0.230137","Straight","Fixed","","A-(tha)","12-Sep-24","4.020000","-","-","-","-","2.224725","99.330938","2.224725","-","100.273220","0.075616","0.228864","0.109278","1000","THB","Registered","-"
"MTC263A","4.1","16-Mar-2026","0.287671","Straight","Fixed","","A-(tha)","10-Oct-24","4.050000","-","-","-","-","2.252947","102.182705","2.252947","-","100.526924","0.112329","0.286060","0.152945","1000","THB","Registered","-"
"MTC263B","4.3","16-Mar-2026","0.287671","Straight","Fixed","","A-(tha)","-","-","-","-","-","-","2.253267","102.215267","2.253267","-","100.585251","-0.082466","0.286060","0.152945","1000","THB","Registered","-"
"MTC264A","4","27-Apr-2026","0.402740","Straight","Fixed","","A-(tha)","-","-","-","-","-","-","2.256605","104.285786","2.256605","-","100.694019","0.383562","0.401435","0.261549","1000","THB","Registered","-"
"MTC264B","0","09-Apr-2026","0.353425","Straight","Fixed","","A-(tha)","24-Apr-25","3.020000","-","-","-","-","2.261681","102.329721","2.261681","-","99.208303","0.000000","0.349473","0.294914","1000","THB","Registered","-"
"MTC265A","3.65","26-May-2026","0.482192","Straight","Fixed","","","-","-","-","-","-","-","2.305735","107.203259","2.305735","-","100.635262","0.040000","0.477267","0.346931","1000","THB","Registered","-"
"MTC266A","3.75","08-Jun-2026","0.517808","Straight","Fixed","","A-(tha)","04-Jul-24","4.350000","-","-","-","-","2.311790","108.388431","2.311790","-","100.740323","-0.071918","0.513894","0.392389","1000","THB","Registered","-"
"MTC266B","4.45","09-Jun-2026","0.520548","Straight","Fixed","","A-(tha)","17-Sep-25","2.350000","-","-","-","-","2.341741","111.438754","2.341741","-","101.090781","-0.097534","0.516160","0.395378","1000","THB","Registered","-"
"MTC266C","4.4","09-Jun-2026","0.520548","Straight","Fixed","","A-(tha)","-","-","-","-","-","-","2.347090","112.911157","2.347090","-","101.068815","0.795616","0.513844","0.394356","1000","THB","Registered","-"
"MTC266D","4.3","08-Jun-2026","0.517808","Straight","Fixed","","A-(tha)","30-Jan-25","3.580000","-","-","-","-","2.318358","108.427558","2.318358","-","101.007019","0.164932","0.511627","0.389889","1000","THB","Registered","-"
"MTC266E","0","11-Jun-2026","0.526027","Straight","Fixed","","A-(tha)","15-Sep-25","2.327500","-","-","-","-","2.357978","112.358291","2.357978","-","98.771294","0.000000","0.521252","0.529292","1000","THB","Registered","-"
"MTC267A","0","09-Jul-2026","0.602740","Straight","Fixed","","A-(tha)","18-Jun-25","2.700000","-","-","-","-","2.384397","115.904048","2.384397","-","98.571883","0.000000","0.599700","0.655957","1000","THB","Registered","-"
"MTC268A","3.7","25-Aug-2026","0.731507","Straight","Fixed","","A-(tha)","14-Dec-23","4.360000","-","-","-","-","2.733754","152.669817","2.733754","-","100.695523","0.050685","0.725897","0.709921","1000","THB","Registered","-"
"MTC268B","4.7","25-Aug-2026","0.731507","Straight","Fixed","","A-(tha)","19-Aug-25","2.770000","-","-","-","-","2.731515","152.441161","2.731515","-","101.422737","0.090137","0.724010","0.707514","1000","THB","Registered","-"
"MTC268C","4.3","25-Aug-2026","0.731507","Straight","Fixed","","A-(tha)","-","-","-","-","-","-","2.739603","153.273660","2.739603","-","101.126295","0.117808","0.724538","0.708247","1000","THB","Registered","-"
"MTC26NA","3.7","03-Nov-2026","0.923288","Straight","Fixed","","A-(tha)","24-Jul-25","2.950000","-","-","-","-","2.812553","159.342623","2.812553","-","100.801559","0.223014","0.907807","1.056763","1000","THB","Registered","-"
"MTC26NB","4.75","03-Nov-2026","0.923288","Straight","Fixed","","A-(tha)","06-Jan-25","3.880000","-","-","-","-","2.823348","160.447761","2.823348","-","101.746226","0.481507","0.902835","1.049795","1000","THB","Registered","-"
"MTC26NC","3.5","03-Nov-2026","0.923288","Straight","Fixed","","A-(tha)","-","-","-","-","-","-","2.827540","160.879883","2.827540","-","100.605392","0.297260","0.907830","1.057037","1000","THB","Registered","-"
"MTC272A","3.7","22-Feb-2027","1.227397","Straight","Fixed","","A-(tha)","18-May-23","4.310000","-","-","-","-","2.830802","160.298538","2.830802","-","101.038787","0.081096","1.198434","1.749938","1000","THB","Registered","-"
"MTC273A","4.3","15-Mar-2027","1.284932","Straight","Fixed","","A-(tha)","-","-","-","-","-","-","2.941585","171.609695","2.941585","-","101.699046","0.117808","1.249182","1.892307","1000","THB","Registered","-"
"MTC273B","4.8","15-Mar-2027","1.284932","Straight","Fixed","","A-(tha)","19-Jun-24","4.856835","-","-","-","-","2.951463","172.130297","2.951463","-","102.322451","-0.092055","1.246109","1.883490","1000","THB","Registered","-"
"MTC273C","4.8","15-Mar-2027","1.284932","Straight","Fixed","","A-(tha)","-","-","-","-","-","-","2.955184","172.511048","2.955184","-","102.320559","0.841644","1.234938","1.865721","1000","THB","Registered","-"
"MTC273D","0","01-Mar-2027","1.246575","Straight","Fixed","","A-(tha)","21-Oct-25","2.810000","-","-","-","-","2.846291","160.339835","2.846291","-","96.538233","0.000000","1.229084","2.116565","1000","THB","Registered","-"
"MTC274A","4.8","09-Apr-2027","1.353425","Straight","Fixed","","A-(tha)","-","-","-","-","-","-","3.002312","176.157490","3.002312","-","102.369777","0.696986","1.299524","2.355642","1000","THB","Registered","-"
"MTC276A","3.9","07-Jun-2027","1.515068","Straight","Fixed","","A-(tha)","-","-","-","-","-","-","3.002209","177.968204","3.002209","-","101.328128","-0.074795","1.472011","2.562921","1000","THB","Registered","-"
"MTC276B","4.65","08-Jun-2027","1.517808","Straight","Fixed","","A-(tha)","-","-","-","-","-","-","2.999926","177.733755","2.999926","-","102.445208","-0.101918","1.468424","2.556764","1000","THB","Registered","-"
"MTC276C","4.8","07-Jun-2027","1.515068","Straight","Fixed","","A-(tha)","-","-","-","-","-","-","3.004194","177.510767","3.004194","-","102.638580","0.184110","1.458127","2.529376","1000","THB","Registered","-"
"MTC277A","3.9","06-Jul-2027","1.594521","Straight","Fixed","","","-","-","-","-","-","-","2.996325","177.458658","2.996325","-","101.396573","0.598356","1.537688","2.796593","1000","THB","Registered","-"
"MTC278A","4.8","24-Aug-2027","1.728767","Straight","Fixed","","A-(tha)","-","-","-","-","-","-","2.993096","177.057029","2.993096","-","103.030110","0.092055","1.660527","3.230062","1000","THB","Registered","-"
"MTC278B","4.8","24-Aug-2027","1.728767","Straight","Fixed","","A-(tha)","-","-","-","-","-","-","2.993101","177.409357","2.993101","-","103.033310","0.131507","1.661883","3.236029","1000","THB","Registered","-"
"MTC27NA","4.9","02-Nov-2027","1.920548","Straight","Fixed","","A-(tha)","-","-","-","-","-","-","2.991538","176.769254","2.991538","-","103.544874","0.496712","1.828218","3.893161","1000","THB","Registered","-"
"MTC27NB","3.8","02-Nov-2027","1.920548","Straight","Fixed","","A-(tha)","-","-","-","-","-","-","2.989834","176.598507","2.989834","-","101.501106","0.322740","1.846349","3.943225","1000","THB","Registered","-"
"MTC283A","4.5","13-Mar-2028","2.282192","Straight","Fixed","","A-(tha)","-","-","-","-","-","-","2.994523","176.289033","2.994523","-","103.301153","0.123288","2.167426","5.371185","1000","THB","Registered","-"
"MTC283B","4.95","13-Mar-2028","2.282192","Straight","Fixed","","A-(tha)","-","-","-","-","-","-","3.001145","176.681832","3.001145","-","104.283405","-0.094932","2.160568","5.342107","1000","THB","Registered","-"
"MTC283C","4.95","13-Mar-2028","2.282192","Straight","Fixed","","A-(tha)","-","-","-","-","-","-","3.001202","176.688346","3.001202","-","104.286160","0.867945","2.140902","5.291945","1000","THB","Registered","-"
"MTC286A","4.95","13-Jun-2028","2.534247","Straight","Fixed","","A-(tha)","-","-","-","-","-","-","3.022497","178.449272","3.022497","-","104.673049","0.189863","2.379732","6.456551","1000","THB","Registered","-"
"MTC286B","3.9","13-Jun-2028","2.534247","Straight","Fixed","","A-(tha)","04-Jul-25","3.690000","-","-","-","-","3.026367","178.902939","3.026367","-","102.116048","0.363288","2.400812","6.537505","1000","THB","Registered","-"
"MTC288A","4.95","29-Aug-2028","2.745205","Straight","Fixed","","A-(tha)","-","-","-","-","-","-","3.032627","179.454910","3.032627","-","105.027139","0.135616","2.569307","7.493759","1000","THB","Registered","-"
"MTC288B","3.78","01-Aug-2028","2.668493","Straight","Fixed","","A-(tha)","09-Apr-25","3.779162","-","-","-","-","3.040970","178.553020","3.040970","-","101.883571","0.631726","2.508107","7.711434","1000","THB","Registered","-"
"MTC28OA","0","02-Oct-2028","2.838356","Straight","Fixed","","A-(tha)","14-Oct-25","3.070000","-","-","-","-","3.056123","179.537409","3.056123","-","91.762824","0.000000","2.791589","9.167758","1000","THB","Registered","-"
"MTC28NA","4","07-Nov-2028","2.936986","Straight","Fixed","","A-(tha)","05-Nov-25","3.360000","-","-","-","-","3.124290","188.164842","3.124290","-","102.440039","0.339726","2.758982","8.574271","1000","THB","Registered","-"
"MTC28NB","2.95","27-Nov-2028","2.991781","Straight","Fixed","","A-(tha)","-","-","-","-","-","-","2.957950","170.772013","2.957950","-","99.971167","0.032329","2.852091","9.052746","1000","THB","Registered","-"
"MTC295A","3.9","29-May-2029","3.493151","Straight","Fixed","","A-(tha)","29-Oct-25","3.485000","-","-","-","-","3.227140","196.592404","3.227140","-","102.226004","0.010685","3.256020","11.830916","1000","THB","Registered","-"
"MTC299A","3.8","04-Sep-2029","3.761644","Straight","Fixed","","A-(tha)","03-Sep-25","3.700000","-","-","-","-","3.471502","219.353847","3.471502","-","101.146472","0.031233","3.494640","13.597036","1000","THB","Registered","-"
"MTC29NA","3.15","27-Nov-2029","3.991781","Straight","Fixed","","A-(tha)","-","-","-","-","-","-","3.169447","186.701739","3.169447","-","99.920783","0.034521","3.735325","15.409679","1000","THB","Registered","-"
"MTC302A","4.2","26-Feb-2030","4.241096","Straight","Fixed","","A-(tha)","-","-","-","-","-","-","3.544500","224.689828","3.544500","-","102.558816","0.391233","3.863642","16.726389","1000","THB","Registered","-"
"MTC305A","4.1","28-May-2030","4.490411","Straight","Fixed","","A-(tha)","14-Aug-25","3.875000","-","-","-","-","3.555377","224.901798","3.555377","-","102.263893","0.011233","4.089528","18.657305","1000","THB","Registered","-"
"MTC309A","4","03-Sep-2030","4.758904","Straight","Fixed","","A-(tha)","07-Oct-25","3.850000","-","-","-","-","3.708424","239.156233","3.708424","-","101.258872","0.032877","4.321972","20.826515","1000","THB","Registered","-"
"MTC31NA","3.5","25-Nov-2031","5.986301","Straight","Fixed","","A-(tha)","-","-","-","-","-","-","3.510034","210.671543","3.510034","-","99.938745","0.038356","5.378786","32.151120","1000","THB","Registered","-"
"MTC322A","4.6","24-Feb-2032","6.235616","Straight","Fixed","","A-(tha)","-","-","-","-","-","-","3.991519","256.967939","3.991519","-","103.331380","0.428493","5.396401","33.099069","1000","THB","Registered","-"
"MTC325A","4.3","25-May-2032","6.484932","Straight","Fixed","","A-(tha)","-","-","-","-","-","-","4.036851","256.029757","4.036851","-","101.508542","0.011781","5.638281","35.910074","1000","THB","Registered","-"
"MTC328A","4.15","31-Aug-2032","6.753425","Straight","Fixed","","A-(tha)","-","-","-","-","-","-","4.160935","266.141190","4.160935","-","99.927072","0.034110","5.861893","38.817865","1000","THB","Registered","-"
"MTC33NA","4","27-Nov-2033","7.994521","Straight","Fixed","","A-(tha)","-","-","-","-","-","-","4.019297","244.518291","4.019297","-","99.860276","0.043836","6.807356","52.692313","1000","THB","Registered","-"
"MUD262A","5.8","12-Feb-2026","0.200000","Straight","Fixed","","","07-May-24","6.000000","-","-","-","-","5.342364","419.999140","5.342364","-","100.076986","0.301918","0.197364","0.087643","1000","THB","Registered","-"
"MUD26NA","7.1","21-Nov-2026","0.972603","Straight","Fixed","","","-","-","-","-","-","-","6.354961","526.084680","6.354961","-","100.682899","0.194521","0.934066","1.116311","1000","THB","Registered","-"
"MUD277A","6.85","30-Jul-2027","1.660274","Straight","Fixed","","","-","-","-","-","-","-","6.571667","548.912771","6.571667","-","100.418227","0.600548","1.553150","2.877802","1000","THB","Registered","-"
"MUD277B","6.85","12-Jul-2027","1.610959","Straight","Fixed","","","-","-","-","-","-","-","6.770370","570.810955","6.770370","-","100.107496","0.356575","1.513638","2.734968","1000","THB","Registered","-"
"MUD282A","7.1","12-Feb-2028","2.200000","Straight","Fixed","","","-","-","-","-","-","-","6.975159","589.429962","6.975159","-","100.235544","0.369589","2.014370","4.739154","1000","THB","Registered","-"
"NAKON276A","7.25","13-Jun-2027","1.531507","Straight","Fixed","","","-","-","-","-","-","-","7.533046","649.272046","7.533046","-","99.596341","-0.238356","1.440399","2.482244","1000","THB","Registered","-"
"NAKON277A","7.25","07-Jul-2027","1.597260","Straight","Fixed","","","-","-","-","-","-","-","7.613555","659.129573","7.613555","-","99.437732","1.092466","1.482097","2.648140","1000","THB","Registered","-"
"NCAP262A","5.85","18-Feb-2026","0.216438","Straight","Fixed","","","-","-","-","-","-","-","4.810068","364.737995","4.810068","-","100.209550","0.208356","0.213867","0.098570","1000","THB","Registered","-"
"NCH272A","6.25","18-Feb-2027","1.216438","Straight","Fixed","","","-","-","-","-","-","-","5.497299","434.962311","5.497299","-","100.865759","0.222603","1.162784","1.665060","1000","THB","Registered","-"
"NCH273A","6","26-Mar-2027","1.315068","Straight","Fixed","","","-","-","-","-","-","-","5.138965","397.598307","5.138965","-","101.090537","1.068493","1.245564","1.903894","1000","THB","Registered","-"
"NER26NA","6","04-Nov-2026","0.926027","Straight","Fixed","","","11-Nov-21","5.750000","-","-","-","-","5.654531","452.758580","5.654531","-","100.295741","0.443836","0.893543","1.030691","1000","THB","Registered","-"
"NER279A","5.65","08-Sep-2027","1.769863","Straight","Fixed","","","-","-","-","-","-","-","4.852540","367.627715","4.852540","-","101.344893","-0.108356","1.677944","3.300466","1000","THB","Registered","-"
"NER299A","6.4","08-Sep-2029","3.772603","Straight","Fixed","","","-","-","-","-","-","-","5.641351","443.341857","5.641351","-","102.560684","-0.122740","3.341537","12.757783","1000","THB","Registered","-"
"NER29DA","3.41","20-Dec-2029","4.054795","Straight","Fixed","AAA","","-","-","-","-","-","-","2.678754","135.344957","2.678754","-","102.784520","1.532164","3.717355","16.366971","1000","THB","Registered","-"
"NNEG289A","3.85","05-Sep-2028","2.764384","Amortization","Fixed","","A-(tha)","30-Oct-19","2.930000","-","-","-","-","3.032921","177.702448","3.032921","-","101.395494","0.917671","1.669996","4.275994","428.56","THB","Registered","-"
"NNEG349A","4.22","05-Sep-2034","8.767123","Amortization","Fixed","","A-(tha)","-","-","-","-","-","-","3.318264","184.576353","3.318264","-","103.877657","1.005863","4.192254","26.058417","818.18","THB","Registered","-"
"NNEG359A","4.74","20-Sep-2035","9.808219","Amortization","Fixed","","A-(tha)","31-May-24","4.370000","-","-","-","-","3.195823","165.789668","3.195823","-","109.313414","0.935014","5.766330","42.130310","1000","THB","Registered","-"
"NOBLE264A","4.7","07-Apr-2026","0.347945","Straight","Fixed","BBB","","-","-","-","-","-","-","4.403820","327.019277","4.403820","-","100.091499","0.708219","0.344674","0.204732","1000","THB","Registered","-"
"NOBLE269A","5.1","04-Sep-2026","0.758904","Straight","Fixed","BBB","","-","-","-","-","-","-","4.490694","330.396345","4.490694","-","100.451964","-0.041918","0.740526","0.735196","1000","THB","Registered","-"
"NOBLE26DA","5.25","21-Dec-2026","1.054795","Straight","Fixed","BBB","","-","-","-","-","-","-","4.584478","340.160549","4.584478","-","100.683796","1.021233","1.011384","1.295303","1000","THB","Registered","-"
"NOBLE273A","5.25","01-Mar-2027","1.246575","Straight","Fixed","BBB","","-","-","-","-","-","-","4.791661","362.895371","4.791661","-","100.569300","0.000000","1.200330","1.759761","1000","THB","Registered","-"
"NOBLE27OA","5.7","17-Oct-2027","1.876712","Straight","Fixed","BBB","","-","-","-","-","-","-","4.955641","379.051545","4.955641","-","101.313615","0.702740","1.762118","3.647914","1000","THB","Registered","-"
"NOBLE284A","6","22-Apr-2028","2.391781","Straight","Fixed","BBB","","-","-","-","-","-","-","5.662545","451.461693","5.662545","-","100.738786","0.147945","2.212024","5.638933","1000","THB","Registered","-"
"NPS265A","5","12-May-2026","0.443836","Straight","Fixed","BBB+","","-","-","-","-","-","-","3.185350","201.530000","3.185350","-","100.796513","0.260274","0.443396","0.307320","1000","THB","Registered","-"
"NPS265B","4","12-May-2026","0.443836","Straight","Fixed","BBB+","","-","-","-","-","-","-","3.191381","202.161000","3.191381","-","100.351001","0.208219","0.443987","0.307845","1000","THB","Registered","-"
"NPS273A","5.35","12-Mar-2027","1.276712","Straight","Fixed","BBB+","","02-Sep-24","5.366685","-","-","-","-","3.766459","255.741200","3.766459","-","101.954146","0.278493","1.228098","1.839996","1000","THB","Registered","-"
"NPS27NA","4.6","12-Nov-2027","1.947945","Straight","Fixed","BBB+","","-","-","-","-","-","-","3.725322","251.778478","3.725322","-","101.627498","0.239452","1.855708","3.992492","1000","THB","Registered","-"
"NPS284A","3.8","25-Apr-2028","2.400000","Straight","Fixed","BBB+","","-","-","-","-","-","-","3.809740","259.534400","3.809740","-","99.968870","0.385205","2.275739","5.893700","1000","THB","Registered","-"
"NPS286A","4.6","16-Jun-2028","2.542466","Straight","Fixed","BBB+","","-","-","-","-","-","-","3.911740","269.462900","3.911740","-","101.659509","0.957808","2.368473","6.432778","1000","THB","Registered","-"
"NPS28NA","4.75","12-Nov-2028","2.950685","Straight","Fixed","BBB+","","09-Oct-25","4.000000","-","-","-","-","4.036081","281.581061","4.036081","-","101.965429","0.247260","2.738399","8.492259","1000","THB","Registered","-"
"NPS295A","5.1","12-May-2029","3.446575","Straight","Fixed","BBB+","","28-Nov-24","4.970000","-","-","-","-","4.151956","292.375569","4.151956","-","103.021147","0.265479","3.149911","11.227323","1000","THB","Registered","-"
"NPS304A","4.5","25-Apr-2030","4.400000","Straight","Fixed","BBB+","","-","-","-","-","-","-","4.459587","318.580373","4.459587","-","100.149933","0.456164","3.955695","17.630082","1000","THB","Registered","-"
"NPS306A","5.25","16-Jun-2030","4.542466","Straight","Fixed","BBB+","","26-Sep-25","4.600000","-","-","-","-","4.555280","327.634060","4.555280","-","102.837941","1.093151","3.989679","18.204694","1000","THB","Registered","-"
"NPS324A","5","25-Apr-2032","6.402740","Straight","Fixed","BBB+","","-","-","-","-","-","-","4.871214","344.274444","4.871214","-","100.692454","0.506849","5.427888","33.855855","1000","THB","Registered","-"
"NTL25DA","0","17-Dec-2025","0.043836","Straight","Fixed","","","12-Nov-25","1.470000","-","-","-","-","1.466524","21.640205","1.466524","-","99.935969","0.000000","0.043517","0.023494","1000","THB","Registered","-"
"NTL25DB","0","26-Dec-2025","0.068493","Straight","Fixed","","","12-Nov-25","1.470000","-","-","-","-","1.465469","21.639714","1.465469","-","99.900041","0.000000","0.067995","0.038373","1000","THB","Registered","-"
"NTL261A","2.91","25-Jan-2026","0.150685","Straight","Fixed","","","12-Nov-25","1.505000","-","-","-","-","1.497496","25.164237","1.497496","-","100.198710","1.028466","0.149565","0.096596","1000","THB","Registered","-"
"NTL264A","3.12","26-Apr-2026","0.400000","Straight","Fixed","","","30-Oct-25","1.650000","-","-","-","-","1.633646","38.822279","1.633646","-","100.593464","0.307726","0.396759","0.354190","1000","THB","Registered","-"
"NTL267A","0","31-Jul-2026","0.663014","Straight","Fixed","A+","","28-Oct-25","1.562500","-","-","-","-","1.629166","38.870016","1.629166","-","98.923386","0.000000","0.661733","0.766084","1000","THB","Registered","-"
"NTL268A","3.51","18-Aug-2026","0.712329","Straight","Fixed","A+","","19-Sep-25","1.620000","-","-","-","-","1.626053","38.379268","1.626053","-","101.320337","1.009726","0.702184","0.845455","1000","THB","Registered","-"
"NTL26OA","0","10-Oct-2026","0.857534","Straight","Fixed","A+","","03-Oct-25","1.530000","-","-","-","-","1.639205","38.226379","1.639205","-","98.612014","0.000000","0.849204","1.142298","1000","THB","Registered","-"
"NTL26NA","3.7","29-Nov-2026","0.994521","Straight","Fixed","A+","","27-Nov-25","1.645000","-","-","-","-","1.653486","39.114149","1.653486","-","102.017248","0.020274","0.973371","1.434490","1000","THB","Registered","-"
"NTL26DA","0","29-Dec-2026","1.076712","Straight","Fixed","A+","","05-Nov-25","1.700000","-","-","-","-","1.686830","43.120759","1.686830","-","98.207643","0.000000","1.067707","1.669387","1000","THB","Registered","-"
"NTL273A","3.38","29-Mar-2027","1.323288","Straight","Fixed","A+","","05-Nov-25","1.885000","-","-","-","-","1.799771","54.458782","1.799771","-","102.069422","0.583397","1.287225","2.314293","1000","THB","Registered","-"
"NTL274A","3.35","10-Apr-2027","1.356164","Straight","Fixed","A+","","-","-","-","-","-","-","1.800174","54.500986","1.800174","-","102.070246","0.477260","1.320011","2.415858","1000","THB","Registered","-"
"NTL275A","0","27-May-2027","1.484932","Straight","Fixed","A+","","13-Jun-25","2.280000","-","-","-","-","1.805358","55.004186","1.805358","-","97.366492","0.000000","1.471647","2.894987","1000","THB","Registered","-"
"NTL278A","3.66","18-Aug-2027","1.712329","Straight","Fixed","A+","","21-Jul-25","2.102500","-","-","-","-","1.826074","57.513066","1.826074","-","103.068073","1.052877","1.649177","3.594172","1000","THB","Registered","-"
"NTL278B","3.5","02-Aug-2027","1.668493","Straight","Fixed","A+","","27-Nov-25","1.800000","-","-","-","-","1.795815","54.470839","1.795815","-","102.779543","1.160274","1.608107","3.437932","1000","THB","Registered","-"
"NTL27NA","3.91","29-Nov-2027","1.994521","Straight","Fixed","A+","","21-Oct-25","1.930000","-","-","-","-","1.831180","57.123620","1.831180","-","104.060954","0.021425","1.917345","4.686891","1000","THB","Registered","-"
"NTL283A","3.65","29-Mar-2028","2.326027","Straight","Fixed","A+","","23-Jul-25","2.080000","-","-","-","-","1.866329","60.349095","1.866329","-","104.050085","0.630000","2.216751","6.131674","1000","THB","Registered","-"
"NTL285A","0","26-May-2028","2.484932","Straight","Fixed","A+","","06-Nov-25","1.940000","-","-","-","-","1.862287","59.647744","1.862287","-","95.503084","0.000000","2.459292","7.266420","1000","THB","Registered","-"
"NTL288A","3.61","02-Aug-2028","2.671233","Straight","Fixed","A+","","10-Feb-25","3.280000","-","-","-","-","2.083749","82.026492","2.083749","-","103.930646","1.196740","2.519788","7.808809","1000","THB","Registered","-"
"NTL28OA","3.49","10-Oct-2028","2.860274","Straight","Fixed","A+","","29-Jul-25","2.320000","-","-","-","-","2.138089","86.697223","2.138089","-","103.729344","0.497205","2.704377","8.858283","1000","THB","Registered","-"
"NUSA268A","7.25","26-Aug-2026","0.734247","Straight","Fixed","","","-","-","-","-","-","-","6.678636","560.282348","6.678636","-","100.409135","-0.099315","0.711482","0.685668","1000","THB","Registered","-"
"NUSA269A","7.25","08-Sep-2026","0.769863","Straight","Fixed","","","-","-","-","-","-","-","6.721156","564.624433","6.721156","-","100.398257","1.450000","0.734054","0.732235","1000","THB","Registered","-"
"NUSA26NA","7.3","18-Nov-2026","0.964384","Straight","Fixed","","","-","-","-","-","-","-","6.617166","551.684713","6.617166","-","100.638295","1.480000","0.910576","1.077098","1000","THB","Registered","-"
"NUSA26NB","7.3","18-Nov-2026","0.964384","Straight","Fixed","","","-","-","-","-","-","-","6.610989","551.036911","6.610989","-","100.643686","1.340000","0.911899","1.078549","1000","THB","Registered","-"
"ORI263A","4.15","22-Mar-2026","0.304110","Straight","Fixed","BBB+","","10-Sep-24","4.340000","-","-","-","-","3.461869","229.604897","3.461869","-","100.211651","0.795890","0.302355","0.166982","1000","THB","Registered","-"
"ORI263B","4.25","22-Mar-2026","0.304110","Straight","Fixed","BBB+","","-","-","-","-","-","-","3.500283","229.609250","3.500283","-","100.217490","0.197945","0.300444","0.164826","1000","THB","Registered","-"
"ORI267A","4.4","11-Jul-2026","0.608219","Straight","Fixed","BBB+","","30-Jan-25","4.400000","-","-","-","-","3.643322","246.255557","3.643322","-","100.445879","0.614795","0.598769","0.510122","1000","THB","Registered","-"
"ORI269A","4.25","01-Sep-2026","0.750685","Straight","Fixed","BBB+","","16-Sep-24","4.362744","-","-","-","-","3.679735","246.866112","3.679735","-","100.432546","0.000000","0.732002","0.720310","1000","THB","Registered","-"
"ORI271A","4.85","16-Jan-2027","1.126027","Straight","Fixed","BBB+","","01-Mar-24","4.440000","-","-","-","-","3.786647","257.839365","3.786647","-","101.155405","0.611233","1.086375","1.470093","1000","THB","Registered","-"
"ORI273A","4.45","22-Mar-2027","1.304110","Straight","Fixed","BBB+","","-","-","-","-","-","-","3.817264","261.933365","3.817264","-","100.805395","0.853425","1.255120","1.921052","1000","THB","Registered","-"
"ORI273B","4.5","22-Mar-2027","1.304110","Straight","Fixed","BBB+","","-","-","-","-","-","-","3.827426","261.999182","3.827426","-","100.842800","0.209589","1.259360","1.922798","1000","THB","Registered","-"
"ORI275A","4.85","14-May-2027","1.449315","Straight","Fixed","BBB+","","-","-","-","-","-","-","3.845654","265.491977","3.845654","-","101.404231","0.225890","1.398208","2.338898","1000","THB","Registered","-"
"ORI277A","4.6","11-Jul-2027","1.608219","Straight","Fixed","BBB+","","-","-","-","-","-","-","3.881605","268.523639","3.881605","-","101.106716","0.642740","1.539249","2.809174","1000","THB","Registered","-"
"ORI278A","4.85","09-Aug-2027","1.687671","Straight","Fixed","BBB+","","-","-","-","-","-","-","3.978352","278.466366","3.978352","-","101.408258","0.292329","1.614613","3.068225","1000","THB","Registered","-"
"ORI27NA","5","14-Nov-2027","1.953425","Straight","Fixed","BBB+","","-","-","-","-","-","-","4.008128","280.922448","4.008128","-","101.845410","0.232877","1.853553","3.990383","1000","THB","Registered","-"
"ORI282A","5","09-Feb-2028","2.191781","Straight","Fixed","BBB+","","-","-","-","-","-","-","4.433059","324.107686","4.433059","-","101.166444","0.301370","2.061758","4.899035","1000","THB","Registered","-"
"ORI282B","4.85","14-Feb-2028","2.205479","Straight","Fixed","BBB+","","-","-","-","-","-","-","4.433585","324.136847","4.433585","-","100.859397","0.225890","2.078157","4.967549","1000","THB","Registered","-"
"ORI284B","5.2","11-Apr-2028","2.361644","Straight","Fixed","BBB+","","-","-","-","-","-","-","5.027675","385.547813","5.027675","-","100.368895","0.726575","2.195537","5.560568","1000","THB","Registered","-"
"ORI287A","5.5","28-Jul-2028","2.657534","Straight","Fixed","BBB+","","-","-","-","-","-","-","5.616891","446.926981","5.616891","-","99.703253","0.045205","2.457619","6.898968","1000","THB","Registered","-"
"ORI288A","5.15","09-Aug-2028","2.690411","Straight","Fixed","BBB+","","-","-","-","-","-","-","5.620962","446.853025","5.620962","-","98.818925","0.310411","2.487289","7.063806","1000","THB","Registered","-"
"ORI292A","5.15","14-Feb-2029","3.208219","Straight","Fixed","BBB+","","-","-","-","-","-","-","5.625961","445.341855","5.625961","-","98.600962","0.239863","2.925562","9.715309","1000","THB","Registered","-"
"ORI294B","5.5","11-Apr-2029","3.361644","Straight","Fixed","BBB+","","-","-","-","-","-","-","5.631568","445.965560","5.631568","-","99.585859","0.768493","3.026526","10.473724","1000","THB","Registered","-"
"ORN26DA","7.25","20-Dec-2026","1.052055","Straight","Fixed","","","-","-","-","-","-","-","6.196689","508.016154","6.196689","-","101.067496","1.430137","0.993267","1.261008","1000","THB","Registered","-"
"PCLV268A","7.5","28-Aug-2026","0.739726","Straight","Fixed","","","-","-","-","-","-","-","6.751881","570.587695","6.751881","-","100.522529","0.061644","0.718037","0.697450","1000","THB","Registered","-"
"PD263A","7.1","29-Mar-2026","0.323288","Straight","Fixed","","","-","-","-","-","-","-","6.233703","519.852748","6.233703","-","100.279970","1.225479","0.317415","0.179924","1000","THB","Registered","-"
"PD266A","7.4","10-Jun-2026","0.523288","Straight","Fixed","","","-","-","-","-","-","-","6.467324","541.587598","6.467324","-","100.463503","1.054247","0.507975","0.386435","1000","THB","Registered","-"
"PD26DA","7.4","27-Dec-2026","1.071233","Straight","Fixed","","","-","-","-","-","-","-","6.779721","570.615612","6.779721","-","100.624355","0.081096","1.023335","1.317662","1000","THB","Registered","-"
"PD273A","7.25","30-Mar-2027","1.326027","Straight","Fixed","","","-","-","-","-","-","-","6.943140","588.223015","6.943140","-","100.413143","0.019863","1.253603","1.916368","1000","THB","Registered","-"
"PD27NA","7.5","30-Nov-2027","1.997260","Straight","Fixed","","","-","-","-","-","-","-","7.208098","614.219061","7.208098","-","100.562908","0.020548","1.836939","3.961562","1000","THB","Registered","-"
"PF17PA","9.92","27-Apr-2117","91.463014","Straight","Fixed","C","","-","-","-","-","-","-","-","-","-","-","95.782517","-","-","-","1000","THB","Registered","-"
"PL262A","4","08-Feb-2026","0.189041","Straight","Fixed","BBB+","","16-Dec-24","3.765000","-","-","-","-","2.964545","173.597280","2.964545","-","100.173867","1.260274","0.186280","0.126480","1000","THB","Registered","-"
"PL263A","4.1","28-Mar-2026","0.320548","Straight","Fixed","BBB+","","07-Jun-23","4.090000","-","-","-","-","3.101803","192.083084","3.101803","-","100.322517","0.718904","0.318969","0.181486","1000","THB","Registered","-"
"PL268A","4.6","31-Aug-2026","0.747945","Straight","Fixed","BBB+","","06-Oct-25","3.450000","-","-","-","-","3.492640","224.477654","3.492640","-","100.820088","1.159452","0.720079","0.877653","1000","THB","Registered","-"
"PL272A","4.55","22-Feb-2027","1.227397","Straight","Fixed","BBB+","","13-Mar-25","3.995000","-","-","-","-","3.571717","234.088748","3.571717","-","101.140967","1.259041","1.173574","1.979223","1000","THB","Registered","-"
"PL272B","4.5","08-Feb-2027","1.189041","Straight","Fixed","BBB+","","-","-","-","-","-","-","3.565053","233.418573","3.565053","-","101.055900","1.417808","1.136262","1.874476","1000","THB","Registered","-"
"PL282A","4.75","22-Feb-2028","2.227397","Straight","Fixed","BBB+","","25-Sep-24","4.695000","-","-","-","-","3.872616","264.297687","3.872616","-","101.830055","1.314384","2.075232","5.475105","1000","THB","Registered","-"
"PLE272A","7","21-Feb-2027","1.224658","Straight","Fixed","","","-","-","-","-","-","-","6.265091","515.202947","6.265091","-","100.844269","0.191781","1.164373","1.671383","1000","THB","Registered","-"
"PPS262A","7.5","13-Feb-2026","0.202740","Straight","Fixed","","","-","-","-","-","-","-","7.310624","626.318033","7.310624","-","100.019760","0.369863","0.199101","0.088523","1000","THB","Registered","-"
"PREB265A","4.85","12-May-2026","0.443836","Straight","Fixed","","","-","-","-","-","-","-","4.474128","336.025381","4.474128","-","100.155487","0.252466","0.442063","0.305436","1000","THB","Registered","-"
"PREB275A","5.25","29-May-2027","1.490411","Straight","Fixed","BBB-","","-","-","-","-","-","-","4.938733","377.920761","4.938733","-","100.449001","0.028767","1.428575","2.434218","1000","THB","Registered","-"
"PRIN25DA","5.2","09-Dec-2025","0.021918","Straight","Fixed","BBB-","","-","-","-","-","-","-","4.547022","336.867928","4.547022","-","100.017197","1.182466","0.021671","0.005827","1000","THB","Registered","-"
"PRIN264A","6","06-Apr-2026","0.345205","Straight","Fixed","BBB-","","-","-","-","-","-","-","4.776603","366.023318","4.776603","-","100.406040","0.920548","0.340876","0.201296","1000","THB","Registered","-"
"PRIN267A","5.4","13-Jul-2026","0.613699","Straight","Fixed","BBB-","","-","-","-","-","-","-","4.984205","385.655787","4.984205","-","100.238248","0.724932","0.600398","0.512676","1000","THB","Registered","-"
"PRIN26OA","6","28-Oct-2026","0.906849","Straight","Fixed","BBB-","","-","-","-","-","-","-","5.073837","390.612076","5.073837","-","100.819343","1.052055","0.868592","0.984520","1000","THB","Registered","-"
"PRIN26NA","5.35","18-Nov-2026","0.964384","Straight","Fixed","BBB-","","-","-","-","-","-","-","5.078540","392.571654","5.078540","-","100.242470","0.190548","0.934973","1.115792","1000","THB","Registered","-"
"PRIN273A","5.9","19-Mar-2027","1.295890","Straight","Fixed","BBB-","","-","-","-","-","-","-","5.307509","416.542892","5.307509","-","100.741661","1.180000","1.229804","1.860843","1000","THB","Registered","-"
"PRIN276A","5.75","12-Jun-2027","1.528767","Straight","Fixed","BBB-","","-","-","-","-","-","-","5.667330","453.106632","5.667330","-","100.121715","-0.173288","1.457377","2.527280","1000","THB","Registered","-"
"PRIN276B","5.9","12-Jun-2027","1.528767","Straight","Fixed","BBB-","","-","-","-","-","-","-","5.672038","453.599155","5.672038","-","100.333256","-0.177808","1.456130","2.524325","1000","THB","Registered","-"
"PRIN279A","6","19-Sep-2027","1.800000","Straight","Fixed","BBB-","","-","-","-","-","-","-","5.691515","454.859866","5.691515","-","100.526483","1.200000","1.675384","3.332795","1000","THB","Registered","-"
"PRIN27DA","5.9","04-Dec-2027","2.008219","Straight","Fixed","BBB-","","-","-","-","-","-","-","5.805421","467.540577","5.805421","-","100.166026","0.436438","1.875251","4.104808","1000","THB","Registered","-"
"PRIN283A","6","12-Mar-2028","2.279452","Straight","Fixed","BBB-","","-","-","-","-","-","-","5.842771","470.582075","5.842771","-","100.334843","-0.180822","2.120898","5.183066","1000","THB","Registered","-"
"PRIN286A","6.25","12-Jun-2028","2.531507","Straight","Fixed","BBB-","","-","-","-","-","-","-","6.035166","489.769127","6.035166","-","100.502182","-0.188356","2.329332","6.230303","1000","THB","Registered","-"
"PRIN28NA","6.25","04-Nov-2028","2.928767","Straight","Fixed","BBB-","","-","-","-","-","-","-","6.151155","501.360816","6.151155","-","100.247735","0.462329","2.646516","8.053529","1000","THB","Registered","-"
"PROUD273A","7.5","05-Mar-2027","1.257534","Straight","Fixed","","","-","-","-","-","-","-","6.872287","580.793281","6.872287","-","100.752756","-0.082192","1.195444","1.753731","1000","THB","Registered","-"
"PSH265A","0","08-May-2026","0.432877","Straight","Fixed","BBB+","","22-May-25","3.425000","-","-","-","-","3.079595","185.052530","3.079595","-","98.685786","0.000000","0.426312","0.391666","1000","THB","Registered","-"
"PSH275A","3.48","09-May-2027","1.435616","Straight","Fixed","BBB+","","01-Aug-24","3.360000","-","-","-","-","3.391370","215.661614","3.391370","-","100.135839","0.209753","1.386614","2.624403","1000","THB","Registered","-"
"PSL29OA","3.52","18-Oct-2029","3.882192","Straight","Fixed","AAA","","-","-","-","-","-","-","2.849345","153.203654","2.849345","-","102.448398","0.424329","3.596416","15.220262","1000","THB","Registered","-"
"PSL34OA","3.97","18-Oct-2034","8.884932","Straight","Fixed","AAA","","-","-","-","-","-","-","3.295758","165.416014","3.295758","-","105.155741","0.478575","7.451054","65.071227","1000","THB","Registered","-"
"PSTC26NA","7.5","29-Nov-2026","0.994521","Straight","Fixed","","","-","-","-","-","-","-","7.299437","623.494112","7.299437","-","100.195327","0.041096","0.949273","1.148859","1000","THB","Registered","-"
"PSTC278A","7.25","16-Aug-2027","1.706849","Straight","Fixed","","","-","-","-","-","-","-","7.105379","605.200439","7.105379","-","100.214071","0.297945","1.592069","3.013442","1000","THB","Registered","-"
"PTG263A","4","17-Mar-2026","0.290411","Straight","Fixed","","","-","-","-","-","-","-","3.181897","195.695625","3.181897","-","100.247236","0.821918","0.285863","0.222411","1000","THB","Registered","-"
"PTG275A","0","07-May-2027","1.430137","Straight","Fixed","","","15-May-25","3.730000","-","-","-","-","3.373100","213.814187","3.373100","-","95.328852","0.000000","1.406417","2.669554","1000","THB","Registered","-"
"PTH262A","7.15","12-Feb-2026","0.200000","Straight","Fixed","","","-","-","-","-","-","-","6.406316","531.151235","6.406316","-","100.144665","0.333014","0.196847","0.087185","1000","THB","Registered","-"
"PTH264A","7","10-Apr-2026","0.356164","Straight","Fixed","","","-","-","-","-","-","-","5.929206","481.113094","5.929206","-","100.360918","0.402740","0.348227","0.207476","1000","THB","Registered","-"
"PTH265A","7.15","12-May-2026","0.443836","Straight","Fixed","","","-","-","-","-","-","-","6.963009","599.474714","6.963009","-","100.065233","0.450548","0.437613","0.300171","1000","THB","Registered","-"
"PTH26DA","7.35","14-Dec-2026","1.035616","Straight","Fixed","","","-","-","-","-","-","-","6.595827","551.308123","6.595827","-","100.736238","0.342329","0.988994","1.240108","1000","THB","Registered","-"
"PTH26DB","7.35","14-Dec-2026","1.035616","Straight","Fixed","","","-","-","-","-","-","-","7.306988","626.367871","7.306988","-","100.028127","0.463151","0.986000","1.234030","1000","THB","Registered","-"
"PTTC10DA","5.9","02-Dec-2110","85.057534","Straight","Fixed","","AAA(tha)","14-Dec-10","-","-","-","-","-","4.117463","172.187182","4.117463","-","141.937613","-0.016164","22.959028","959.401875","1000","THB","Registered","-"
"PTTC268A","1.31","06-Aug-2026","0.679452","Straight","Fixed","","AAA(tha)","27-Nov-25","1.590000","-","-","-","-","1.590765","34.915505","1.590765","-","99.803884","0.419918","0.674935","0.791935","1000","THB","Registered","-"
"PTTC277A","2.85","24-Jul-2027","1.643836","Straight","Fixed","","AAA(tha)","04-Dec-24","2.380000","-","-","-","-","1.612025","35.897791","1.612025","-","101.992387","1.015068","1.593915","3.376853","1000","THB","Registered","-"
"PTTC27OA","2.45","08-Oct-2027","1.852055","Straight","Fixed","","AAA(tha)","28-May-25","1.970000","-","-","-","-","1.610186","35.143623","1.610186","-","101.527589","0.362466","1.800514","4.174701","1000","THB","Registered","-"
"PTTC288A","1.79","06-Aug-2028","2.682192","Straight","Fixed","","AAA(tha)","25-Nov-25","1.660000","-","-","-","-","1.669599","40.151086","1.669599","-","100.306469","0.573781","2.596279","8.142540","1000","THB","Registered","-"
"PTTC289A","2.1","12-Sep-2028","2.783562","Straight","Fixed","","AAA(tha)","-","-","-","-","-","-","1.677009","40.189206","1.677009","-","101.150470","0.460274","2.677963","8.631652","1000","THB","Registered","-"
"PTTC295A","3.25","27-May-2029","3.487671","Straight","Fixed","","AAA(tha)","16-Oct-25","1.550000","-","-","-","-","1.700867","40.543841","1.700867","-","105.233379","0.035616","3.298363","12.828914","1000","THB","Registered","-"
"PTTC307A","2.84","02-Jul-2030","4.586301","Straight","Fixed","","AAA(tha)","21-Oct-25","1.800000","-","-","-","-","1.755897","40.218480","1.755897","-","104.745862","1.182685","4.256033","21.060075","1000","THB","Registered","-"
"PTTC318A","2.37","06-Aug-2031","5.682192","Straight","Fixed","","AAA(tha)","21-Nov-25","1.880000","-","-","-","-","1.868031","43.780192","1.868031","-","102.683811","0.759699","5.268987","31.628011","1000","THB","Registered","-"
"PTTC329A","2.5","12-Sep-2032","6.786301","Straight","Fixed","","AAA(tha)","25-Nov-25","2.000000","-","-","-","-","2.028744","45.683674","2.028744","-","102.978450","0.547945","6.188967","43.437500","1000","THB","Registered","-"
"PTTC344A","3.47","08-Apr-2034","8.356164","Straight","Fixed","","AAA(tha)","17-Nov-25","2.120000","-","-","-","-","2.103496","45.760157","2.103496","-","110.418048","0.513370","7.271437","60.964139","1000","THB","Registered","-"
"PTTC357A","3.2","02-Jul-2035","9.589041","Straight","Fixed","","AAA(tha)","18-Nov-25","2.485000","-","-","-","-","2.450861","77.642221","2.450861","-","106.351918","1.332603","8.176201","77.690010","1000","THB","Registered","-"
"PTTC457A","3.74","02-Jul-2045","19.597260","Straight","Fixed","","AAA(tha)","17-Oct-24","4.550100","-","-","-","-","3.594643","133.758309","3.594643","-","102.013568","1.557479","13.665461","238.502182","1000","THB","Registered","-"
"PTTEP26NA","2.75","05-Nov-2026","0.928767","Straight","Fixed","AAA","","17-Nov-25","1.800000","-","-","-","-","1.782850","52.099982","1.782850","-","100.893576","0.195890","0.909798","1.281882","1000","THB","Registered","-"
"PTTEP296A","4.82","06-Jun-2029","3.515068","Straight","Fixed","AAA","","18-Mar-25","2.410000","-","-","-","-","2.002549","70.922156","2.002549","-","109.513854","-0.066027","3.255990","12.644194","1000","THB","Registered","-"
"PTTEPT265A","2.51","10-May-2026","0.438356","Straight","Fixed","AAA","","04-Jun-25","1.820000","-","-","-","-","1.432749","18.498886","1.432749","-","100.478898","0.144411","0.435238","0.405504","1000","THB","Registered","-"
"PTTEPT274A","2.09","05-Apr-2027","1.342466","Straight","Fixed","AAA","","26-Sep-25","1.480000","-","-","-","-","1.541134","28.380983","1.541134","-","100.728495","0.326384","1.316927","2.400136","1000","THB","Registered","-"
"PTTEPT294A","2.69","05-Apr-2029","3.345205","Straight","Fixed","AAA","","-","-","-","-","-","-","1.789811","50.235767","1.789811","-","102.910404","0.420082","3.180155","11.957947","1000","THB","Registered","-"
"PTTEPT324A","3.05","05-Apr-2032","6.347945","Straight","Fixed","AAA","","25-Nov-25","2.000000","-","-","-","-","2.014472","50.773674","2.014472","-","106.139145","0.476301","5.750278","37.836595","1000","THB","Registered","-"
"PTTGC24PA","5.25","13-Dec-2124","99.098630","Straight","Fixed","","A(tha)","25-Nov-25","-","-","-","-","-","-","-","-","-","102.877347","-","-","-","1000","THB","Registered","-"
"PTTGC269A","2.43","05-Sep-2026","0.761644","Straight","Fixed","","AA-(tha)","24-Nov-25","1.750000","-","-","-","-","1.746226","48.515002","1.746226","-","100.521020","0.579205","0.745047","0.927299","1000","THB","Registered","-"
"PTTGC271A","2.13","25-Jan-2027","1.150685","Straight","Fixed","","AA-(tha)","14-Oct-25","1.670000","-","-","-","-","1.745140","48.992970","1.745140","-","100.426824","0.752795","1.125165","1.836345","1000","THB","Registered","-"
"PTTGC274A","2.6","08-Apr-2027","1.350685","Straight","Fixed","","AA-(tha)","28-Aug-25","1.907500","-","-","-","-","1.760886","50.536921","1.760886","-","101.117531","0.384658","1.320025","2.411969","1000","THB","Registered","-"
"PTTGC276A","3.21","15-Jun-2027","1.536986","Straight","Fixed","","AA-(tha)","10-Oct-25","1.670000","-","-","-","-","1.753003","49.880139","1.753003","-","102.202499","-0.123123","1.501896","3.018680","1000","THB","Registered","-"
"PTTGC291A","2.65","25-Jan-2029","3.153425","Straight","Fixed","","AA-(tha)","10-Sep-25","2.002500","-","-","-","-","2.167897","89.047294","2.167897","-","101.448211","0.936575","2.985277","10.654864","1000","THB","Registered","-"
"PTTGC296A","3.5","30-Jun-2029","3.580822","Straight","Fixed","","AA-(tha)","16-Oct-24","3.455000","-","-","-","-","2.931447","164.316875","2.931447","-","101.912172","1.476712","3.301350","13.037132","1000","THB","Registered","-"
"PTTGC299A","2.75","05-Sep-2029","3.764384","Straight","Fixed","","AA-(tha)","02-Oct-25","2.070000","-","-","-","-","2.211423","89.345525","2.211423","-","101.941113","0.655479","3.535894","14.667925","1000","THB","Registered","-"
"PTTGC304A","2.99","08-Apr-2030","4.353425","Straight","Fixed","","AA-(tha)","21-Aug-25","2.075000","-","-","-","-","2.316770","97.890279","2.316770","-","102.773303","0.442356","4.051922","19.061597","1000","THB","Registered","-"
"PTTGC321A","3.05","25-Jan-2032","6.153425","Straight","Fixed","","AA-(tha)","06-May-22","3.460000","-","-","-","-","2.508253","105.179214","2.508253","-","103.055504","1.077945","5.537298","35.346055","1000","THB","Registered","-"
"PTTGC324A","3.29","08-Apr-2032","6.356164","Straight","Fixed","","AA-(tha)","25-Nov-25","2.660000","-","-","-","-","2.674687","117.449299","2.674687","-","103.574154","0.486740","5.692366","37.275642","1000","THB","Registered","-"
"PTTGC341A","3.29","25-Jan-2034","8.156164","Straight","Fixed","","AA-(tha)","30-Oct-25","2.815000","-","-","-","-","2.797730","116.798947","2.797730","-","103.549660","1.162767","7.058115","57.752175","1000","THB","Registered","-"
"PTTGC346A","4","15-Jun-2034","8.542466","Straight","Fixed","","AA-(tha)","26-May-25","3.215000","-","-","-","-","3.021536","138.556746","3.021536","-","107.316703","-0.153425","7.268053","61.416271","1000","THB","Registered","-"
"PTTGC354A","3.5","08-Apr-2035","9.356164","Straight","Fixed","","AA-(tha)","11-Sep-25","2.650000","-","-","-","-","3.055354","139.604098","3.055354","-","103.594927","0.517808","7.921984","73.001615","1000","THB","Registered","-"
"PUEAN267A","7.5","11-Jul-2026","0.608219","Straight","Fixed","","","-","-","-","-","-","-","6.420602","536.634043","6.420602","-","100.623970","1.047945","0.589211","0.497489","1000","THB","Registered","-"
"PUEAN277A","7.75","11-Jul-2027","1.608219","Straight","Fixed","","","-","-","-","-","-","-","6.710041","563.560495","6.710041","-","101.556836","1.082877","1.491603","2.683904","1000","THB","Registered","-"
"PUEAN28OA","7.5","11-Oct-2028","2.863014","Straight","Fixed","","","-","-","-","-","-","-","7.150539","606.517544","7.150539","-","100.877820","1.047945","2.532878","7.493981","1000","THB","Registered","-"
"PUEAN294A","7","02-Apr-2029","3.336986","Straight","Fixed","","","-","-","-","-","-","-","7.106966","600.867228","7.106966","-","99.666747","1.150685","2.919469","9.921907","1000","THB","Registered","-"
"PUEAN304A","7.25","02-Apr-2030","4.336986","Straight","Fixed","","","-","-","-","-","-","-","7.399235","626.479880","7.399235","-","99.431887","1.191781","3.647642","15.622871","1000","THB","Registered","-"
"QH25DA","0","11-Dec-2025","0.027397","Straight","Fixed","A-","","14-Dec-22","3.320000","-","-","-","-","1.835803","58.800647","1.835803","-","99.949946","0.000000","0.027148","0.014188","1000","THB","Registered","-"
"QH25DB","0","18-Dec-2025","0.046575","Straight","Fixed","A-","","13-Nov-25","1.845000","-","-","-","-","1.839498","59.257830","1.839498","-","99.914753","0.000000","0.046151","0.024995","1000","THB","Registered","-"
"QH264A","3.43","25-Apr-2026","0.397260","Straight","Fixed","","","18-Apr-25","2.620000","-","-","-","-","2.022122","78.030656","2.022122","-","100.557559","0.347699","0.393284","0.349346","1000","THB","Registered","-"
"QH272A","3.17","28-Feb-2027","1.243836","Straight","Fixed","A-","","24-Jun-25","2.260000","-","-","-","-","2.430904","118.248977","2.430904","-","100.910812","0.799014","1.206032","2.068622","1000","THB","Registered","-"
"QH27DA","0","09-Dec-2027","2.021918","Straight","Fixed","A-","","21-Jul-25","2.042500","-","-","-","-","2.260135","100.806344","2.260135","-","95.557522","0.000000","1.999324","4.985788","1000","THB","Registered","-"
"QH285A","0","05-May-2028","2.427397","Straight","Fixed","A-","","27-Aug-25","2.050000","-","-","-","-","2.375464","111.549058","2.375464","-","94.435086","0.000000","2.396197","6.925796","1000","THB","Registered","-"
"RATCH25DA","3.08","07-Dec-2025","0.016438","Straight","Fixed","","","20-May-24","2.890000","-","-","-","-","1.517101","26.614782","1.517101","-","100.021187","1.493589","0.016315","0.008362","1000","THB","Registered","-"
"RATCH278A","2.81","30-Aug-2027","1.745205","Straight","Fixed","","","-","-","-","-","-","-","1.722250","46.453654","1.722250","-","101.863119","0.715973","1.688608","3.733622","1000","THB","Registered","-"
"RATCH298A","3","30-Aug-2029","3.747945","Straight","Fixed","","","-","-","-","-","-","-","1.837425","51.936539","1.837425","-","104.190002","0.764384","3.515924","14.548893","1000","THB","Registered","-"
"RATCH30NA","2.61","04-Nov-2030","4.928767","Straight","Fixed","AA+","","21-Nov-25","2.035000","-","-","-","-","2.004209","62.480878","2.004209","-","102.835729","0.193068","4.600559","24.229299","1000","THB","Registered","-"
"RATCH35NA","2.94","04-Nov-2035","9.931507","Straight","Fixed","AA+","","10-Nov-25","2.505000","-","-","-","-","2.427971","73.996665","2.427971","-","104.501556","0.217479","8.587939","84.471273","1000","THB","Registered","-"
"RLTH268A","7","19-Aug-2026","0.715068","Straight","Fixed","","","-","-","-","-","-","-","6.955920","594.447981","6.955920","-","100.015187","0.191781","0.696416","0.661057","1000","THB","Registered","-"
"RLTH26NA","7","23-Nov-2026","0.978082","Straight","Fixed","","","-","-","-","-","-","-","7.005763","596.144254","7.005763","-","99.979563","0.115068","0.940390","1.129026","1000","THB","Registered","-"
"RML25DA","7","16-Dec-2025","0.041096","Straight","Fixed","","","-","-","-","-","-","-","6.057460","494.082911","6.057460","-","100.040764","-0.230137","0.040483","0.011609","1000","THB","Registered","-"
"RML25DB","7","17-Dec-2025","0.043836","Straight","Fixed","","","-","-","-","-","-","-","6.356765","525.441041","6.356765","-","100.027539","0.863014","0.043150","0.012481","1000","THB","Registered","-"
"RML25DC","7","17-Dec-2025","0.043836","Straight","Fixed","","","-","-","-","-","-","-","6.278338","517.220797","6.278338","-","100.031320","0.728767","0.043158","0.012485","1000","THB","Registered","-"
"RML261A","7.25","31-Jan-2026","0.167123","Straight","Fixed","","","-","-","-","-","-","-","5.956883","484.023153","5.956883","-","100.197996","1.112329","0.163471","0.067070","1000","THB","Registered","-"
"RML261B","7","28-Jan-2026","0.158904","Straight","Fixed","","","-","-","-","-","-","-","6.172346","506.545630","6.172346","-","100.128683","0.441096","0.156489","0.063017","1000","THB","Registered","-"
"RML265A","7.1","06-May-2026","0.427397","Straight","Fixed","","","-","-","-","-","-","-","6.411370","536.852789","6.411370","-","100.294409","-0.116712","0.421207","0.281504","1000","THB","Registered","-"
"RML265B","7.1","06-May-2026","0.427397","Straight","Fixed","","","-","-","-","-","-","-","6.451886","541.125183","6.451886","-","100.278878","-0.252877","0.421493","0.281707","1000","THB","Registered","-"
"RML266A","7.3","17-Jun-2026","0.542466","Straight","Fixed","","","-","-","-","-","-","-","6.531231","548.146545","6.531231","-","100.393473","0.900000","0.526896","0.410608","1000","THB","Registered","-"
"RML266B","7.3","17-Jun-2026","0.542466","Straight","Fixed","","","-","-","-","-","-","-","6.525178","547.501623","6.525178","-","100.397109","0.760000","0.527572","0.411129","1000","THB","Registered","-"
"RML267A","7.25","08-Jul-2026","0.600000","Straight","Fixed","","","-","-","-","-","-","-","6.287252","524.860409","6.287252","-","100.555707","0.158904","0.588050","0.493164","1000","THB","Registered","-"
"RML267B","7.25","28-Jul-2026","0.654795","Straight","Fixed","","","-","-","-","-","-","-","6.374965","528.654764","6.374965","-","100.563542","-0.238356","0.637231","0.565450","1000","THB","Registered","-"
"RML267C","7.3","28-Jul-2026","0.654795","Straight","Fixed","","","-","-","-","-","-","-","6.650228","557.617333","6.650228","-","100.418437","-0.120000","0.636163","0.564017","1000","THB","Registered","-"
"RML267D","7.3","28-Jul-2026","0.654795","Straight","Fixed","","","-","-","-","-","-","-","6.693815","562.205090","6.693815","-","100.392073","-0.260000","0.636761","0.564584","1000","THB","Registered","-"
"RML26OA","7.25","08-Oct-2026","0.852055","Straight","Fixed","","","-","-","-","-","-","-","6.439225","536.880553","6.439225","-","100.655614","0.456849","0.820996","0.886600","1000","THB","Registered","-"
"RML26DA","7.15","29-Dec-2026","1.076712","Straight","Fixed","","","-","-","-","-","-","-","7.128787","607.445576","7.128787","-","100.008497","0.333014","1.026018","1.325497","1000","THB","Registered","-"
"RML271A","7.3","18-Jan-2027","1.131507","Straight","Fixed","","","-","-","-","-","-","-","7.190225","612.487971","7.190225","-","100.099223","0.880000","1.068325","1.433835","1000","THB","Registered","-"
"RML272A","7.3","05-Feb-2027","1.180822","Straight","Fixed","","","-","-","-","-","-","-","7.271778","621.110400","7.271778","-","100.013374","0.520000","1.116521","1.550923","1000","THB","Registered","-"
"RML272B","7.3","05-Feb-2027","1.180822","Straight","Fixed","","","-","-","-","-","-","-","7.458536","640.742364","7.458536","-","99.826521","-0.080000","1.121454","1.557130","1000","THB","Registered","-"
"RML272C","7.3","11-Feb-2027","1.197260","Straight","Fixed","","","-","-","-","-","-","-","7.452005","640.047574","7.452005","-","99.832827","-0.200000","1.137611","1.597600","1000","THB","Registered","-"
"RML275A","7.3","05-May-2027","1.424658","Amortization","Fixed","","","-","-","-","-","-","-","7.244657","621.350190","7.244657","-","100.021087","0.520000","0.957922","1.361220","900","THB","Registered","-"
"RML275B","7.35","05-May-2027","1.424658","Straight","Fixed","","","-","-","-","-","-","-","7.298636","623.883620","7.298636","-","100.052999","0.342329","1.336916","2.166690","1000","THB","Registered","-"
"ROJNA277A","4.15","04-Jul-2027","1.589041","Straight","Fixed","","","-","-","-","-","-","-","2.604717","137.367285","2.604717","-","102.394516","0.659452","1.531019","2.777577","1000","THB","Registered","-"
"RT262A","5.25","11-Feb-2026","0.197260","Straight","Fixed","","","-","-","-","-","-","-","5.047886","389.384677","5.047886","-","100.027269","0.287671","0.194802","0.086041","1000","THB","Registered","-"
"RT26NA","7.25","07-Nov-2026","0.934247","Straight","Fixed","","","-","-","-","-","-","-","6.444035","535.545563","6.444035","-","100.709005","0.476712","0.895602","1.036684","1000","THB","Registered","-"
"RT278A","5.75","11-Aug-2027","1.693151","Straight","Fixed","","","-","-","-","-","-","-","5.411205","427.242574","5.411205","-","100.532470","0.315068","1.603153","3.037330","1000","THB","Registered","-"
"RT27NA","7.5","07-Nov-2027","1.934247","Straight","Fixed","","","-","-","-","-","-","-","6.686412","560.032476","6.686412","-","101.447829","0.493151","1.783416","3.754737","1000","THB","Registered","-"
"S268A","5","11-Aug-2026","0.693151","Straight","Fixed","BBB-","","-","-","-","-","-","-","4.259287","309.617218","4.259287","-","100.494850","0.273973","0.680817","0.635596","1000","THB","Registered","-"
"S271A","4.5","10-Jan-2027","1.109589","Straight","Fixed","BBB-","","-","-","-","-","-","-","4.380621","319.082396","4.380621","-","100.117852","0.641096","1.070386","1.429924","1000","THB","Registered","-"
"S272A","5","13-Feb-2027","1.202740","Straight","Fixed","BBB-","","-","-","-","-","-","-","4.524424","333.942121","4.524424","-","100.542318","0.246575","1.159245","1.651880","1000","THB","Registered","-"
"S281A","5","10-Jan-2028","2.109589","Straight","Fixed","BBB-","","-","-","-","-","-","-","4.880736","370.571804","4.880736","-","100.225564","0.712329","1.977657","4.538529","1000","THB","Registered","-"
"SAK268A","5.3","09-Aug-2026","0.687671","Straight","Fixed","","","-","-","-","-","-","-","4.249072","306.230555","4.249072","-","100.680663","1.655342","0.664813","0.773467","1000","THB","Registered","-"
"SAMAMC25DA","2.86","21-Dec-2025","0.054795","Straight","Fixed","AA+","","16-Apr-25","2.870000","-","-","-","-","2.384897","114.409256","2.384897","-","100.021117","1.277205","0.054149","0.029687","1000","THB","Registered","-"
"SAMAMC27DA","3.17","21-Dec-2027","2.054795","Straight","Fixed","AA+","","04-Jun-24","3.595000","-","-","-","-","2.574829","132.638682","2.574829","-","101.178428","1.415644","1.953481","4.886594","1000","THB","Registered","-"
"SAMAMC29DA","3.43","21-Dec-2029","4.057534","Straight","Fixed","AA+","","26-Mar-25","3.205000","-","-","-","-","2.728270","140.356240","2.728270","-","102.670573","1.531753","3.717377","16.370480","1000","THB","Registered","-"
"SAMART26NA","5.2","08-Nov-2026","0.936986","Straight","Fixed","","","-","-","-","-","-","-","4.031614","284.058676","4.031614","-","101.059479","0.327671","0.910899","1.065704","1000","THB","Registered","-"
"SAMART278A","5.4","08-Aug-2027","1.684932","Straight","Fixed","","","-","-","-","-","-","-","4.275726","309.218580","4.275726","-","101.810201","0.340274","1.604266","3.038126","1000","THB","Registered","-"
"SASST25DA","7.25","27-Dec-2025","0.071233","Straight","Fixed","","","-","-","-","-","-","-","6.772901","569.077166","6.772901","-","100.015689","0.079452","0.029635","0.008164","1000","THB","Registered","-"
"SASST261A","7.25","27-Jan-2026","0.156164","Straight","Fixed","","","-","-","-","-","-","-","7.398213","634.990618","7.398213","-","99.995798","0.695205","0.029590","0.008139","1000","THB","Registered","-"
"SASST261B","7","24-Jan-2026","0.147945","Straight","Fixed","","","-","-","-","-","-","-","6.446779","535.277418","6.446779","-","100.063050","0.728767","0.145599","0.057021","1000","THB","Registered","-"
"SASST262A","7.25","28-Feb-2026","0.243836","Straight","Fixed","","","-","-","-","-","-","-","6.616197","562.845315","6.616197","-","100.176532","0.019863","0.239868","0.116528","1000","THB","Registered","-"
"SASST264A","7","25-Apr-2026","0.397260","Straight","Fixed","","","-","-","-","-","-","-","6.372972","533.177099","6.372972","-","100.228436","0.709589","0.390175","0.249273","1000","THB","Registered","-"
"SASST267A","7","25-Jul-2026","0.646575","Straight","Fixed","","","-","-","-","-","-","-","6.418239","536.031541","6.418239","-","100.350148","0.709589","0.627816","0.553644","1000","THB","Registered","-"
"SASST268A","7.05","21-Aug-2026","0.720548","Straight","Fixed","","","-","-","-","-","-","-","6.772657","572.929257","6.772657","-","100.178693","0.193151","0.699906","0.666981","1000","THB","Registered","-"
"SASST26NA","7.05","15-Nov-2026","0.956164","Straight","Fixed","","","-","-","-","-","-","-","7.215922","616.894032","7.215922","-","99.831030","0.309041","0.915990","1.077870","1000","THB","Registered","-"
"SASST26NB","7","05-Nov-2026","0.928767","Straight","Fixed","","","-","-","-","-","-","-","6.997178","593.851495","6.997178","-","99.985105","0.498630","0.889754","1.024077","1000","THB","Registered","-"
"SASST271A","7.05","15-Jan-2027","1.123288","Straight","Fixed","","","-","-","-","-","-","-","7.107830","605.154613","7.107830","-","99.924522","0.309041","1.069366","1.429536","1000","THB","Registered","-"
"SASST272A","7","27-Feb-2027","1.241096","Straight","Fixed","","","-","-","-","-","-","-","6.755950","566.729927","6.755950","-","100.273327","0.076712","1.178991","1.708921","1000","THB","Registered","-"
"SASST275A","6.8","05-May-2027","1.424658","Straight","Fixed","","","-","-","-","-","-","-","6.757827","569.848540","6.757827","-","100.040239","0.484384","1.346786","2.196011","1000","THB","Registered","-"
"SASST277A","7.5","25-Jul-2027","1.646575","Straight","Fixed","","","-","-","-","-","-","-","6.969365","590.867773","6.969365","-","100.801393","0.760274","1.530785","2.809474","1000","THB","Registered","-"
"SASST278A","6.9","21-Aug-2027","1.720548","Straight","Fixed","","","-","-","-","-","-","-","6.656922","557.855593","6.656922","-","100.377507","0.189041","1.611494","3.077240","1000","THB","Registered","-"
"SASST27NA","7.5","27-Nov-2027","1.989041","Straight","Fixed","","","-","-","-","-","-","-","7.225200","616.794836","7.225200","-","100.489400","0.082192","1.834147","3.950625","1000","THB","Registered","-"
"SASST27NB","6.9","15-Nov-2027","1.956164","Straight","Fixed","","","-","-","-","-","-","-","7.073903","600.840394","7.073903","-","99.668308","0.302466","1.811202","3.852847","1000","THB","Registered","-"
"SASST282A","7.3","21-Feb-2028","2.224658","Straight","Fixed","","","-","-","-","-","-","-","7.071496","599.545307","7.071496","-","100.450124","0.200000","2.034397","4.829118","1000","THB","Registered","-"
"SASST285A","7.3","15-May-2028","2.454795","Straight","Fixed","","","-","-","-","-","-","-","7.470251","642.264826","7.470251","-","99.603534","0.320000","2.223939","5.754142","1000","THB","Registered","-"
"SASST285B","7.25","15-May-2028","2.454795","Straight","Fixed","","","-","-","-","-","-","-","7.367196","631.357192","7.367196","-","99.721482","0.317808","2.225854","5.761724","1000","THB","Registered","-"
"SASST28OA","7.5","05-Oct-2028","2.846575","Straight","Fixed","","","-","-","-","-","-","-","7.420367","635.592591","7.420367","-","100.186991","0.534247","2.530863","7.448078","1000","THB","Registered","-"
"SAWAD25DA","3.65","23-Dec-2025","0.060274","Straight","Fixed","","","-","-","-","-","-","-","2.584725","135.509776","2.584725","-","100.065914","0.690000","0.059887","0.018462","1000","THB","Registered","-"
"SAWAD25DB","4.4","23-Dec-2025","0.060274","Straight","Fixed","","A-(tha)","-","-","-","-","-","-","2.588043","135.848033","2.588043","-","100.108714","0.458082","0.059887","0.018462","1000","THB","Registered","-"
"SAWAD261A","4.1","18-Jan-2026","0.131507","Straight","Fixed","","A-(tha)","28-Oct-25","2.630000","-","-","-","-","2.607344","138.089662","2.607344","-","100.186068","0.494247","0.130655","0.049523","1000","THB","Registered","-"
"SAWAD265A","4.3","11-May-2026","0.441096","Straight","Fixed","","A-(tha)","27-Sep-24","4.650000","-","-","-","-","2.596091","140.502404","2.596091","-","100.745836","0.235616","0.441745","0.305510","1000","THB","Registered","-"
"SAWAD266A","4.15","16-Jun-2026","0.539726","Straight","Fixed","","A-(tha)","04-Jan-23","4.154100","-","-","-","-","2.725788","150.621959","2.725788","-","100.764762","0.864110","0.529854","0.415395","1000","THB","Registered","-"
"SAWAD269A","4","01-Sep-2026","0.750685","Straight","Fixed","","","-","-","-","-","-","-","2.736179","150.302888","2.736179","-","100.944471","0.000000","0.734190","0.724311","1000","THB","Registered","-"
"SAWAD269B","4.75","15-Sep-2026","0.789041","Straight","Fixed","","A-(tha)","-","-","-","-","-","-","2.746275","151.274393","2.746275","-","101.558107","-0.182192","0.774343","0.795376","1000","THB","Registered","-"
"SAWAD26NA","4.75","24-Nov-2026","0.980822","Straight","Fixed","","A-(tha)","-","-","-","-","-","-","2.783101","155.614463","2.783101","-","101.890647","0.494521","0.955101","1.162056","1000","THB","Registered","-"
"SAWAD26NB","4.3","24-Nov-2026","0.980822","Straight","Fixed","","A-(tha)","-","-","-","-","-","-","2.779969","155.085647","2.779969","-","101.470755","0.023562","0.960175","1.168787","1000","THB","Registered","-"
"SAWAD271A","4.3","18-Jan-2027","1.131507","Straight","Fixed","","A-(tha)","-","-","-","-","-","-","2.792772","155.962383","2.792772","-","101.663264","0.518356","1.097818","1.496381","1000","THB","Registered","-"
"SAWAD275A","4.5","11-May-2027","1.441096","Straight","Fixed","","A-(tha)","-","-","-","-","-","-","2.760070","153.744765","2.760070","-","102.450301","0.246575","1.397134","2.333968","1000","THB","Registered","-"
"SAWAD275B","4.9","11-May-2027","1.441096","Straight","Fixed","","A-(tha)","-","-","-","-","-","-","2.763002","152.867970","2.763002","-","102.997030","0.510137","1.385221","2.304201","1000","THB","Registered","-"
"SAWAD275C","3.59","21-May-2027","1.468493","Straight","Fixed","","A-(tha)","07-Oct-25","3.190000","-","-","-","-","2.761394","153.329282","2.761394","-","101.193749","0.698329","1.420759","2.411461","1000","THB","Registered","-"
"SAWAD279A","4.85","15-Sep-2027","1.789041","Straight","Fixed","","A-(tha)","-","-","-","-","-","-","2.785409","154.993258","2.785409","-","103.590339","-0.186027","1.716036","3.431956","1000","THB","Registered","-"
"SAWAD279B","4.85","15-Sep-2027","1.789041","Straight","Fixed","","A-(tha)","14-Jul-25","3.530000","-","-","-","-","2.785033","155.711666","2.785033","-","103.589754","0.411918","1.710984","3.428179","1000","THB","Registered","-"
"SAWAD27NA","4.8","29-Nov-2027","1.994521","Straight","Fixed","","A-(tha)","-","-","-","-","-","-","2.794505","155.861927","2.794505","-","103.879307","0.026301","1.901361","4.179059","1000","THB","Registered","-"
"SAWAD27NB","3.6","29-Nov-2027","1.994521","Straight","Fixed","","A-(tha)","-","-","-","-","-","-","2.791216","155.910101","2.791216","-","101.557876","0.364932","1.915915","4.229174","1000","THB","Registered","-"
"SAWAD285A","4.65","11-May-2028","2.443836","Straight","Fixed","","A-(tha)","14-Jul-25","3.450000","-","-","-","-","2.811833","157.454493","2.811833","-","104.322261","0.254795","2.308948","6.081386","1000","THB","Registered","-"
"SAWAD285B","3.85","21-May-2028","2.471233","Straight","Fixed","","A-(tha)","-","-","-","-","-","-","2.817820","157.682050","2.817820","-","102.459045","0.748904","2.337546","6.228488","1000","THB","Registered","-"
"SAWAD289A","5","15-Sep-2028","2.791781","Straight","Fixed","","A-(tha)","09-Jul-25","3.550000","-","-","-","-","2.861887","161.174445","2.861887","-","105.711335","-0.191781","2.611515","7.718108","1000","THB","Registered","-"
"SAWAD289B","3.8","15-Sep-2028","2.791781","Straight","Fixed","","A-(tha)","-","-","-","-","-","-","2.863015","161.757318","2.863015","-","102.498772","0.385205","2.636611","7.839030","1000","THB","Registered","-"
"SAWAD28NA","5.2","24-Nov-2028","2.983562","Straight","Fixed","","A-(tha)","-","-","-","-","-","-","2.927490","167.732861","2.927490","-","106.457601","0.541370","2.756008","8.641650","1000","THB","Registered","-"
"SAWAD28NB","5","24-Nov-2028","2.983562","Straight","Fixed","","A-(tha)","-","-","-","-","-","-","2.926339","167.811623","2.926339","-","105.893727","0.424658","2.767814","8.693678","1000","THB","Registered","-"
"SAWAD28NC","4.95","24-Nov-2028","2.983562","Straight","Fixed","","A-(tha)","-","-","-","-","-","-","2.927060","167.597904","2.927060","-","105.760322","0.027123","2.776228","8.714012","1000","THB","Registered","-"
"SAWAD28ND","3","12-Nov-2028","2.950685","Straight","Fixed","","A-(tha)","-","-","-","-","-","-","2.853342","160.188358","2.853342","-","100.406931","0.156164","2.810436","8.809444","1000","THB","Registered","-"
"SAWAD293A","4","21-Mar-2029","3.304110","Straight","Fixed","","A-(tha)","-","-","-","-","-","-","3.012351","175.518267","3.012351","-","103.097794","0.778082","3.069432","10.612997","1000","THB","Registered","-"
"SAWAD29NA","5.25","23-Nov-2029","3.980822","Straight","Fixed","","A-(tha)","-","-","-","-","-","-","3.161709","186.319087","3.161709","-","107.771496","0.445890","3.593610","14.619549","1000","THB","Registered","-"
"SAWAD29NB","3.2","12-Nov-2029","3.950685","Straight","Fixed","","A-(tha)","21-Nov-25","3.197000","-","-","-","-","3.158236","185.705872","3.158236","-","100.147443","0.166575","3.691579","15.080541","1000","THB","Registered","-"
"SAWAD303A","4.2","21-Mar-2030","4.304110","Straight","Fixed","","A-(tha)","-","-","-","-","-","-","3.263544","195.765392","3.263544","-","103.748815","0.816986","3.905582","17.155735","1000","THB","Registered","-"
"SAWAD307A","4.1","25-Jul-2030","4.649315","Straight","Fixed","","A-(tha)","-","-","-","-","-","-","3.417066","209.814979","3.417066","-","102.915617","0.415616","4.212389","19.864525","1000","THB","Registered","-"
"SAWAD31NA","3.6","12-Nov-2031","5.950685","Straight","Fixed","","A-(tha)","-","-","-","-","-","-","3.463693","206.055353","3.463693","-","100.722052","0.187397","5.329478","31.647846","1000","THB","Registered","-"
"SAWAD327A","4.3","25-Jul-2032","6.652055","Straight","Fixed","","A-(tha)","-","-","-","-","-","-","3.885004","238.483839","3.885004","-","102.411897","0.435890","5.752009","37.540525","1000","THB","Registered","-"
"SC261A","3.68","26-Jan-2026","0.153425","Straight","Fixed","BBB+","","26-Sep-25","2.570000","-","-","-","-","2.414126","117.731356","2.414126","-","100.175225","1.290521","0.151595","0.097874","1000","THB","Registered","-"
"SC261B","4.06","19-Jan-2026","0.134247","Straight","Fixed","BBB+","","01-Oct-24","3.680000","-","-","-","-","2.409843","117.239885","2.409843","-","100.200775","1.501644","0.132648","0.083130","1000","THB","Registered","-"
"SC267A","4.31","18-Jul-2026","0.627397","Straight","Fixed","BBB+","","15-Aug-25","2.855000","-","-","-","-","2.741728","152.214502","2.741728","-","100.954679","1.605918","0.612640","0.682492","1000","THB","Registered","-"
"SC267B","0","24-Jul-2026","0.643836","Straight","Fixed","BBB+","","16-Apr-25","3.280000","-","-","-","-","2.769439","154.967626","2.769439","-","98.233652","0.000000","0.639096","0.723626","1000","THB","Registered","-"
"SC26OA","4.54","20-Oct-2026","0.884932","Straight","Fixed","BBB+","","27-Aug-25","2.920000","-","-","-","-","2.929252","168.480945","2.929252","-","101.398152","0.522411","0.859954","1.168522","1000","THB","Registered","-"
"SC271A","4","26-Jan-2027","1.153425","Straight","Fixed","BBB+","","10-Jun-25","3.580000","-","-","-","-","3.227148","199.056366","3.227148","-","100.848337","1.402740","1.106529","1.791556","1000","THB","Registered","-"
"SC271B","4.43","19-Jan-2027","1.134247","Straight","Fixed","BBB+","","20-Nov-25","3.160000","-","-","-","-","3.139434","190.153043","3.139434","-","101.405493","1.638493","1.085267","1.736920","1000","THB","Registered","-"
"SC277A","4.5","18-Jul-2027","1.627397","Straight","Fixed","BBB+","","05-Sep-24","4.300000","-","-","-","-","3.327515","210.020950","3.327515","-","101.824913","1.676712","1.541629","3.203615","1000","THB","Registered","-"
"SC277B","4.53","25-Jul-2027","1.646575","Straight","Fixed","BBB+","","10-Nov-25","3.600000","-","-","-","-","3.500357","227.632358","3.500357","-","101.614808","1.601014","1.558664","3.264567","1000","THB","Registered","-"
"SC281A","4.2","24-Jan-2028","2.147945","Straight","Fixed","BBB+","","22-Jul-25","3.820000","-","-","-","-","3.679825","244.774995","3.679825","-","101.043653","1.495890","2.010921","5.166991","1000","THB","Registered","-"
"SC287A","0","05-Jul-2028","2.594521","Straight","Fixed","BBB+","","-","-","-","-","-","-","3.777760","254.102786","3.777760","-","90.741822","0.000000","2.547766","7.741379","1000","THB","Registered","-"
"SC287B","4","23-Jul-2028","2.643836","Straight","Fixed","BBB+","","14-Nov-25","3.900000","-","-","-","-","3.773433","253.627971","3.773433","-","100.545026","1.435616","2.456137","7.472364","1000","THB","Registered","-"
"SC297A","4.25","23-Jul-2029","3.643836","Straight","Fixed","BBB+","","05-Nov-25","4.360000","-","-","-","-","4.272155","300.562693","4.272155","-","99.903843","1.525342","3.295184","13.074972","1000","THB","Registered","-"
"SCAP262A","4.5","23-Feb-2026","0.230137","Straight","Fixed","","A-(tha)","-","-","-","-","-","-","3.285244","207.589411","3.285244","-","100.267790","0.098630","0.228262","0.108704","1000","THB","Registered","-"
"SCAP266A","4.5","13-Jun-2026","0.531507","Straight","Fixed","","A-(tha)","-","-","-","-","-","-","3.351899","214.870300","3.351899","-","100.604558","-0.147945","0.525698","0.407365","1000","THB","Registered","-"
"SCAP268A","4.7","08-Aug-2026","0.684932","Straight","Fixed","","A-(tha)","-","-","-","-","-","-","3.442968","225.129143","3.442968","-","100.841749","0.296164","0.674602","0.625766","1000","THB","Registered","-"
"SCAP26NA","4.9","16-Nov-2026","0.958904","Straight","Fixed","","A-(tha)","-","-","-","-","-","-","3.575344","236.965519","3.575344","-","101.235070","0.201370","0.934731","1.115284","1000","THB","Registered","-"
"SCAP272A","4.9","23-Feb-2027","1.230137","Straight","Fixed","","A-(tha)","-","-","-","-","-","-","3.691215","248.008269","3.691215","-","101.436721","0.107397","1.189527","1.730661","1000","THB","Registered","-"
"SCAP272B","4.5","23-Feb-2027","1.230137","Straight","Fixed","","A-(tha)","-","-","-","-","-","-","3.702591","249.796580","3.702591","-","100.944653","0.320548","1.191588","1.737249","1000","THB","Registered","-"
"SCAP276A","4.9","13-Jun-2027","1.531507","Straight","Fixed","","A-(tha)","-","-","-","-","-","-","3.743767","253.681245","3.743767","-","101.715530","-0.161096","1.474862","2.578532","1000","THB","Registered","-"
"SCAP282A","5.05","23-Feb-2028","2.230137","Straight","Fixed","","A-(tha)","23-May-25","4.400000","-","-","-","-","4.160991","295.946564","4.160991","-","101.873214","0.110685","2.100538","5.071190","1000","THB","Registered","-"
"SCAP282B","4.9","23-Feb-2028","2.230137","Straight","Fixed","","A-(tha)","-","-","-","-","-","-","4.166760","296.918070","4.166760","-","101.542431","0.349041","2.100727","5.078369","1000","THB","Registered","-"
"SCAP286A","5.05","13-Jun-2028","2.534247","Straight","Fixed","","A-(tha)","-","-","-","-","-","-","4.178807","296.996128","4.178807","-","102.084533","-0.166027","2.374076","6.415488","1000","THB","Registered","-"
"SCAP292A","5.05","05-Feb-2029","3.183562","Straight","Fixed","","A-(tha)","-","-","-","-","-","-","4.236733","301.384460","4.236733","-","102.396525","0.359726","2.921020","9.675535","1000","THB","Registered","-"
"SCB265A","2.95","10-May-2026","0.438356","Straight","Fixed","","AA+(tha)","26-Nov-25","1.420000","-","-","-","-","1.419606","17.175193","1.419606","-","100.677980","0.169726","0.435267","0.405556","1000","THB","Registered","-"
"SCB266A","2.91","16-Jun-2026","0.539726","Straight","Fixed","","AA+(tha)","26-Nov-25","1.510000","-","-","-","-","1.460622","21.492934","1.460622","-","100.773948","1.339397","0.530104","0.547600","1000","THB","Registered","-"
"SCB275A","0","10-May-2027","1.438356","Straight","Fixed","","AA+(tha)","26-Nov-25","1.546500","-","-","-","-","1.540616","28.313779","1.540616","-","97.816723","0.000000","1.427361","2.745585","1000","THB","Registered","-"
"SCB276A","3.1","30-Jun-2027","1.578082","Straight","Fixed","","AA+(tha)","26-Nov-25","1.560000","-","-","-","-","1.552023","29.589113","1.552023","-","102.400974","1.307945","1.523080","3.124769","1000","THB","Registered","-"
"SCB285A","0","30-May-2028","2.495890","Straight","Fixed","","AA+(tha)","03-Nov-25","1.630000","-","-","-","-","1.565127","29.951407","1.565127","-","96.187663","0.000000","2.473792","7.346937","1000","THB","Registered","-"
"SCB286A","3.1","21-Jun-2028","2.556164","Straight","Fixed","","AA+(tha)","10-Nov-25","1.830000","-","-","-","-","1.690658","42.355315","1.690658","-","103.504548","1.384384","2.424797","7.268189","1000","THB","Registered","-"
"SCB295A","3.27","10-May-2029","3.441096","Straight","Fixed","","AA+(tha)","17-Dec-24","2.680000","-","-","-","-","1.762270","47.039889","1.762270","-","105.021467","0.188137","3.250131","12.490478","1000","THB","Registered","-"
"SCB295B","2.6","30-May-2029","3.495890","Straight","Fixed","","AA+(tha)","07-Oct-25","1.800000","-","-","-","-","1.770022","47.644906","1.770022","-","102.810045","0.007123","3.333941","13.028341","1000","THB","Registered","-"
"SCB305A","2.28","30-May-2030","4.495890","Straight","Fixed","","AA+(tha)","28-Nov-25","1.820000","-","-","-","-","1.820000","47.143528","1.820000","-","101.985283","0.006247","4.259129","20.759768","1000","THB","Registered","-"
"SCB306A","3.48","16-Jun-2030","4.542466","Straight","Fixed","","AA+(tha)","06-Aug-24","2.990000","-","-","-","-","1.949799","60.018007","1.949799","-","106.613828","1.601753","4.148316","20.243343","1000","THB","Registered","-"
"SCB315A","3.52","10-May-2031","5.441096","Straight","Fixed","","AA+(tha)","11-Nov-25","2.220000","-","-","-","-","2.059454","64.583178","2.059454","-","107.491481","0.202521","4.955273","28.318672","1000","THB","Registered","-"
"SCB325A","2.52","30-May-2032","6.498630","Straight","Fixed","","AA+(tha)","29-Aug-25","1.918000","-","-","-","-","2.216166","67.797467","2.216166","-","101.838328","0.006904","5.968399","40.257736","1000","THB","Registered","-"
"SCB336A","3.71","16-Jun-2033","7.545205","Straight","Fixed","","AA+(tha)","27-Feb-24","3.480000","-","-","-","-","2.359105","75.708805","2.359105","-","109.276664","1.707616","6.514869","49.644985","1000","THB","Registered","-"
"SCB345A","3.77","10-May-2034","8.443836","Straight","Fixed","","AA+(tha)","17-Nov-25","2.475000","-","-","-","-","2.388447","74.454933","2.388447","-","110.516123","0.216904","7.270840","61.214185","1000","THB","Registered","-"
"SCC26OA","3.25","01-Oct-2026","0.832877","Straight","Fixed","A","","24-Nov-25","1.470000","-","-","-","-","1.367025","11.694860","1.367025","-","101.553578","0.543151","0.820232","0.883897","1000","THB","Registered","-"
"SCC274A","3.1","01-Apr-2027","1.331507","Straight","Fixed","A","","03-Jul-25","1.950000","-","-","-","-","1.483329","23.225847","1.483329","-","102.126313","0.518082","1.301964","2.044257","1000","THB","Registered","-"
"SCC27OA","3.35","01-Oct-2027","1.832877","Straight","Fixed","A","","14-Jul-25","1.900000","-","-","-","-","1.584290","33.341495","1.584290","-","103.183730","0.275342","1.778501","3.664173","1000","THB","Registered","-"
"SCC27NA","0","25-Nov-2027","1.983562","Straight","Fixed","A","","18-Nov-25","1.750000","-","-","-","-","1.684804","42.380632","1.684804","-","96.733520","0.000000","1.962916","4.826300","1000","THB","Registered","-"
"SCC284A","3.4","01-Apr-2028","2.334247","Straight","Fixed","A","","10-Oct-25","1.525000","-","-","-","-","1.686674","42.854338","1.686674","-","103.907274","0.568219","2.235125","5.686482","1000","THB","Registered","-"
"SCC28OA","3.3","01-Oct-2028","2.835616","Straight","Fixed","A","","25-Nov-25","1.700000","-","-","-","-","1.710879","44.388790","1.710879","-","104.384701","0.271233","2.704565","8.196984","1000","THB","Registered","-"
"SCC294A","3.2","01-Apr-2029","3.334247","Straight","Fixed","A","","26-Nov-25","1.800000","-","-","-","-","1.800002","51.925872","1.800002","-","104.514683","0.534795","3.150827","11.064070","1000","THB","Registered","-"
"SCC29OA","2.7","01-Oct-2029","3.835616","Straight","Fixed","A","","27-Nov-25","1.820000","-","-","-","-","1.889864","57.099758","1.889864","-","102.984194","0.451233","3.626561","14.510421","1000","THB","Registered","-"
"SCC29NA","3.06","25-Nov-2029","3.986301","Straight","Fixed","A","","13-Nov-25","2.040000","-","-","-","-","1.914767","58.063130","1.914767","-","104.380295","0.050301","3.744169","16.326071","1000","THB","Registered","-"
"SCCC264A","2.7","29-Apr-2026","0.408219","Straight","Fixed","","A(tha)","27-Nov-25","1.750000","-","-","-","-","1.750051","50.544172","1.750051","-","100.387548","0.244110","0.404678","0.364348","1000","THB","Registered","-"
"SCCC275A","4.08","09-May-2027","1.435616","Straight","Fixed","","A(tha)","21-Nov-25","1.960000","-","-","-","-","1.917694","66.345118","1.917694","-","103.063189","0.245918","1.392978","2.653392","1000","THB","Registered","-"
"SCCC295A","4.26","09-May-2029","3.438356","Straight","Fixed","","A(tha)","02-Oct-25","1.900000","-","-","-","-","2.017048","72.788083","2.017048","-","107.425271","0.256767","3.200840","12.221855","1000","THB","Registered","-"
"SCG299A","3.98","22-Sep-2029","3.810959","Straight","Fixed","A-","","-","-","-","-","-","-","2.630548","131.404916","2.630548","-","104.867940","0.763288","3.503059","14.562714","1000","THB","Registered","-"
"SCG329A","4.26","22-Sep-2032","6.813699","Straight","Fixed","A-","","-","-","-","-","-","-","2.922569","136.934032","2.922569","-","108.212158","0.816986","5.885824","40.566581","1000","THB","Registered","-"
"SCGC264A","2.75","01-Apr-2026","0.331507","Straight","Fixed","A","","26-Nov-25","1.740000","-","-","-","-","1.738596","51.707119","1.738596","-","100.331052","0.459589","0.331787","0.193089","1000","THB","Registered","-"
"SCGC279A","3.25","08-Sep-2027","1.769863","Straight","Fixed","A","","21-Nov-25","1.970000","-","-","-","-","1.999648","74.115770","1.999648","-","102.170050","0.747945","1.701929","3.790616","1000","THB","Registered","-"
"SCGC289A","3.39","08-Sep-2028","2.772603","Straight","Fixed","A","","19-Jun-25","2.760000","-","-","-","-","2.406340","113.726812","2.406340","-","102.628219","0.780164","2.614065","8.327026","1000","THB","Registered","-"
"SCGC329A","4","08-Sep-2032","6.775342","Straight","Fixed","A","","28-Oct-25","3.000000","-","-","-","-","2.961391","141.006403","2.961391","-","106.338346","0.920548","5.884033","40.435879","1000","THB","Registered","-"
"SCGC349A","4.14","08-Sep-2034","8.775342","Straight","Fixed","A","","30-Oct-25","3.295000","-","-","-","-","3.176750","153.594572","3.176750","-","107.332584","0.952767","7.313538","63.078640","1000","THB","Registered","-"
"SCGP26DA","3.5","01-Dec-2026","1.000000","Straight","Fixed","","A(tha)","04-Jun-25","2.300000","-","-","-","-","1.746467","49.562543","1.746467","-","101.740630","0.000000","0.979491","1.210462","1000","THB","Registered","-"
"SCGP27DA","3.4","01-Dec-2027","2.000000","Straight","Fixed","","A(tha)","29-Aug-25","1.800000","-","-","-","-","1.911326","66.256815","1.911326","-","102.910263","0.568219","1.925208","4.272123","1000","THB","Registered","-"
"SCGP28DA","3.3","01-Dec-2028","3.002740","Straight","Fixed","","A(tha)","05-Aug-25","2.035000","-","-","-","-","2.109043","84.095984","2.109043","-","103.460829","0.000000","2.852904","9.077337","1000","THB","Registered","-"
"SCGP296A","3.15","01-Jun-2029","3.501370","Straight","Fixed","","A(tha)","01-Sep-25","2.700000","-","-","-","-","2.724235","143.946646","2.724235","-","101.415953","0.000000","3.296404","12.802300","1000","THB","Registered","-"
"SCN261A","7.25","28-Jan-2026","0.158904","Straight","Fixed","","","-","-","-","-","-","-","6.611493","552.599422","6.611493","-","100.102900","0.059589","0.156320","0.062881","1000","THB","Registered","-"
"SCN268A","7","28-Aug-2026","0.739726","Straight","Fixed","","","-","-","-","-","-","-","6.349908","528.129722","6.349908","-","100.453982","0.057534","0.719620","0.699963","1000","THB","Registered","-"
"SENA261A","5","31-Jan-2026","0.167123","Straight","Fixed","BB+","","-","-","-","-","-","-","5.165033","401.491718","5.165033","-","99.960663","0.424658","0.164993","0.067945","1000","THB","Registered","-"
"SENA262A","4.7","03-Feb-2026","0.175342","Straight","Fixed","BB+","","-","-","-","-","-","-","5.247551","410.089379","5.247551","-","99.893790","0.360548","0.173072","0.072662","1000","THB","Registered","-"
"SENA274A","5.7","02-Apr-2027","1.334247","Straight","Fixed","BB+","","-","-","-","-","-","-","5.743583","462.089977","5.743583","-","99.930241","0.936986","1.267738","1.963371","1000","THB","Registered","-"
"SENA279A","5.7","19-Sep-2027","1.800000","Straight","Fixed","BB+","","-","-","-","-","-","-","5.967904","483.712886","5.967904","-","99.548366","1.140000","1.678347","3.338770","1000","THB","Registered","-"
"SENA283A","5.8","18-Mar-2028","2.295890","Straight","Fixed","","","-","-","-","-","-","-","5.988342","485.768243","5.988342","-","99.601016","1.175890","2.109759","5.188648","1000","THB","Registered","-"
"SGC26DA","7.2","13-Dec-2026","1.032877","Straight","Fixed","","","-","-","-","-","-","-","6.505407","540.391725","6.505407","-","100.690612","-0.236712","0.990654","1.239239","1000","THB","Registered","-"
"SGC275A","7.2","22-May-2027","1.471233","Straight","Fixed","","","-","-","-","-","-","-","6.841643","578.596917","6.841643","-","100.483463","0.177534","1.389070","2.324536","1000","THB","Registered","-"
"SGC27OA","6.8","09-Oct-2027","1.854795","Straight","Fixed","","","-","-","-","-","-","-","6.873433","579.744886","6.873433","-","99.855491","0.987397","1.714121","3.485336","1000","THB","Registered","-"
"SGF263A","7","26-Mar-2026","0.315068","Straight","Fixed","","","-","-","-","-","-","-","5.918911","480.103226","5.918911","-","100.320467","0.690411","0.307739","0.170945","1000","THB","Registered","-"
"SGF264A","7","09-Apr-2026","0.353425","Straight","Fixed","","","-","-","-","-","-","-","6.081297","497.021035","6.081297","-","100.301630","0.978082","0.344056","0.204052","1000","THB","Registered","-"
"SGP262A","3.5","24-Feb-2026","0.232877","Straight","Fixed","BBB","","30-Apr-25","3.990000","-","-","-","-","3.802721","260.726112","3.802721","-","99.927378","0.345205","0.230684","0.110343","1000","THB","Registered","-"
"SGP269A","4.95","19-Sep-2026","0.800000","Straight","Fixed","BBB","","-","-","-","-","-","-","3.978547","277.519846","3.978547","-","100.762983","0.990000","0.773533","0.799881","1000","THB","Registered","-"
"SGP272A","4.3","24-Feb-2027","1.232877","Straight","Fixed","BBB","","-","-","-","-","-","-","4.143025","294.527481","4.143025","-","100.178537","0.082466","1.194229","1.740376","1000","THB","Registered","-"
"SGP282A","5.15","19-Feb-2028","2.219178","Straight","Fixed","BBB","","-","-","-","-","-","-","4.285685","308.796784","4.285685","-","101.824203","1.030000","2.069018","4.969308","1000","THB","Registered","-"
"SGP282B","4.75","19-Feb-2028","2.219178","Straight","Fixed","BBB","","-","-","-","-","-","-","4.285357","309.189436","4.285357","-","100.967610","0.312329","2.093530","5.039626","1000","THB","Registered","-"
"SHR26OA","5","19-Oct-2026","0.882192","Straight","Fixed","BBB-","","21-Jul-25","4.400000","-","-","-","-","4.203461","301.929638","4.203461","-","100.675968","0.589041","0.856956","0.956529","1000","THB","Registered","-"
"SHR272A","4.5","07-Feb-2027","1.186301","Straight","Fixed","BBB-","","-","-","-","-","-","-","4.306594","311.424431","4.306594","-","100.212121","0.295890","1.146491","1.617509","1000","THB","Registered","-"
"SHR282A","5","07-Feb-2028","2.186301","Straight","Fixed","BBB-","","-","-","-","-","-","-","4.795237","361.608062","4.795237","-","100.410921","0.328767","2.053997","4.865163","1000","THB","Registered","-"
"SIRI25PA","7","26-Jun-2125","99.632877","Straight","Fixed","BBB-","","15-Oct-25","-","-","-","-","-","-","-","-","-","103.162183","-","-","-","1000","THB","Registered","-"
"SIRI25DA","4","07-Dec-2025","0.016438","Straight","Fixed","BBB+","","27-Nov-24","3.730000","-","-","-","-","2.855637","162.965488","2.855637","-","100.021261","0.931507","0.016322","0.004318","1000","THB","Registered","-"
"SIRI25DB","0","19-Dec-2025","0.049315","Straight","Fixed","","","28-Oct-25","2.900000","-","-","-","-","2.881839","164.734159","2.881839","-","99.858996","0.000000","0.048615","0.026325","1000","THB","Registered","-"
"SIRI261A","4","30-Jan-2026","0.164384","Straight","Fixed","BBB+","","08-Sep-25","3.020000","-","-","-","-","2.959139","174.104873","2.959139","-","100.169242","0.339726","0.163176","0.067121","1000","THB","Registered","-"
"SIRI263A","3.75","11-Mar-2026","0.273973","Straight","Fixed","BBB+","","24-May-24","4.163028","-","-","-","-","2.993165","181.447258","2.993165","-","100.208724","-0.102740","0.275337","0.144133","1000","THB","Registered","-"
"SIRI266A","0","23-Jun-2026","0.558904","Straight","Fixed","","","27-Oct-25","3.075000","-","-","-","-","3.062699","183.866085","3.062699","-","98.311474","0.000000","0.551824","0.576260","1000","THB","Registered","-"
"SIRI267A","4","22-Jul-2026","0.638356","Straight","Fixed","BBB+","","-","-","-","-","-","-","3.185693","198.818408","3.185693","-","100.506625","0.438356","0.630071","0.556237","1000","THB","Registered","-"
"SIRI267B","4","22-Jul-2026","0.638356","Straight","Fixed","BBB+","","27-Oct-25","3.200000","-","-","-","-","3.188130","199.069698","3.188130","-","100.505075","0.438356","0.630067","0.556231","1000","THB","Registered","-"
"SIRI267C","4.2","30-Jul-2026","0.660274","Straight","Fixed","BBB+","","-","-","-","-","-","-","3.186498","198.785860","3.186498","-","100.654097","0.368219","0.651460","0.589094","1000","THB","Registered","-"
"SIRI269A","4.2","26-Sep-2026","0.819178","Straight","Fixed","BBB+","","11-Nov-24","3.900000","-","-","-","-","3.200748","197.656572","3.200748","-","100.806134","0.759452","0.796726","0.840993","1000","THB","Registered","-"
"SIRI26DA","4.5","02-Dec-2026","1.002740","Straight","Fixed","BBB+","","-","-","-","-","-","-","3.200183","197.658075","3.200183","-","101.277715","-0.012329","0.978468","1.209268","1000","THB","Registered","-"
"SIRI271A","3.9","21-Jan-2027","1.139726","Straight","Fixed","BBB+","","-","-","-","-","-","-","3.296713","207.514757","3.296713","-","100.663111","0.438082","1.106800","1.516498","1000","THB","Registered","-"
"SIRI273A","4.6","22-Mar-2027","1.304110","Straight","Fixed","BBB+","","-","-","-","-","-","-","3.318129","210.534948","3.318129","-","101.635939","0.882192","1.255591","1.923701","1000","THB","Registered","-"
"SIRI273B","4.6","22-Mar-2027","1.304110","Straight","Fixed","BBB+","","20-Nov-24","4.025000","-","-","-","-","3.318029","210.524627","3.318029","-","101.636068","0.882192","1.255591","1.923702","1000","THB","Registered","-"
"SIRI274A","0","02-Apr-2027","1.334247","Straight","Fixed","","","29-Apr-25","3.600000","-","-","-","-","3.434439","220.064374","3.434439","-","95.558182","0.000000","1.311721","2.365401","1000","THB","Registered","-"
"SIRI276A","4.5","07-Jun-2027","1.515068","Straight","Fixed","BBB+","","06-Jan-25","4.100000","-","-","-","-","3.421272","220.529547","3.421272","-","101.587845","-0.073973","1.463203","2.538861","1000","THB","Registered","-"
"SIRI277A","4.55","30-Jul-2027","1.660274","Straight","Fixed","BBB+","","26-Jul-24","4.500000","-","-","-","-","3.420203","220.945832","3.420203","-","101.809904","0.398904","1.593471","2.992192","1000","THB","Registered","-"
"SIRI279A","4.5","26-Sep-2027","1.819178","Straight","Fixed","BBB+","","-","-","-","-","-","-","3.430474","220.986552","3.430474","-","101.879836","0.813699","1.728452","3.503324","1000","THB","Registered","-"
"SIRI281A","4.2","21-Jan-2028","2.139726","Straight","Fixed","BBB+","","29-Jan-25","4.195000","-","-","-","-","3.489335","226.949455","3.489335","-","101.449373","0.471781","2.031572","4.749401","1000","THB","Registered","-"
"SIRI28OA","3.6","07-Oct-2028","2.852055","Straight","Fixed","BBB+","","-","-","-","-","-","-","3.706934","247.891334","3.706934","-","99.703518","0.542466","2.683345","8.116591","1000","THB","Registered","-"
"SIRI291A","4.5","21-Jan-2029","3.142466","Straight","Fixed","BBB+","","15-Oct-25","3.739387","-","-","-","-","3.834038","260.000241","3.834038","-","101.950589","0.505479","2.906134","9.548326","1000","THB","Registered","-"
"SIRI29OA","3.8","07-Oct-2029","3.852055","Straight","Fixed","BBB+","","-","-","-","-","-","-","3.942090","266.814777","3.942090","-","99.485647","0.572603","3.545247","14.069810","1000","THB","Registered","-"
"SJWD269A","4.35","27-Sep-2026","0.821918","Straight","Fixed","","BBB+(tha)","03-Jul-25","3.060000","-","-","-","-","2.771783","153.823395","2.771783","-","101.279288","0.774658","0.799811","0.847177","1000","THB","Registered","-"
"SJWD279A","4.04","19-Sep-2027","1.800000","Straight","Fixed","","BBB+(tha)","01-Oct-25","3.100000","-","-","-","-","3.198993","197.266145","3.198993","-","101.466956","0.808000","1.717644","3.455736","1000","THB","Registered","-"
"SKE271A","7.25","21-Jan-2027","1.139726","Straight","Fixed","","","-","-","-","-","-","-","6.513076","542.437360","6.513076","-","100.791377","0.198630","1.086299","1.471131","1000","THB","Registered","-"
"SKE271B","7.25","27-Jan-2027","1.156164","Straight","Fixed","","","-","-","-","-","-","-","6.631500","554.874701","6.631500","-","100.671753","0.079452","1.102124","1.509584","1000","THB","Registered","-"
"SKY26DA","6.75","17-Dec-2026","1.043836","Straight","Fixed","","","-","-","-","-","-","-","6.060579","493.767889","6.060579","-","100.695070","1.386986","0.988255","1.248124","1000","THB","Registered","-"
"SKY27DA","7.25","17-Dec-2027","2.043836","Straight","Fixed","","","-","-","-","-","-","-","6.566809","546.596621","6.566809","-","101.299590","1.489726","1.860862","4.109348","1000","THB","Registered","-"
"SNC281A","3.1","27-Jan-2028","2.156164","Straight","Fixed","AAA","","07-Feb-23","3.099000","-","-","-","-","2.307107","105.415824","2.307107","-","101.643820","1.078630","2.058099","5.357061","1000","THB","Registered","-"
"SPALI262A","0","27-Feb-2026","0.241096","Straight","Fixed","","","17-Nov-25","1.530000","-","-","-","-","1.516698","27.243817","1.516698","-","99.636373","0.000000","0.239281","0.175996","1000","THB","Registered","-"
"SPALI263A","0","20-Mar-2026","0.298630","Straight","Fixed","","","11-Sep-25","1.720000","-","-","-","-","1.559058","31.479493","1.559058","-","99.537297","0.000000","0.296320","0.234820","1000","THB","Registered","-"
"SPALI264A","0","30-Apr-2026","0.410959","Straight","Fixed","","","06-Nov-25","1.570000","-","-","-","-","1.560372","31.413495","1.560372","-","99.363276","0.000000","0.407777","0.368593","1000","THB","Registered","-"
"SPALI268A","0","06-Aug-2026","0.679452","Straight","Fixed","","","27-Nov-25","1.570000","-","-","-","-","1.570765","32.887986","1.570765","-","98.936179","0.000000","0.678235","0.796477","1000","THB","Registered","-"
"SPALI273A","0","19-Mar-2027","1.295890","Straight","Fixed","","","06-Oct-25","1.626500","-","-","-","-","1.665662","40.937052","1.665662","-","97.873362","0.000000","1.285187","2.288992","1000","THB","Registered","-"
"SPALI278A","0","06-Aug-2027","1.679452","Straight","Fixed","","","21-Oct-25","1.720000","-","-","-","-","1.680369","42.786401","1.680369","-","97.222126","0.000000","1.669534","3.615157","1000","THB","Registered","-"
"SPALI279A","0","15-Sep-2027","1.789041","Straight","Fixed","","","21-Oct-25","1.730000","-","-","-","-","1.698145","43.748867","1.698145","-","97.026818","0.000000","1.769904","4.010061","1000","THB","Registered","-"
"SPALI27NA","0","04-Nov-2027","1.926027","Straight","Fixed","","","14-Nov-25","1.740000","-","-","-","-","1.713400","45.271858","1.713400","-","96.774188","0.000000","1.905593","4.575986","1000","THB","Registered","-"
"SPALI283A","0","20-Mar-2028","2.301370","Straight","Fixed","","","22-Sep-25","1.710000","-","-","-","-","1.723176","45.946331","1.723176","-","96.132784","0.000000","2.278995","6.323580","1000","THB","Registered","-"
"SPALI288A","0","08-Aug-2028","2.687671","Straight","Fixed","","","05-Nov-25","1.880000","-","-","-","-","1.785202","51.778339","1.785202","-","95.333222","0.000000","2.665251","8.424399","1000","THB","Registered","-"
"SPALI289A","0","15-Sep-2028","2.791781","Straight","Fixed","","","25-Sep-25","1.710000","-","-","-","-","1.797045","52.213483","1.797045","-","95.139783","0.000000","2.760131","8.986100","1000","THB","Registered","-"
"SPALI28NA","0","03-Nov-2028","2.926027","Straight","Fixed","","","10-Nov-25","1.910000","-","-","-","-","1.812132","53.435268","1.812132","-","94.870143","0.000000","2.892966","9.802746","1000","THB","Registered","-"
"SPI276A","2.74","25-Jun-2027","1.564384","Straight","Fixed","A+","","12-Nov-25","1.940000","-","-","-","-","1.856976","60.373787","1.856976","-","101.352017","1.193589","1.511929","3.079053","1000","THB","Registered","-"
"SPI306A","3.16","25-Jun-2030","4.567123","Straight","Fixed","A+","","08-Oct-25","2.080000","-","-","-","-","2.215526","86.678036","2.215526","-","104.074545","1.376548","4.192327","20.565653","1000","THB","Registered","-"
"SPI326A","3.3","25-Jun-2032","6.569863","Straight","Fixed","A+","","14-Nov-25","2.540000","-","-","-","-","2.496488","95.512624","2.496488","-","104.832550","1.437534","5.821416","39.312253","1000","THB","Registered","-"
"SPW22PA","5.5","10-Aug-2122","96.753425","Straight","Fixed","BBB+","","16-Oct-25","-","-","-","-","-","-","-","-","-","101.691233","-","-","-","1000","THB","Registered","-"
"SPW271A","4.275","27-Jan-2027","1.156164","Straight","Fixed","","","-","-","-","-","-","-","2.477614","123.909272","2.477614","-","102.022729","1.510890","1.115337","1.819480","1000","THB","Registered","-"
"SPW27DA","3.55","14-Dec-2027","2.035616","Straight","Fixed","","","-","-","-","-","-","-","2.570459","132.216507","2.570459","-","101.931504","-0.126438","1.959275","4.861773","1000","THB","Registered","-"
"SPW293A","4.09","27-Mar-2029","3.320548","Straight","Fixed","","","-","-","-","-","-","-","2.768928","149.302220","2.768928","-","104.173879","0.728356","3.076856","11.367228","1000","THB","Registered","-"
"SPW294A","4.03","04-Apr-2029","3.342466","Straight","Fixed","","","-","-","-","-","-","-","2.780147","150.371940","2.780147","-","103.962531","0.640384","3.100763","11.522252","1000","THB","Registered","-"
"SPW295A","4.07","03-May-2029","3.421918","Straight","Fixed","","","-","-","-","-","-","-","2.809234","152.978186","2.809234","-","104.097774","0.312219","3.176890","12.040527","1000","THB","Registered","-"
"SPW29NA","3.03","08-Nov-2029","3.939726","Straight","Fixed","","","-","-","-","-","-","-","2.858678","153.587085","2.858678","-","100.644232","0.190932","3.678281","15.798372","1000","THB","Registered","-"
"SPW303A","2.4","12-Mar-2030","4.279452","Straight","Fixed","","","01-Aug-24","3.970000","-","-","-","-","2.902557","157.385384","2.902557","-","98.000133","0.526027","4.008159","18.582579","1000","THB","Registered","-"
"SPW32DA","3.94","14-Dec-2032","7.041096","Straight","Fixed","","","-","-","-","-","-","-","3.199419","163.596840","3.199419","-","104.633880","-0.140329","6.144858","43.689648","1000","THB","Registered","-"
"SPWRT268A","6.5","10-Aug-2026","0.690411","Straight","Fixed","","","-","-","-","-","-","-","5.471303","436.104701","5.471303","-","100.681125","0.373973","0.673429","0.624281","1000","THB","Registered","-"
"SSP283A","4.9","25-Mar-2028","2.315068","Straight","Fixed","BBB","","01-Apr-25","4.500000","-","-","-","-","4.309974","311.260382","4.309974","-","101.295847","0.899452","2.161741","5.395320","1000","THB","Registered","-"
"SSP283B","4.3","25-Mar-2028","2.315068","Straight","Fixed","BBB","","-","-","-","-","-","-","4.310029","311.260382","4.310029","-","99.978923","0.070685","2.191151","5.480556","1000","THB","Registered","-"
"SSP302A","3.2","25-Feb-2030","4.238356","Straight","Fixed","AAA","","-","-","-","-","-","-","2.498358","117.476570","2.498358","-","102.805019","0.052603","3.955996","17.266761","1000","THB","Registered","-"
"SST268A","5.8","23-Aug-2026","0.726027","Straight","Fixed","","","-","-","-","-","-","-","5.311347","419.107297","5.311347","-","100.335079","0.127123","0.710061","0.683594","1000","THB","Registered","-"
"SST275A","6","08-May-2027","1.432877","Straight","Fixed","","","-","-","-","-","-","-","5.633519","451.559751","5.633519","-","100.488916","0.378082","1.365639","2.247355","1000","THB","Registered","-"
"STA25DA","2.39","03-Dec-2025","0.005479","Straight","Fixed","A-","","07-Aug-25","2.480000","-","-","-","-","2.123605","87.768559","2.123605","-","99.998110","1.185178","0.005422","0.002712","1000","THB","Registered","-"
"STA264A","3.7","01-Apr-2026","0.331507","Straight","Fixed","A-","","24-Nov-25","2.170000","-","-","-","-","2.214550","97.601576","2.214550","-","100.490741","0.618356","0.327876","0.269646","1000","THB","Registered","-"
"STA26NA","3.55","04-Nov-2026","0.926027","Straight","Fixed","A-","","-","-","-","-","-","-","2.469787","121.217439","2.469787","-","100.991809","0.262603","0.902103","1.263498","1000","THB","Registered","-"
"STA26NB","3.55","04-Nov-2026","0.926027","Straight","Fixed","A-","","-","-","-","-","-","-","2.469787","121.217439","2.469787","-","100.991809","0.262603","0.902103","1.263498","1000","THB","Registered","-"
"STA273A","2.85","31-Mar-2027","1.328767","Straight","Fixed","A-","","17-Oct-25","2.480000","-","-","-","-","2.530503","128.326708","2.530503","-","100.416791","0.484110","1.291504","2.322270","1000","THB","Registered","-"
"STA277A","3.69","27-Jul-2027","1.652055","Straight","Fixed","A-","","15-Aug-25","2.450000","-","-","-","-","2.554110","131.325909","2.554110","-","101.812888","1.283918","1.582923","3.344880","1000","THB","Registered","-"
"STA282A","3.4","05-Feb-2028","2.180822","Straight","Fixed","A-","","-","-","-","-","-","-","2.661021","141.212877","2.661021","-","101.539114","1.099178","2.071910","5.428074","1000","THB","Registered","-"
"STA28DA","3.12","03-Dec-2028","3.008219","Straight","Fixed","A-","","-","-","-","-","-","-","2.718607","145.150527","2.718607","-","101.151035","-0.017096","2.854577","9.745709","1000","THB","Registered","-"
"STA293A","3.56","31-Mar-2029","3.331507","Straight","Fixed","A-","","-","-","-","-","-","-","2.730884","145.406589","2.730884","-","102.623310","0.604712","3.110818","11.554252","1000","THB","Registered","-"
"STA297A","3.94","27-Jul-2029","3.654795","Straight","Fixed","A-","","09-Jun-25","2.900000","-","-","-","-","2.754432","145.933628","2.754432","-","104.077674","1.370904","3.356462","13.480367","1000","THB","Registered","-"
"STA302A","3.7","05-Feb-2030","4.183562","Straight","Fixed","A-","","14-Feb-25","3.703108","-","-","-","-","2.887007","156.226644","2.887007","-","103.162047","1.196164","3.818575","17.225823","1000","THB","Registered","-"
"STA314A","4.4","01-Apr-2031","5.334247","Straight","Fixed","A-","","09-Nov-21","3.850000","-","-","-","-","3.022800","163.035693","3.022800","-","106.736987","0.735342","4.726870","26.229716","1000","THB","Registered","-"
"STA31DA","3.56","03-Dec-2031","6.008219","Straight","Fixed","A-","","-","-","-","-","-","-","3.079749","164.977807","3.079749","-","102.615000","-0.019507","5.386324","33.407902","1000","THB","Registered","-"
"STA323A","3.94","31-Mar-2032","6.334247","Straight","Fixed","A-","","20-Dec-23","3.850000","-","-","-","-","3.143095","165.751604","3.143095","-","104.543251","0.669260","5.558094","35.979223","1000","THB","Registered","-"
"STA324A","3.94","21-Apr-2032","6.391781","Straight","Fixed","A-","","-","-","-","-","-","-","3.158596","166.000000","3.158596","-","104.489963","0.442575","5.613945","36.631357","1000","THB","Registered","-"
"STA327A","4.16","27-Jul-2032","6.657534","Straight","Fixed","A-","","-","-","-","-","-","-","3.197131","166.376468","3.197131","-","105.711334","1.447452","5.738607","38.757775","1000","THB","Registered","-"
"STA332A","3.85","05-Feb-2033","7.186301","Straight","Fixed","A-","","-","-","-","-","-","-","3.237328","166.646016","3.237328","-","103.878208","1.244658","6.187783","44.819378","1000","THB","Registered","-"
"STA343A","4.17","31-Mar-2034","8.334247","Straight","Fixed","A-","","30-Apr-24","4.150000","-","-","-","-","3.309900","168.657092","3.309900","-","106.218286","0.708329","7.002103","57.640678","1000","THB","Registered","-"
"STA352A","4","05-Feb-2035","9.186301","Straight","Fixed","A-","","-","-","-","-","-","-","3.457328","181.303823","3.457328","-","104.217462","1.293151","7.584114","68.128403","1000","THB","Registered","-"
"STELLA264A","7.15","25-Apr-2026","0.397260","Straight","Fixed","","","-","-","-","-","-","-","6.543870","551.329222","6.543870","-","100.243659","-0.254658","0.392249","0.250564","1000","THB","Registered","-"
"STELLA264B","7.15","25-Apr-2026","0.397260","Straight","Fixed","","","-","-","-","-","-","-","6.580284","555.177216","6.580284","-","100.229239","1.390822","0.386609","0.246680","1000","THB","Registered","-"
"STELLA267A","7.15","22-Jul-2026","0.638356","Straight","Fixed","","","-","-","-","-","-","-","6.997252","594.274932","6.997252","-","100.099434","1.273288","0.612386","0.532457","1000","THB","Registered","-"
"STELLA268B","7.3","26-Aug-2026","0.734247","Straight","Fixed","","","-","-","-","-","-","-","6.725687","565.237687","6.725687","-","100.412714","-0.200000","0.711796","0.685891","1000","THB","Registered","-"
"STELLA268C","7.3","26-Aug-2026","0.734247","Straight","Fixed","","","-","-","-","-","-","-","6.748168","567.604544","6.748168","-","100.397608","-0.260000","0.712041","0.686112","1000","THB","Registered","-"
"STELLA268D","7.3","26-Aug-2026","0.734247","Straight","Fixed","","","-","-","-","-","-","-","6.798784","572.936877","6.798784","-","100.361983","1.420000","0.700851","0.674675","1000","THB","Registered","-"
"STELLA269B","7.15","11-Sep-2026","0.778082","Straight","Fixed","","","-","-","-","-","-","-","7.202386","613.401383","7.202386","-","99.962669","-0.195890","0.750782","0.753162","1000","THB","Registered","-"
"STELLA26OA","7.15","21-Oct-2026","0.887671","Straight","Fixed","","","-","-","-","-","-","-","7.244655","620.108868","7.244655","-","99.902096","1.018630","0.846287","0.939544","1000","THB","Registered","-"
"STELLA26OB","7.15","21-Oct-2026","0.887671","Straight","Fixed","","","-","-","-","-","-","-","7.162499","611.414443","7.162499","-","99.970717","0.803151","0.848496","0.942404","1000","THB","Registered","-"
"STELLA26NC","7.3","18-Nov-2026","0.964384","Straight","Fixed","","","-","-","-","-","-","-","7.122522","604.834332","7.122522","-","100.169295","-0.240000","0.924349","1.092667","1000","THB","Registered","-"
"STELLA26ND","7.3","27-Nov-2026","0.989041","Straight","Fixed","","","-","-","-","-","-","-","7.191793","612.133323","7.191793","-","100.107394","1.300000","0.933375","1.124449","1000","THB","Registered","-"
"STELLA272A","7.3","26-Feb-2027","1.238356","Straight","Fixed","","","-","-","-","-","-","-","7.443778","638.745920","7.443778","-","99.836460","0.040000","1.172232","1.691517","1000","THB","Registered","-"
"STELLA272B","7.3","26-Feb-2027","1.238356","Straight","Fixed","","","-","-","-","-","-","-","7.507410","645.895191","7.507410","-","99.760999","-0.200000","1.174961","1.696044","1000","THB","Registered","-"
"STELLA272C","7.3","26-Feb-2027","1.238356","Straight","Fixed","","","-","-","-","-","-","-","7.423116","637.047178","7.423116","-","99.840305","1.040000","1.161605","1.675860","1000","THB","Registered","-"
"STELLA272D","7.3","26-Feb-2027","1.238356","Straight","Fixed","","","-","-","-","-","-","-","7.322051","626.369603","7.322051","-","99.958653","0.820000","1.164494","1.680488","1000","THB","Registered","-"
"STELLA275A","7.3","13-May-2027","1.446575","Amortization","Fixed","","","-","-","-","-","-","-","7.117070","606.386892","7.117070","-","100.167611","-0.240000","0.982986","1.388606","800","THB","Registered","-"
"STELLA276A","7.3","29-Jun-2027","1.575342","Amortization","Fixed","","","-","-","-","-","-","-","7.414619","637.534505","7.414619","-","99.867540","0.040000","1.044032","1.578268","900","THB","Registered","-"
"STGT299A","3.91","28-Sep-2029","3.827397","Straight","Fixed","A-","","-","-","-","-","-","-","2.475039","115.551118","2.475039","-","105.213798","0.685589","3.526656","14.732870","1000","THB","Registered","-"
"STGT329A","4.25","28-Sep-2032","6.830137","Straight","Fixed","A-","","23-May-25","3.080000","-","-","-","-","2.887962","133.302316","2.887962","-","108.391510","0.745205","5.905527","40.802324","1000","THB","Registered","-"
"SUPER262A","5.5","06-Feb-2026","0.183562","Straight","Fixed","BBB-","","-","-","-","-","-","-","4.697825","353.058586","4.697825","-","100.132899","0.376712","0.181431","0.077748","1000","THB","Registered","-"
"SUPER264A","5.5","05-Apr-2026","0.342466","Straight","Fixed","","","-","-","-","-","-","-","4.698830","357.928679","4.698830","-","100.260088","0.858904","0.338529","0.199067","1000","THB","Registered","-"
"SUPER266A","5.5","12-Jun-2026","0.528767","Straight","Fixed","BBB-","","-","-","-","-","-","-","5.242644","410.656864","5.242644","-","100.134899","-0.165753","0.519934","0.399447","1000","THB","Registered","-"
"SUPER26OA","5.6","27-Oct-2026","0.904110","Straight","Fixed","","","-","-","-","-","-","-","4.928061","377.032906","4.928061","-","100.578419","0.536986","0.874942","0.992859","1000","THB","Registered","-"
"SUPER272A","6","06-Feb-2027","1.183562","Straight","Fixed","BBB-","","-","-","-","-","-","-","5.346148","419.227128","5.346148","-","100.730817","0.410959","1.132194","1.586480","1000","THB","Registered","-"
"SUPER276A","6","12-Jun-2027","1.528767","Straight","Fixed","BBB-","","-","-","-","-","-","-","5.772248","464.067259","5.772248","-","100.332712","-0.180822","1.454909","2.521056","1000","THB","Registered","-"
"SVR25DA","7.35","29-Dec-2025","0.076712","Straight","Fixed","","","-","-","-","-","-","-","6.468800","537.331866","6.468800","-","100.068790","1.268630","0.075491","0.024271","1000","THB","Registered","-"
"TAA263A","6.9","28-Mar-2026","0.320548","Straight","Fixed","","","-","-","-","-","-","-","5.500812","442.506044","5.500812","-","100.448519","1.209863","0.315410","0.178277","1000","THB","Registered","-"
"TAA26NA","5.9","10-Nov-2026","0.942466","Straight","Fixed","","","-","-","-","-","-","-","4.810453","364.741961","4.810453","-","100.986560","0.339452","0.912089","1.069028","1000","THB","Registered","-"
"TAA274A","5.65","18-Apr-2027","1.378082","Straight","Fixed","","","-","-","-","-","-","-","4.823034","366.029832","4.823034","-","101.085116","0.681096","1.314746","2.096589","1000","THB","Registered","-"
"TAA27OA","5.5","11-Oct-2027","1.860274","Straight","Fixed","","","-","-","-","-","-","-","5.182429","402.641473","5.182429","-","100.546836","0.768493","1.747612","3.590229","1000","THB","Registered","-"
"TAA288A","5.5","06-Aug-2028","2.682192","Straight","Fixed","","","-","-","-","-","-","-","5.518297","436.169926","5.518297","-","99.941514","0.376712","2.470319","6.989027","1000","THB","Registered","-"
"TAKUNI287A","3","16-Jul-2028","2.624658","Straight","Fixed","","","-","-","-","-","-","-","2.922150","168.134087","2.922150","-","100.189254","0.378082","2.507731","7.074750","1000","THB","Registered","-"
"TBEV266A","2.43","11-Jun-2026","0.526027","Straight","Fixed","","AA(tha)","27-Nov-25","1.560000","-","-","-","-","1.559986","31.565782","1.559986","-","100.455467","-0.066575","0.523315","0.533492","1000","THB","Registered","-"
"TBEV267A","3.1","19-Jul-2026","0.630137","Straight","Fixed","AA","","27-Aug-24","2.776000","-","-","-","-","1.596812","35.707345","1.596812","-","100.930882","1.146575","0.621707","0.698582","1000","THB","Registered","-"
"TBEV26NA","0","09-Nov-2026","0.939726","Straight","Fixed","","AA(tha)","19-Nov-25","1.620000","-","-","-","-","1.620392","35.775947","1.620392","-","98.501386","0.000000","0.928097","1.321683","1000","THB","Registered","-"
"TBEV274A","0","22-Apr-2027","1.389041","Straight","Fixed","AA","","27-Oct-25","1.600000","-","-","-","-","1.620566","36.377736","1.620566","-","97.782983","0.000000","1.377876","2.581944","1000","THB","Registered","-"
"TBEV275A","3.08","07-May-2027","1.430137","Straight","Fixed","","AA(tha)","27-Nov-25","1.620000","-","-","-","-","1.627586","37.079778","1.627586","-","102.056857","0.202521","1.396401","2.660371","1000","THB","Registered","-"
"TBEV277A","3.37","19-Jul-2027","1.630137","Straight","Fixed","AA","","14-Oct-25","1.495000","-","-","-","-","1.626080","37.324545","1.626080","-","102.786049","1.246438","1.573231","3.308503","1000","THB","Registered","-"
"TBEV279A","3","01-Sep-2027","1.750685","Straight","Fixed","AA","","14-Oct-25","1.512500","-","-","-","-","1.623596","36.257976","1.623596","-","102.371607","0.747945","1.689627","3.740734","1000","THB","Registered","-"
"TBEV27OA","2.87","22-Oct-2027","1.890411","Straight","Fixed","AA","","27-Nov-25","1.620000","-","-","-","-","1.625139","36.641627","1.625139","-","102.309577","0.314521","1.832687","4.313695","1000","THB","Registered","-"
"TBEV27NA","3.56","09-Nov-2027","1.939726","Straight","Fixed","AA","","24-Feb-25","2.660000","-","-","-","-","1.627118","36.598265","1.627118","-","103.682170","0.214575","1.869644","4.478694","1000","THB","Registered","-"
"TBEV288A","0","29-Aug-2028","2.745205","Straight","Fixed","","AA(tha)","26-Nov-25","1.630000","-","-","-","-","1.626388","35.467167","1.626388","-","95.652826","0.000000","2.721703","8.757541","1000","THB","Registered","-"
"TBEV289B","4.16","19-Sep-2028","2.802740","Straight","Fixed","","AA(tha)","08-Oct-25","1.650000","-","-","-","-","1.688508","41.341424","1.688508","-","106.736764","0.832000","2.630975","8.464655","1000","THB","Registered","-"
"TBEV28DA","3.25","15-Dec-2028","3.041096","Straight","Fixed","","AA(tha)","25-Nov-25","1.750000","-","-","-","-","1.723239","44.513740","1.723239","-","104.501211","-0.124658","2.898996","10.035314","1000","THB","Registered","-"
"TBEV293A","4","01-Mar-2029","3.249315","Straight","Fixed","AA","","26-Nov-25","1.720000","-","-","-","-","1.719057","43.473600","1.719057","-","107.186769","0.997260","3.029958","11.054689","1000","THB","Registered","-"
"TBEV296A","2.71","11-Jun-2029","3.528767","Straight","Fixed","","AA(tha)","21-Nov-25","1.880000","-","-","-","-","1.817310","52.021543","1.817310","-","103.037082","-0.074247","3.362015","13.239388","1000","THB","Registered","-"
"TBEV29OA","3.07","22-Oct-2029","3.893151","Straight","Fixed","AA","","17-Nov-25","1.990000","-","-","-","-","1.894346","56.559500","1.894346","-","104.390772","0.336438","3.654505","15.619520","1000","THB","Registered","-"
"TBEV29NA","3.91","09-Nov-2029","3.942466","Straight","Fixed","AA","","07-Dec-22","3.640000","-","-","-","-","2.646239","132.163633","2.646239","-","104.708675","0.235671","3.636294","15.572091","1000","THB","Registered","-"
"TBEV308A","1.9","29-Aug-2030","4.745205","Straight","Fixed","","AA(tha)","24-Nov-25","2.000000","-","-","-","-","2.013988","64.958638","2.013988","-","99.482954","0.489315","4.491399","23.001980","1000","THB","Registered","-"
"TBEV316A","3.03","11-Jun-2031","5.528767","Straight","Fixed","","AA(tha)","03-Oct-24","3.500000","-","-","-","-","2.787528","137.665549","2.787528","-","101.234761","-0.083014","5.067149","29.369121","1000","THB","Registered","-"
"TBEV32NA","4.38","09-Nov-2032","6.945205","Straight","Fixed","AA","","13-Jul-23","4.100000","-","-","-","-","2.969637","140.897000","2.969637","-","108.797763","0.264000","5.995323","41.973631","1000","THB","Registered","-"
"TBEV337A","3.87","19-Jul-2033","7.635616","Straight","Fixed","AA","","31-Mar-25","3.465000","-","-","-","-","2.977630","138.158544","2.977630","-","106.034987","1.431370","6.531223","50.031571","1000","THB","Registered","-"
"TBEV342A","3.88","07-Feb-2034","8.191781","Straight","Fixed","","AA(tha)","01-Aug-25","3.180000","-","-","-","-","3.093954","147.133254","3.093954","-","105.626851","1.233096","6.940170","56.524408","1000","THB","Registered","-"
"TBEV34OA","3.62","22-Oct-2034","8.895890","Straight","Fixed","AA","","11-Feb-25","3.450000","-","-","-","-","3.141992","149.509291","3.141992","-","103.684778","0.396712","7.558379","66.430454","1000","THB","Registered","-"
"TBEV358A","2.37","29-Aug-2035","9.747945","Straight","Fixed","","AA(tha)","-","-","-","-","-","-","3.094534","141.848331","3.094534","-","93.939747","0.610356","8.531445","82.829945","1000","THB","Registered","-"
"TCAP261A","0","22-Jan-2026","0.142466","Straight","Fixed","A","","04-Nov-25","1.460000","-","-","-","-","1.450392","20.394754","1.450392","-","99.794326","0.000000","0.141440","0.090216","1000","THB","Registered","-"
"TCAP265A","0","29-May-2026","0.490411","Straight","Fixed","A","","06-Nov-25","1.470000","-","-","-","-","1.471427","22.296755","1.471427","-","99.283616","0.000000","0.486829","0.478640","1000","THB","Registered","-"
"TCAP26OA","3.63","05-Oct-2026","0.843836","Straight","Fixed","A","","24-Oct-25","1.560000","-","-","-","-","1.560960","30.378807","1.560960","-","101.728456","0.566877","0.827185","1.098893","1000","THB","Registered","-"
"TCAP26OB","3.63","07-Oct-2026","0.849315","Straight","Fixed","A","","23-Aug-24","2.952500","-","-","-","-","1.562792","30.555991","1.562792","-","101.738071","0.546986","0.832615","1.110594","1000","THB","Registered","-"
"TCAP272A","3.73","10-Feb-2027","1.194521","Straight","Fixed","A","","25-Nov-25","1.592500","-","-","-","-","1.592761","33.625387","1.592761","-","102.501834","1.154767","1.158461","1.938009","1000","THB","Registered","-"
"TCAP277A","3.52","18-Jul-2027","1.627397","Straight","Fixed","A","","14-Aug-25","1.802500","-","-","-","-","1.590802","33.760635","1.590802","-","103.079054","1.311562","1.568819","3.294698","1000","THB","Registered","-"
"TCAP27OA","0","18-Oct-2027","1.879452","Straight","Fixed","A","","25-Nov-25","1.613500","-","-","-","-","1.612499","35.364124","1.612499","-","97.028773","0.000000","1.863061","4.395078","1000","THB","Registered","-"
"TCAP285A","3.28","30-May-2028","2.495890","Straight","Fixed","A","","19-Jun-25","2.170000","-","-","-","-","1.749837","48.623440","1.749837","-","103.730407","0.008986","2.394509","7.029470","1000","THB","Registered","-"
"TCAP286A","0","16-Jun-2028","2.542466","Straight","Fixed","A","","28-Nov-25","1.760000","-","-","-","-","1.760000","49.331650","1.760000","-","95.644915","0.000000","2.518929","7.593483","1000","THB","Registered","-"
"TCAP295A","4.42","27-May-2029","3.487671","Straight","Fixed","","","-","-","-","-","-","-","2.152742","86.175550","2.152742","-","107.590774","0.048438","3.240445","12.507403","1000","THB","Registered","-"
"TCAP29OA","3.01","29-Oct-2029","3.912329","Straight","Fixed","","","01-Oct-25","2.125000","-","-","-","-","2.267222","94.080590","2.267222","-","102.765947","0.272137","3.668498","15.720733","1000","THB","Registered","-"
"TCAP306A","2.98","18-Jun-2030","4.547945","Straight","Fixed","","","26-Aug-25","2.510000","-","-","-","-","2.710603","136.873945","2.710603","-","101.140161","1.355288","4.174698","20.372703","1000","THB","Registered","-"
"TCAP30OA","4.36","05-Oct-2030","4.846575","Straight","Fixed","A","","-","-","-","-","-","-","2.818124","145.806280","2.818124","-","106.936620","0.680877","4.346119","22.201683","1000","THB","Registered","-"
"TCAP30OB","4.36","07-Oct-2030","4.852055","Straight","Fixed","A","","13-Dec-22","3.940000","-","-","-","-","2.817299","145.682870","2.817299","-","106.947873","0.656986","4.351550","22.251586","1000","THB","Registered","-"
"TCAP315A","3.81","30-May-2031","5.495890","Straight","Fixed","A","","10-Jun-24","3.785000","-","-","-","-","2.911303","150.760092","2.911303","-","104.547292","0.010438","4.947842","28.330988","1000","THB","Registered","-"
"TCC262A","7.5","09-Feb-2026","0.191781","Straight","Fixed","","","-","-","-","-","-","-","6.509369","541.950064","6.509369","-","100.169182","0.452055","0.188710","0.082033","1000","THB","Registered","-"
"TCC275A","7.5","07-May-2027","1.430137","Straight","Fixed","","","-","-","-","-","-","-","7.442542","642.348032","7.442542","-","100.058899","0.493151","1.343979","2.191705","1000","THB","Registered","-"
"TD30DA","2.343448","31-Dec-2030","5.084932","Straight","Fixed","","","-","-","-","-","-","-","-","-","-","-","115.975565","-","-","-","1000","THB","Registered","-"
"TFG261A","4.5","27-Jan-2026","0.156164","Straight","Fixed","","","14-Oct-25","3.500000","-","-","-","-","3.490883","228.554182","3.490883","-","100.146087","0.431507","0.154813","0.062336","1000","THB","Registered","-"
"TFG267A","4.6","15-Jul-2026","0.619178","Straight","Fixed","","","-","-","-","-","-","-","3.640284","245.874033","3.640284","-","100.578045","0.592329","0.609281","0.525566","1000","THB","Registered","-"
"TFG267B","4.6","20-Jul-2026","0.632877","Straight","Fixed","","","-","-","-","-","-","-","3.653413","247.149958","3.653413","-","100.582580","0.529315","0.622835","0.545620","1000","THB","Registered","-"
"TFG26NA","2.15","11-Nov-2026","0.945205","Straight","Fixed","AAA","","-","-","-","-","-","-","2.258606","102.081992","2.258606","-","99.893828","0.117808","0.933991","1.109080","1000","THB","Registered","-"
"TFG277A","4.8","26-Jul-2027","1.649315","Straight","Fixed","","","-","-","-","-","-","-","3.803695","260.453485","3.803695","-","101.578065","0.473425","1.577998","2.941817","1000","THB","Registered","-"
"TFG27NA","4.8","12-Nov-2027","1.947945","Straight","Fixed","","","-","-","-","-","-","-","3.980362","278.059867","3.980362","-","101.519717","0.249863","1.851284","3.978173","1000","THB","Registered","-"
"TFG283A","4.6","07-Mar-2028","2.265753","Straight","Fixed","BBB","","-","-","-","-","-","-","4.331735","313.596011","4.331735","-","100.576582","-0.075616","2.143917","5.255660","1000","THB","Registered","-"
"THANI25DA","3.26","15-Dec-2025","0.038356","Straight","Fixed","A-","","24-Oct-25","1.880000","-","-","-","-","1.798575","55.092412","1.798575","-","100.050801","1.509425","0.038014","0.020283","1000","THB","Registered","-"
"THANI25DB","0","11-Dec-2025","0.027397","Straight","Fixed","A-","","20-Mar-25","2.590000","-","-","-","-","1.794175","54.600137","1.794175","-","99.951076","0.000000","0.027154","0.014193","1000","THB","Registered","-"
"THANI262A","2.46","17-Feb-2026","0.213699","Straight","Fixed","A-","","01-Oct-25","1.930000","-","-","-","-","1.831436","58.964448","1.831436","-","100.121970","0.714411","0.211760","0.149761","1000","THB","Registered","-"
"THANI262B","3.17","16-Feb-2026","0.210959","Straight","Fixed","A-","","20-Nov-25","1.920000","-","-","-","-","1.811357","57.349023","1.811357","-","100.278677","0.130274","0.210008","0.096369","1000","THB","Registered","-"
"THANI264A","3.5","30-Apr-2026","0.410959","Straight","Fixed","A-","","07-Dec-22","3.325000","-","-","-","-","1.853646","60.991207","1.853646","-","100.674535","0.306849","0.407185","0.367523","1000","THB","Registered","-"
"THANI265A","3.4","25-May-2026","0.479452","Straight","Fixed","A-","","26-Nov-25","1.850000","-","-","-","-","1.849868","60.473796","1.849868","-","100.750207","0.055890","0.475058","0.461032","1000","THB","Registered","-"
"THANI268A","3.5","25-Aug-2026","0.731507","Straight","Fixed","A-","","14-Aug-25","2.100000","-","-","-","-","1.936881","70.339468","1.936881","-","101.131661","0.057534","0.725657","0.709739","1000","THB","Registered","-"
"THANI269A","3.6","28-Sep-2026","0.824658","Straight","Fixed","","","30-Jan-25","3.000000","-","-","-","-","1.971130","71.059632","1.971130","-","101.332141","0.631233","0.803854","1.048411","1000","THB","Registered","-"
"THANI26NA","4","08-Nov-2026","0.936986","Straight","Fixed","A-","","06-Nov-25","1.950000","-","-","-","-","1.987333","72.653722","1.987333","-","101.866466","0.252055","0.914085","1.292763","1000","THB","Registered","-"
"THANI271A","3.45","14-Jan-2027","1.120548","Straight","Fixed","A-","","18-Sep-25","2.090000","-","-","-","-","2.131341","88.581357","2.131341","-","101.448624","0.453699","1.093726","1.483389","1000","THB","Registered","-"
"THANI271B","0","06-Jan-2027","1.098630","Straight","Fixed","A-","","18-Mar-25","2.890000","-","-","-","-","2.130698","87.924516","2.130698","-","97.698432","0.000000","1.087049","1.719471","1000","THB","Registered","-"
"THANI272A","3.43","16-Feb-2027","1.210959","Straight","Fixed","A-","","18-Sep-25","2.100000","-","-","-","-","2.197721","95.309550","2.197721","-","101.461223","0.140959","1.183568","1.710201","1000","THB","Registered","-"
"THANI274A","3.7","30-Apr-2027","1.410959","Straight","Fixed","A-","","-","-","-","-","-","-","2.177580","92.609408","2.177580","-","102.107752","0.324384","1.369296","2.573393","1000","THB","Registered","-"
"THANI277A","0","08-Jul-2027","1.600000","Straight","Fixed","A-","","03-Nov-25","2.210000","-","-","-","-","2.160712","91.440546","2.160712","-","96.611317","0.000000","1.586965","3.303459","1000","THB","Registered","-"
"THANI27NA","4.3","08-Nov-2027","1.936986","Straight","Fixed","A-","","07-Oct-25","2.205000","-","-","-","-","2.333829","107.819259","2.333829","-","103.711112","0.270959","1.850346","4.404308","1000","THB","Registered","-"
"THANI282A","3.84","06-Feb-2028","2.183562","Straight","Fixed","A-","","-","-","-","-","-","-","2.494478","124.342214","2.494478","-","102.823691","1.230904","2.067064","5.418816","1000","THB","Registered","-"
"THANI282B","0","17-Feb-2028","2.213699","Straight","Fixed","A-","","18-Mar-25","3.080000","-","-","-","-","2.495270","124.336274","2.495270","-","94.658357","0.000000","2.186420","5.860172","1000","THB","Registered","-"
"THG275A","3.32","30-May-2027","1.493151","Straight","Fixed","","AAA(tha)","06-Nov-25","2.150000","-","-","-","-","2.085941","83.921936","2.085941","-","101.818513","0.009096","1.453866","2.852303","1000","THB","Registered","-"
"THG295A","3.74","30-May-2029","3.495890","Straight","Fixed","","AAA(tha)","-","-","-","-","-","-","2.469045","118.370119","2.469045","-","104.243845","0.010247","3.270440","12.666514","1000","THB","Registered","-"
"TICON283A","3.58","14-Mar-2028","2.284932","Straight","Fixed","A","","11-Feb-25","3.020000","-","-","-","-","1.922079","66.038984","1.922079","-","103.697223","0.765041","2.176863","5.934422","1000","THB","Registered","-"
"TIDLOR28OB","2.7","31-Oct-2028","2.917808","Straight","Fixed","A+","","26-Nov-25","2.380000","-","-","-","-","2.377078","110.462436","2.377078","-","100.912985","0.229315","2.780314","9.270297","1000","THB","Registered","-"
"TIPH268A","3.44","16-Aug-2026","0.706849","Straight","Fixed","AA","","19-Jun-25","2.300000","-","-","-","-","2.046624","81.089282","2.046624","-","100.962226","1.008438","0.695445","0.831889","1000","THB","Registered","-"
"TISCO317A","3.25","07-Jul-2031","5.600000","Straight","Fixed","","","-","-","-","-","-","-","2.804164","140.160975","2.804164","-","102.296232","0.489726","5.090592","28.734872","1000","THB","Registered","-"
"TISCO356A","3.25","06-Jun-2035","9.517808","Straight","Fixed","A-","","-","-","-","-","-","-","3.101211","144.995773","3.101211","-","101.221936","-0.044521","8.171421","75.245351","1000","THB","Registered","-"
"TISCO35OA","3.15","21-Oct-2035","9.893151","Straight","Fixed","A-","","-","-","-","-","-","-","3.147156","148.711566","3.147156","-","100.016856","0.353836","8.440383","80.639653","1000","THB","Registered","-"
"TLT25DA","2.69","09-Dec-2025","0.021918","Straight","Fixed","AAA","","31-Oct-25","1.450000","-","-","-","-","1.438186","18.689303","1.438186","-","100.023447","1.289726","0.021761","0.011277","1000","THB","Registered","-"
"TLT261A","2.74","30-Jan-2026","0.164384","Straight","Fixed","AAA","","28-Nov-25","1.490000","-","-","-","-","1.490000","24.445916","1.490000","-","100.192086","0.930849","0.163168","0.107604","1000","THB","Registered","-"
"TLT261B","0","28-Jan-2026","0.158904","Straight","Fixed","AAA","","24-Sep-25","1.420000","-","-","-","-","1.499405","25.379371","1.499405","-","99.762909","0.000000","0.157722","0.103150","1000","THB","Registered","-"
"TLT262A","2.75","24-Feb-2026","0.232877","Straight","Fixed","AAA","","12-Nov-25","1.502500","-","-","-","-","1.548082","30.404162","1.548082","-","100.265701","0.745890","0.231088","0.168058","1000","THB","Registered","-"
"TLT263A","1.69","26-Mar-2026","0.315068","Straight","Fixed","AAA","","18-Nov-25","1.500000","-","-","-","-","1.549608","30.506317","1.549608","-","100.050141","0.305589","0.312646","0.252869","1000","THB","Registered","-"
"TLT265A","1.7","28-May-2026","0.487671","Straight","Fixed","AAA","","11-Nov-25","1.550000","-","-","-","-","1.564251","31.654195","1.564251","-","100.072600","0.013973","0.483887","0.474212","1000","THB","Registered","-"
"TLT265B","2.85","30-May-2026","0.493151","Straight","Fixed","AAA","","26-Nov-25","1.570000","-","-","-","-","1.569795","33.513004","1.569795","-","100.638088","0.007808","0.489310","0.482174","1000","THB","Registered","-"
"TLT268A","3.05","25-Aug-2026","0.731507","Straight","Fixed","AAA","","13-Nov-25","1.620000","-","-","-","-","1.587392","34.396086","1.587392","-","101.051427","0.818904","0.722425","0.883882","1000","THB","Registered","-"
"TLT268B","0","21-Aug-2026","0.720548","Straight","Fixed","AAA","","05-Nov-25","1.500000","-","-","-","-","1.590926","34.790736","1.590926","-","98.858253","0.000000","0.718939","0.873505","1000","THB","Registered","-"
"TLT268C","0","28-Aug-2026","0.739726","Straight","Fixed","AAA","","05-Nov-25","1.500000","-","-","-","-","1.591123","34.747522","1.591123","-","98.828070","0.000000","0.737965","0.910662","1000","THB","Registered","-"
"TLT26NA","3.17","29-Nov-2026","0.994521","Straight","Fixed","AAA","","28-Nov-25","1.605000","-","-","-","-","1.605000","34.244365","1.605000","-","101.544558","0.017370","0.974846","1.437617","1000","THB","Registered","-"
"TLT26NB","0","20-Nov-2026","0.969863","Straight","Fixed","AAA","","27-Oct-25","1.500000","-","-","-","-","1.603069","34.035070","1.603069","-","98.469830","0.000000","0.958074","1.393134","1000","THB","Registered","-"
"TLT272A","2.71","28-Feb-2027","1.243836","Straight","Fixed","AAA","","26-Nov-25","1.620000","-","-","-","-","1.617443","36.098376","1.617443","-","101.327525","0.705342","1.214227","2.092450","1000","THB","Registered","-"
"TLT272B","0","25-Feb-2027","1.235616","Straight","Fixed","AAA","","26-Nov-25","1.600000","-","-","-","-","1.607462","35.079654","1.607462","-","98.041172","0.000000","1.225765","2.110494","1000","THB","Registered","-"
"TLT275A","3","30-May-2027","1.493151","Straight","Fixed","AAA","","05-Aug-25","1.580000","-","-","-","-","1.626292","37.400277","1.626292","-","102.030600","0.008219","1.459467","2.871330","1000","THB","Registered","-"
"TLT275B","0","20-May-2027","1.465753","Straight","Fixed","AAA","","07-Oct-25","1.350000","-","-","-","-","1.624043","36.719365","1.624043","-","97.657050","0.000000","1.453947","2.835080","1000","THB","Registered","-"
"TLT276A","3.02","21-Jun-2027","1.553425","Straight","Fixed","AAA","","26-Nov-25","1.650000","-","-","-","-","1.642395","38.559040","1.642395","-","102.117312","0.082740","1.515342","3.069089","1000","THB","Registered","-"
"TLT278A","3.2","25-Aug-2027","1.731507","Straight","Fixed","AAA","","26-Aug-25","1.470000","-","-","-","-","1.635939","38.279779","1.635939","-","102.650925","0.859178","1.675962","3.690794","1000","THB","Registered","-"
"TLT278B","2.81","28-Aug-2027","1.739726","Straight","Fixed","AAA","","21-Nov-25","1.655000","-","-","-","-","1.636739","38.356474","1.636739","-","101.995981","0.731370","1.689363","3.736892","1000","THB","Registered","-"
"TLT279A","0","15-Sep-2027","1.789041","Straight","Fixed","AAA","","14-Nov-25","1.690000","-","-","-","-","1.643906","38.292385","1.643906","-","97.120019","0.000000","1.770380","4.012218","1000","THB","Registered","-"
"TLT27NA","3.32","29-Nov-2027","1.994521","Straight","Fixed","AAA","","04-Nov-25","1.640000","-","-","-","-","1.649941","38.878121","1.649941","-","103.270432","0.018192","1.926947","4.721187","1000","THB","Registered","-"
"TLT282A","2.88","28-Feb-2028","2.243836","Straight","Fixed","AAA","","28-Nov-25","1.670000","-","-","-","-","1.670000","40.920610","1.670000","-","102.640611","0.749589","2.157039","5.819509","1000","THB","Registered","-"
"TLT282B","0","25-Feb-2028","2.235616","Straight","Fixed","AAA","","06-Oct-25","1.380000","-","-","-","-","1.647306","38.622953","1.647306","-","96.398783","0.000000","2.217353","6.016274","1000","THB","Registered","-"
"TLT284A","0","20-Apr-2028","2.386301","Straight","Fixed","AAA","","27-Oct-25","1.545000","-","-","-","-","1.671072","40.549591","1.671072","-","96.111083","0.000000","2.363811","6.759715","1000","THB","Registered","-"
"TLT285A","2.16","28-May-2028","2.490411","Straight","Fixed","AAA","","-","-","-","-","-","-","1.694269","42.724618","1.694269","-","101.138598","0.017753","2.414713","7.102996","1000","THB","Registered","-"
"TLT285B","3.15","21-May-2028","2.471233","Straight","Fixed","AAA","","21-Nov-25","1.760000","-","-","-","-","1.684752","41.806618","1.684752","-","103.540798","0.086301","2.373726","6.916625","1000","THB","Registered","-"
"TLT288A","2.9","28-Aug-2028","2.742466","Straight","Fixed","AAA","","26-Aug-25","1.575000","-","-","-","-","1.704385","43.553328","1.704385","-","103.178323","0.754795","2.618485","8.330593","1000","THB","Registered","-"
"TLT288B","0","15-Aug-2028","2.706849","Straight","Fixed","AAA","","27-Nov-25","1.690000","-","-","-","-","1.696357","42.771746","1.696357","-","95.528330","0.000000","2.685442","8.543026","1000","THB","Registered","-"
"TLT28OA","0","11-Oct-2028","2.863014","Straight","Fixed","AAA","","18-Nov-25","1.760000","-","-","-","-","1.700726","42.533022","1.700726","-","95.273683","0.000000","2.834798","9.441528","1000","THB","Registered","-"
"TLT28NA","2.73","20-Nov-2028","2.972603","Straight","Fixed","AAA","","21-Nov-25","1.790000","-","-","-","-","1.716596","43.767538","1.716596","-","102.928941","0.082274","2.843862","9.664363","1000","THB","Registered","-"
"TLT292A","2.71","25-Feb-2029","3.238356","Straight","Fixed","AAA","","17-Jul-25","1.770000","-","-","-","-","1.719099","43.499671","1.719099","-","103.093094","0.727616","3.074623","11.247581","1000","THB","Registered","-"
"TLT295A","2.12","20-May-2029","3.468493","Straight","Fixed","AAA","","26-May-25","2.080000","-","-","-","-","1.730476","43.616201","1.730476","-","101.313261","0.063890","3.329578","12.954927","1000","THB","Registered","-"
"TLT298A","1.72","15-Aug-2029","3.706849","Straight","Fixed","AAA","","17-Sep-25","1.667500","-","-","-","-","1.747233","43.388935","1.747233","-","99.894649","0.508932","3.559686","14.712264","1000","THB","Registered","-"
"TLT29NA","1.93","11-Nov-2029","3.947945","Straight","Fixed","AAA","","-","-","-","-","-","-","1.757644","42.255014","1.757644","-","100.661003","0.105753","3.777153","16.445091","1000","THB","Registered","-"
"TMN266A","5.85","04-Jun-2026","0.506849","Straight","Fixed","","","-","-","-","-","-","-","4.752787","359.768071","4.752787","-","100.548028","-0.048082","0.498700","0.372777","1000","THB","Registered","-"
"TMN276A","5.2","15-Jun-2027","1.536986","Straight","Fixed","","","-","-","-","-","-","-","4.927916","376.106317","4.927916","-","100.402124","-0.199452","1.473011","2.573796","1000","THB","Registered","-"
"TMN282A","5.15","15-Feb-2028","2.208219","Straight","Fixed","","","-","-","-","-","-","-","5.044355","387.421003","5.044355","-","100.218080","0.239863","2.070726","4.942508","1000","THB","Registered","-"
"TNL271A","5.95","25-Jan-2027","1.150685","Straight","Fixed","","","17-Sep-25","5.200000","-","-","-","-","5.254709","409.703529","5.254709","-","100.756899","0.603151","1.100298","1.507275","1000","THB","Registered","-"
"TNL27OA","5.8","18-Oct-2027","1.879452","Straight","Fixed","","","-","-","-","-","-","-","5.706518","457.277458","5.706518","-","100.151179","0.699178","1.759273","3.638525","1000","THB","Registered","-"
"TOLC269A","3.26","15-Sep-2026","0.789041","Straight","Fixed","","AAA(tha)","17-Nov-25","1.640000","-","-","-","-","1.567025","30.523409","1.567025","-","101.327453","0.687726","0.770938","0.980670","1000","THB","Registered","-"
"TOLC281A","2.74","28-Jan-2028","2.158904","Straight","Fixed","","AAA(tha)","20-Nov-25","1.660000","-","-","-","-","1.573727","31.355091","1.573727","-","102.453628","0.945863","2.076992","5.437127","1000","THB","Registered","-"
"TOP273A","5.05","23-Mar-2027","1.306849","Straight","Fixed","","A+(tha)","12-Nov-25","1.970000","28-Feb-13","4.513731","4.850000","4.513731","1.923617","66.959551","1.923617","-","104.033634","0.954658","1.258990","2.236564","1000","THB","Registered","-"
"TOP27NA","3.64","11-Nov-2027","1.945205","Straight","Fixed","","A+(tha)","11-Nov-25","2.175000","-","-","-","-","2.028232","76.989294","2.028232","-","103.066666","0.199452","1.870076","4.479841","1000","THB","Registered","-"
"TOP285A","3.32","03-May-2028","2.421918","Straight","Fixed","","A+(tha)","27-Aug-25","1.900000","-","-","-","-","2.124614","86.243758","2.124614","-","102.816757","0.254685","2.315597","6.617915","1000","THB","Registered","-"
"TOP29NA","4.13","11-Nov-2029","3.947945","Straight","Fixed","","A+(tha)","03-Feb-25","3.050000","-","-","-","-","2.303014","97.473634","2.303014","-","106.861393","0.226301","3.637951","15.608956","1000","THB","Registered","-"
"TOP32NA","4.49","11-Nov-2032","6.950685","Straight","Fixed","","A+(tha)","27-Oct-25","2.545000","-","-","-","-","2.548595","98.265072","2.548595","-","112.296456","0.246027","6.010600","42.182458","1000","THB","Registered","-"
"TOP335A","3.84","03-May-2033","7.424658","Straight","Fixed","","A+(tha)","29-Jul-25","2.630000","-","-","-","-","2.768939","117.849760","2.768939","-","107.152886","0.294575","6.455123","48.287441","1000","THB","Registered","-"
"TOP34NA","4.79","11-Nov-2034","8.950685","Straight","Fixed","","A+(tha)","23-May-25","3.080000","-","-","-","-","2.817238","117.117103","2.817238","-","115.514678","0.262466","7.383984","64.517382","1000","THB","Registered","-"
"TOP37NA","5.09","11-Nov-2037","11.953425","Straight","Fixed","","A+(tha)","25-Jan-24","4.200000","-","-","-","-","3.031962","118.924867","3.031962","-","120.508471","0.278904","9.222941","103.313937","1000","THB","Registered","-"
"TOP385A","4.24","03-May-2038","12.427397","Straight","Fixed","","A+(tha)","10-Nov-25","3.100000","-","-","-","-","3.051757","116.669055","3.051757","-","112.221577","0.325260","9.776639","114.714128","1000","THB","Registered","-"
"TPIPL264A","3.55","08-Apr-2026","0.350685","Straight","Fixed","BBB","","22-Oct-24","3.350000","-","-","-","-","2.978827","179.046075","2.978827","-","100.192359","0.525205","0.349312","0.209238","1000","THB","Registered","-"
"TPIPL269A","3.7","08-Sep-2026","0.769863","Straight","Fixed","BBB","","05-Nov-24","3.110000","-","-","-","-","3.251689","204.996665","3.251689","-","100.333566","0.547397","0.756369","0.765395","1000","THB","Registered","-"
"TPIPL26NA","4.25","15-Nov-2026","0.956164","Straight","Fixed","BBB","","24-Jan-25","3.000000","-","-","-","-","3.326737","211.395796","3.326737","-","100.857848","0.186301","0.934866","1.114479","1000","THB","Registered","-"
"TPIPL272A","4.32","15-Feb-2027","1.208219","Straight","Fixed","BBB","","12-Dec-24","3.210000","-","-","-","-","3.506042","228.983044","3.506042","-","100.949261","0.189370","1.171676","1.681940","1000","THB","Registered","-"
"TPIPL274A","4.1","15-Apr-2027","1.369863","Straight","Fixed","BBB","","26-Aug-25","2.700000","-","-","-","-","3.671530","246.852677","3.671530","-","100.573098","-0.157260","1.331828","2.125864","1000","THB","Registered","-"
"TPIPL276A","4.1","30-Jun-2027","1.578082","Straight","Fixed","BBB","","29-Jan-24","3.940000","-","-","-","-","3.824069","261.929298","3.824069","-","100.422721","0.696438","1.512763","2.716167","1000","THB","Registered","-"
"TPIPL27NA","4.5","15-Nov-2027","1.956164","Straight","Fixed","BBB","","14-Jan-25","3.590000","-","-","-","-","3.826858","262.228682","3.826858","-","101.254175","0.197260","1.864810","4.026905","1000","THB","Registered","-"
"TPIPL283A","3.9","30-Mar-2028","2.328767","Straight","Fixed","BBB","","24-Jul-25","3.060000","-","-","-","-","3.989443","278.153924","3.989443","-","99.803597","0.662466","2.201478","5.546234","1000","THB","Registered","-"
"TPIPL286A","4.4","15-Jun-2028","2.539726","Straight","Fixed","BBB","","14-May-24","4.227500","-","-","-","-","4.039914","282.661430","4.039914","-","100.865559","-0.168767","2.395864","6.504414","1000","THB","Registered","-"
"TPIPL28OA","4.3","30-Oct-2028","2.915068","Straight","Fixed","BBB","","-","-","-","-","-","-","4.260279","304.761700","4.260279","-","100.098206","0.376986","2.716159","8.342167","1000","THB","Registered","-"
"TPIPL293A","3.85","08-Mar-2029","3.268493","Straight","Fixed","BBB","","14-Feb-25","3.770000","-","-","-","-","4.323244","309.991335","4.323244","-","98.557940","0.242603","3.042593","10.375924","1000","THB","Registered","-"
"TPIPL29NA","4","08-Nov-2029","3.939726","Straight","Fixed","BBB","","27-May-25","3.710000","-","-","-","-","4.580645","332.247621","4.580645","-","97.908876","0.252055","3.610135","14.581158","1000","THB","Registered","-"
"TPIPL304A","4","02-Apr-2030","4.336986","Straight","Fixed","BBB","","03-Jul-25","3.750000","-","-","-","-","4.758062","349.680577","4.758062","-","97.035143","0.657534","3.924478","17.301548","1000","THB","Registered","-"
"TPIPL305A","3.9","27-May-2030","4.487671","Straight","Fixed","BBB","","22-Jul-25","3.700000","-","-","-","-","4.853365","359.161071","4.853365","-","96.165365","0.042740","4.081847","18.585200","1000","THB","Registered","-"
"TPIPP262A","3.55","12-Feb-2026","0.200000","Straight","Fixed","BBB","","26-Aug-25","2.810000","-","-","-","-","3.283055","207.333862","3.283055","-","100.045123","0.184795","0.198372","0.088541","1000","THB","Registered","-"
"TPIPP267A","4.15","18-Jul-2026","0.627397","Straight","Fixed","BBB","","22-Oct-24","3.850000","-","-","-","-","3.431976","224.292101","3.431976","-","100.437034","0.500274","0.618547","0.539002","1000","THB","Registered","-"
"TPIPP278A","4.1","11-Aug-2027","1.693151","Straight","Fixed","BBB","","31-Oct-25","3.850000","-","-","-","-","3.840773","264.256244","3.840773","-","100.414735","0.224658","1.629379","3.111459","1000","THB","Registered","-"
"TPIPP281A","4.6","18-Jan-2028","2.131507","Straight","Fixed","BBB","","31-Oct-25","3.950000","-","-","-","-","3.881114","267.241103","3.881114","-","101.453004","0.554521","2.013255","4.680193","1000","THB","Registered","-"
"TPIPP288A","4.1","13-Aug-2028","2.701370","Straight","Fixed","BBB","","10-Jul-24","4.100000","-","-","-","-","4.083675","287.312074","4.083675","-","100.032352","0.202192","2.541483","7.304180","1000","THB","Registered","-"
"TPIPP28NA","4.2","26-Nov-2028","2.989041","Straight","Fixed","BBB","","-","-","-","-","-","-","4.254319","303.559031","4.254319","-","99.851312","0.759452","2.770629","8.699781","1000","THB","Registered","-"
"TPIPP291A","4","05-Jan-2029","3.098630","Straight","Fixed","BBB","","25-Nov-24","3.900000","-","-","-","-","4.257066","303.671361","4.257066","-","99.248581","0.624658","2.878118","9.347048","1000","THB","Registered","-"
"TPIPP297A","4","26-Jul-2029","3.652055","Straight","Fixed","BBB","","-","-","-","-","-","-","4.329222","308.709804","4.329222","-","98.883533","0.394521","3.366130","12.702654","1000","THB","Registered","-"
"TPOLY26NA","6.5","09-Nov-2026","0.939726","Straight","Fixed","","","-","-","-","-","-","-","7.523661","649.516912","7.523661","-","98.999745","0.391781","0.900964","1.045746","1000","THB","Registered","-"
"TPRIME271A","2.74","16-Jan-2027","1.126027","Straight","Fixed","BBB+","","-","-","-","-","-","-","3.722068","249.407958","3.722068","-","98.913122","1.035945","1.085486","1.727084","1000","THB","Registered","-"
"TREIT286A","4.06","28-Jun-2028","2.575342","Straight","Fixed","A","","05-Apr-23","3.640000","-","-","-","-","2.094183","83.046834","2.094183","-","104.894175","1.735233","2.408147","7.224987","1000","THB","Registered","-"
"TREIT28DA","4.19","19-Dec-2028","3.052055","Straight","Fixed","A","","26-Feb-20","2.772000","-","-","-","-","2.110296","83.550292","2.110296","-","106.104061","1.894110","2.819595","9.732576","1000","THB","Registered","-"
"TRITN26DA","6","12-Dec-2026","1.030137","Straight","Fixed","","","-","-","-","-","-","-","5.306430","415.085946","5.306430","-","100.692178","-0.180822","0.995071","1.247673","1000","THB","Registered","-"
"TRUBB286A","3.5","30-Jun-2028","2.580822","Straight","Fixed","","","-","-","-","-","-","-","3.368747","213.610281","3.368747","-","100.324569","0.594521","2.442909","6.761201","1000","THB","Registered","-"
"TRUE261A","4.4","15-Jan-2026","0.123288","Straight","Fixed","A+","","30-May-24","3.300000","-","-","-","-","1.840248","60.065824","1.840248","-","100.304834","0.566575","0.122723","0.045601","1000","THB","Registered","-"
"TRUE261B","3.6","20-Jan-2026","0.136986","Straight","Fixed","A+","","17-Mar-25","2.700000","-","-","-","-","1.835250","59.604459","1.835250","-","100.232984","0.414247","0.136361","0.052529","1000","THB","Registered","-"
"TRUE262A","4.2","13-Feb-2026","0.202740","Straight","Fixed","A+","","09-Oct-25","1.850000","-","-","-","-","1.847636","61.016102","1.847636","-","100.465931","0.207123","0.201808","0.090946","1000","THB","Registered","-"
"TRUE263A","3.55","18-Mar-2026","0.293151","Straight","Fixed","A+","","-","-","-","-","-","-","2.133378","92.510737","2.133378","-","100.419773","0.719726","0.292822","0.159099","1000","THB","Registered","-"
"TRUE265A","3.74","07-May-2026","0.430137","Straight","Fixed","A+","","14-Oct-25","1.850000","-","-","-","-","1.846770","63.333802","1.846770","-","100.812720","0.245918","0.432002","0.294695","1000","THB","Registered","-"
"TRUE266A","3.59","08-Jun-2026","0.517808","Straight","Fixed","A+","","17-Nov-25","1.870000","-","-","-","-","1.859193","62.291481","1.859193","-","100.892384","-0.068849","0.514572","0.393376","1000","THB","Registered","-"
"TRUE267A","3.6","25-Jul-2026","0.646575","Straight","Fixed","A+","","10-Oct-25","1.950000","-","-","-","-","1.974007","74.447126","1.974007","-","101.040746","0.364932","0.640896","0.572877","1000","THB","Registered","-"
"TRUE267B","3.7","31-Jul-2026","0.663014","Straight","Fixed","A+","","10-Oct-25","1.950000","-","-","-","-","1.975078","74.498135","1.975078","-","101.132285","0.314247","0.657074","0.597971","1000","THB","Registered","-"
"TRUE268A","4.25","16-Aug-2026","0.706849","Straight","Fixed","A+","","08-Nov-23","4.170000","-","-","-","-","2.748610","153.529482","2.748610","-","101.044272","0.174658","0.698351","0.664242","1000","THB","Registered","-"
"TRUE26OA","4.05","15-Oct-2026","0.871233","Straight","Fixed","A+","","23-Jul-25","2.540000","-","-","-","-","2.286579","105.071520","2.286579","-","101.511359","0.521507","0.853621","0.949184","1000","THB","Registered","-"
"TRUE26NA","4.5","11-Nov-2026","0.945205","Straight","Fixed","A+","","16-Sep-25","2.500000","-","-","-","-","2.338160","110.209762","2.338160","-","102.009690","0.246575","0.925487","1.095737","1000","THB","Registered","-"
"TRUE26NB","4.35","10-Nov-2026","0.942466","Straight","Fixed","A+","","-","-","-","-","-","-","2.787351","156.106517","2.787351","-","101.442119","0.250274","0.922213","1.088337","1000","THB","Registered","-"
"TRUE26NC","3.51","28-Nov-2026","0.991781","Straight","Fixed","A+","","21-Nov-24","3.300000","-","-","-","-","2.350955","111.451711","2.350955","-","101.127980","0.028849","0.975216","1.200703","1000","THB","Registered","-"
"TRUE26ND","2.95","26-Nov-2026","0.986301","Straight","Fixed","A+","","-","-","-","-","-","-","2.353225","111.684889","2.353225","-","100.575174","0.040411","0.971748","1.191982","1000","THB","Registered","-"
"TRUE272A","4.55","13-Feb-2027","1.202740","Straight","Fixed","A+","","01-Oct-25","2.490000","-","-","-","-","2.429373","118.892340","2.429373","-","102.496290","0.224384","1.168261","1.674727","1000","THB","Registered","-"
"TRUE272B","3.75","07-Feb-2027","1.186301","Straight","Fixed","A+","","-","-","-","-","-","-","2.424745","118.418262","2.424745","-","101.536901","0.246575","1.156505","1.641293","1000","THB","Registered","-"
"TRUE272C","3.45","28-Feb-2027","1.243836","Straight","Fixed","A+","","18-Mar-25","3.092500","-","-","-","-","2.439515","120.574094","2.439515","-","101.246048","0.009452","1.215382","1.794341","1000","THB","Registered","-"
"TRUE273A","4","18-Mar-2027","1.293151","Straight","Fixed","A+","","-","-","-","-","-","-","3.021748","180.114000","3.021748","-","101.241436","0.810959","1.250797","1.906456","1000","THB","Registered","-"
"TRUE273B","0","19-Mar-2027","1.295890","Straight","Fixed","","","26-Jul-24","3.610000","-","-","-","-","2.448465","120.022502","2.448465","-","96.895532","0.000000","1.280218","2.271324","1000","THB","Registered","-"
"TRUE274A","3.85","30-Apr-2027","1.410959","Straight","Fixed","A+","","-","-","-","-","-","-","2.434937","120.475539","2.434937","-","101.956685","0.326986","1.373897","2.259442","1000","THB","Registered","-"
"TRUE278A","4.9","16-Aug-2027","1.706849","Straight","Fixed","A+","","24-Jul-25","3.850000","-","-","-","-","3.175472","195.781226","3.175472","-","102.850133","0.201370","1.636779","3.146842","1000","THB","Registered","-"
"TRUE278B","3.7","28-Aug-2027","1.739726","Straight","Fixed","A+","","20-Jun-25","2.800000","-","-","-","-","2.452036","121.691165","2.452036","-","102.116336","0.030411","1.686714","3.312171","1000","THB","Registered","-"
"TRUE27OA","4.25","20-Oct-2027","1.884932","Straight","Fixed","A+","","13-Nov-25","2.550000","-","-","-","-","2.453518","121.495981","2.453518","-","103.293237","0.489041","1.805352","3.790412","1000","THB","Registered","-"
"TRUE27NA","4.9","10-Nov-2027","1.942466","Straight","Fixed","A+","","30-May-24","4.760000","-","-","-","-","3.237682","201.676352","3.237682","-","103.109622","0.281918","1.848451","3.968943","1000","THB","Registered","-"
"TRUE27NB","3.65","30-Nov-2027","1.997260","Straight","Fixed","A+","","25-Nov-25","2.490000","-","-","-","-","2.489459","124.845387","2.489459","-","102.263048","0.010000","1.920566","4.238014","1000","THB","Registered","-"
"TRUE27NC","3.4","26-Nov-2027","1.986301","Straight","Fixed","A+","","25-Nov-25","2.490000","-","-","-","-","2.489379","125.100483","2.489379","-","101.754115","0.046575","1.919024","4.227303","1000","THB","Registered","-"
"TRUE27DA","4.25","18-Dec-2027","2.046575","Straight","Fixed","A+","","12-Jan-24","4.160000","-","-","-","-","3.277364","205.305678","3.277364","-","101.919951","0.861644","1.939528","4.362292","1000","THB","Registered","-"
"TRUE282A","3.35","11-Feb-2028","2.197260","Straight","Fixed","A+","","27-Nov-25","2.560000","-","-","-","-","2.558794","131.666475","2.558794","-","101.677954","0.183562","2.111210","5.078372","1000","THB","Registered","-"
"TRUE285A","3","08-May-2028","2.435616","Straight","Fixed","A+","","13-Nov-25","2.600000","-","-","-","-","2.567834","131.008821","2.567834","-","101.024168","0.189041","2.330590","6.683328","1000","THB","Registered","-"
"TRUE287A","4.1","25-Jul-2028","2.649315","Straight","Fixed","A+","","10-Nov-25","2.674000","-","-","-","-","2.603990","135.603744","2.603990","-","103.810475","0.415616","2.502280","7.095184","1000","THB","Registered","-"
"TRUE28OA","4.6","15-Oct-2028","2.873973","Straight","Fixed","A+","","24-Sep-25","2.910000","-","-","-","-","2.660091","140.677123","2.660091","-","105.338727","0.592329","2.680792","8.154734","1000","THB","Registered","-"
"TRUE28NA","4.1","07-Nov-2028","2.936986","Straight","Fixed","A+","","-","-","-","-","-","-","2.657250","140.236369","2.657250","-","104.053266","0.269589","2.760143","8.579657","1000","THB","Registered","-"
"TRUE294A","4.2","30-Apr-2029","3.413699","Straight","Fixed","A+","","17-Oct-25","2.850000","-","-","-","-","2.668610","140.198987","2.668610","-","104.976174","0.356712","3.176037","11.320058","1000","THB","Registered","-"
"TRUE295A","3.3","08-May-2029","3.435616","Straight","Fixed","A+","","23-May-25","3.345000","-","-","-","-","2.660864","137.849570","2.660864","-","102.095938","0.207945","3.226149","12.321785","1000","THB","Registered","-"
"TRUE298A","4","28-Aug-2029","3.742466","Straight","Fixed","A+","","17-Jun-25","3.285000","-","-","-","-","2.708618","141.432075","2.708618","-","104.574639","0.032877","3.478113","13.485117","1000","THB","Registered","-"
"TRUE298B","3.2","05-Aug-2029","3.679452","Straight","Fixed","A+","","14-Nov-25","2.807500","-","-","-","-","2.672594","137.354631","2.672594","-","101.821598","1.034521","3.423954","13.887482","1000","THB","Registered","-"
"TRUE29NA","4","30-Nov-2029","4.000000","Straight","Fixed","A+","","29-Oct-25","3.180000","-","-","-","-","2.824933","151.392265","2.824933","-","104.436842","0.010959","3.691630","15.179049","1000","THB","Registered","-"
"TRUE29NB","3.7","26-Nov-2029","3.989041","Straight","Fixed","A+","","18-Nov-25","2.870000","-","-","-","-","2.818505","150.883685","2.818505","-","103.306546","0.050685","3.704075","15.237515","1000","THB","Registered","-"
"TRUE29NC","2.8","04-Nov-2029","3.928767","Straight","Fixed","A+","","-","-","-","-","-","-","2.780008","145.650550","2.780008","-","100.084035","0.207123","3.682766","15.805405","1000","THB","Registered","-"
"TRUE302A","3.6","11-Feb-2030","4.200000","Straight","Fixed","A+","","10-Jun-25","3.300000","-","-","-","-","2.899533","158.527356","2.899533","-","102.750852","0.197260","3.883930","16.749289","1000","THB","Registered","-"
"TRUE305A","3.5","08-May-2030","4.435616","Straight","Fixed","A+","","02-Sep-25","2.990000","-","-","-","-","2.921352","158.788818","2.921352","-","102.402534","0.220548","4.080126","19.389459","1000","THB","Registered","-"
"TRUE308A","3.4","05-Aug-2030","4.679452","Straight","Fixed","A+","","20-Nov-25","2.990000","-","-","-","-","2.941235","159.666934","2.941235","-","101.975662","1.099178","4.262906","21.255083","1000","THB","Registered","-"
"TRUE309A","4.35","08-Sep-2030","4.772603","Straight","Fixed","A+","","15-Aug-25","3.155000","-","-","-","-","2.947572","160.623741","2.947572","-","106.218609","-0.083425","4.320258","20.846752","1000","THB","Registered","-"
"TRUE30NA","4.35","07-Nov-2030","4.936986","Straight","Fixed","A+","","09-Jul-24","4.235000","-","-","-","-","2.961460","161.027993","2.961460","-","106.345279","0.286027","4.442227","22.120526","1000","THB","Registered","-"
"TRUE30NB","3.05","04-Nov-2030","4.928767","Straight","Fixed","A+","","-","-","-","-","-","-","2.974778","160.693854","2.974778","-","100.353105","0.225616","4.530442","23.662621","1000","THB","Registered","-"
"TRUE31NA","3.86","26-Nov-2031","5.989041","Straight","Fixed","A+","","08-May-25","3.550000","-","-","-","-","3.029725","161.416290","3.029725","-","104.523306","0.052877","5.349205","31.931360","1000","THB","Registered","-"
"TRUE322A","3.85","11-Feb-2032","6.200000","Straight","Fixed","A+","","-","-","-","-","-","-","3.054676","161.158289","3.054676","-","104.466377","0.210959","5.507927","33.934060","1000","THB","Registered","-"
"TRUE325A","3.7","08-May-2032","6.438356","Straight","Fixed","A+","","10-Nov-25","3.250000","-","-","-","-","3.127686","161.730571","3.127686","-","103.325116","0.233151","5.693779","37.479598","1000","THB","Registered","-"
"TRUE328A","3.5","05-Aug-2032","6.682192","Straight","Fixed","A+","","24-Oct-25","3.350000","-","-","-","-","3.159588","161.975265","3.159588","-","102.018278","1.131507","5.866343","39.998521","1000","THB","Registered","-"
"TRUE329A","4.51","08-Sep-2032","6.775342","Straight","Fixed","A+","","-","-","-","-","-","-","3.645911","212.746000","3.645911","-","105.162987","-0.086493","5.849963","38.764432","1000","THB","Registered","-"
"TRUE32NA","3.3","04-Nov-2032","6.931507","Straight","Fixed","A+","","26-Nov-25","3.180000","-","-","-","-","3.181213","161.808407","3.181213","-","100.744652","0.244110","6.134796","43.252884","1000","THB","Registered","-"
"TRUE337A","4.5","25-Jul-2033","7.652055","Straight","Fixed","A+","","14-Oct-25","3.600000","-","-","-","-","3.657913","209.415176","3.657913","-","105.586961","0.456164","6.465968","47.912230","1000","THB","Registered","-"
"TRUE33NA","4.6","07-Nov-2033","7.939726","Straight","Fixed","A+","","-","-","-","-","-","-","3.683335","210.585408","3.683335","-","106.272761","0.302466","6.659690","50.962890","1000","THB","Registered","-"
"TRUE341A","4.6","31-Jan-2034","8.172603","Straight","Fixed","A+","","08-Apr-25","3.610000","-","-","-","-","3.705479","211.717711","3.705479","-","106.268275","0.390685","6.814904","53.521931","1000","THB","Registered","-"
"TRUE345A","4.3","28-May-2034","8.493151","Straight","Fixed","A+","","07-Jun-24","4.298823","-","-","-","-","3.734291","213.477707","3.734291","-","104.092363","0.035342","7.124420","58.177231","1000","THB","Registered","-"
"TRUE348A","4.2","30-Aug-2034","8.750685","Straight","Fixed","A+","","12-Nov-25","3.750000","-","-","-","-","3.723862","211.436971","3.723862","-","103.553770","0.011507","7.322191","61.468179","1000","THB","Registered","-"
"TRUE34NA","4","26-Nov-2034","8.991781","Straight","Fixed","A+","","30-Sep-25","3.560000","-","-","-","-","3.818337","220.482072","3.818337","-","101.368204","0.054795","7.530364","64.953368","1000","THB","Registered","-"
"TRUE352A","4","11-Feb-2035","9.202740","Straight","Fixed","A+","","24-Sep-25","3.500000","-","-","-","-","3.811040","219.189119","3.811040","-","101.451202","0.219178","7.664265","67.507105","1000","THB","Registered","-"
"TRUE355A","3.85","08-May-2035","9.438356","Straight","Fixed","A+","","12-Sep-25","3.505000","-","-","-","-","3.855719","221.125404","3.855719","-","99.968823","0.242603","7.827261","71.949747","1000","THB","Registered","-"
"TRUE358A","3.7","05-Aug-2035","9.682192","Straight","Fixed","A+","","-","-","-","-","-","-","3.904904","225.695901","3.904904","-","98.341983","1.196164","7.958120","74.970587","1000","THB","Registered","-"
"TRUE35NA","3.5","04-Nov-2035","9.931507","Straight","Fixed","A+","","-","-","-","-","-","-","3.533096","186.621746","3.533096","-","99.737396","0.258904","8.295895","80.326439","1000","THB","Registered","-"
"TSCL273A","7.25","01-Mar-2027","1.246575","Straight","Fixed","","","-","-","-","-","-","-","6.373402","528.254815","6.373402","-","101.067141","0.000000","1.184252","1.723786","1000","THB","Registered","-"
"TSE261A","5","18-Jan-2026","0.131507","Straight","Fixed","BBB-","","-","-","-","-","-","-","4.548498","337.461963","4.548498","-","100.046829","0.602740","0.130028","0.049049","1000","THB","Registered","-"
"TTA262A","4.6","02-Feb-2026","0.172603","Straight","Fixed","BBB","","-","-","-","-","-","-","3.757641","256.003396","3.757641","-","100.133649","0.365479","0.170996","0.071591","1000","THB","Registered","-"
"TTA265A","5.1","11-May-2026","0.441096","Straight","Fixed","BBB","","-","-","-","-","-","-","3.797700","265.308204","3.797700","-","100.563365","0.279452","0.439946","0.303264","1000","THB","Registered","-"
"TTA26OA","4.4","19-Oct-2026","0.882192","Straight","Fixed","BBB","","31-Oct-25","3.890000","-","-","-","-","3.887760","269.306743","3.887760","-","100.432773","0.518356","0.859735","0.961017","1000","THB","Registered","-"
"TTA274A","4.4","30-Apr-2027","1.410959","Straight","Fixed","BBB","","-","-","-","-","-","-","3.949864","275.540825","3.949864","-","100.605997","0.385753","1.360889","2.223493","1000","THB","Registered","-"
"TTA278A","5.2","02-Aug-2027","1.668493","Straight","Fixed","BBB","","31-Oct-25","4.110000","-","-","-","-","4.054202","286.319833","4.054202","-","101.831829","0.413151","1.591283","2.991417","1000","THB","Registered","-"
"TTA281A","4.9","19-Jan-2028","2.134247","Straight","Fixed","BBB","","-","-","-","-","-","-","4.161080","296.093619","4.161080","-","101.489939","0.577260","2.008476","4.666710","1000","THB","Registered","-"
"TTB349A","3.55","28-Sep-2034","8.830137","Straight","Fixed","","A(tha)","22-Oct-24","3.530000","-","-","-","-","3.087316","145.321011","3.087316","-","103.563613","0.622466","7.536403","64.501250","1000","THB","Registered","-"
"TTW272A","2.41","20-Feb-2027","1.221918","Straight","Fixed","AA-","","20-Oct-21","2.150000","-","-","-","-","1.560052","30.316172","1.560052","-","101.013717","0.680082","1.194930","2.034902","1000","THB","Registered","-"
"TTW288A","2","29-Aug-2028","2.745205","Straight","Fixed","AA-","","19-Sep-25","1.600000","-","-","-","-","1.593015","32.136640","1.593015","-","101.084681","0.515068","2.649965","8.463354","1000","THB","Registered","-"
"TTW288B","0","29-Aug-2028","2.745205","Straight","Fixed","AA-","","21-Nov-25","1.660000","-","-","-","-","1.584912","31.288352","1.584912","-","95.760876","0.000000","2.722263","8.761145","1000","THB","Registered","-"
"TTW308A","2.3","29-Aug-2030","4.745205","Straight","Fixed","AA-","","21-Nov-25","2.115000","-","-","-","-","2.082918","71.982132","2.082918","-","100.971094","0.592329","4.450842","22.723981","1000","THB","Registered","-"
"TU26NA","2.78","06-Nov-2026","0.931507","Straight","Fixed","A+","","27-Nov-25","1.600000","-","-","-","-","1.601889","33.931231","1.601889","-","101.090950","0.190411","0.913267","1.290370","1000","THB","Registered","-"
"TU26NB","2.17","10-Nov-2026","0.942466","Straight","Fixed","A+","","06-Nov-25","1.680000","-","-","-","-","1.616335","35.376488","1.616335","-","100.522005","0.124849","0.925524","1.318252","1000","THB","Registered","-"
"TU271A","3.94","19-Jan-2027","1.134247","Straight","Fixed","A+","","03-Jul-25","1.945000","-","-","-","-","1.644991","39.249670","1.644991","-","102.565134","0.464164","1.105948","1.515607","1000","THB","Registered","-"
"TU287A","2.37","20-Jul-2028","2.635616","Straight","Fixed","A+","","24-Oct-25","1.740000","-","-","-","-","1.707125","44.039008","1.707125","-","101.787422","0.870082","2.529754","7.801221","1000","THB","Registered","-"
"TU299A","1.7","12-Sep-2029","3.783562","Straight","Fixed","A+","","25-Nov-25","1.770000","-","-","-","-","1.805361","48.149802","1.805361","-","99.623054","0.372603","3.627647","15.231280","1000","THB","Registered","-"
"TU29NA","3","06-Nov-2029","3.934247","Straight","Fixed","A+","","07-Nov-25","1.855000","-","-","-","-","1.819986","48.705399","1.819986","-","104.464602","0.205479","3.698211","15.954303","1000","THB","Registered","-"
"TU31NA","3.26","10-Nov-2031","5.945205","Straight","Fixed","A+","","20-Oct-25","2.200000","-","-","-","-","2.171932","73.207181","2.171932","-","106.409333","0.187562","5.391329","33.342509","1000","THB","Registered","-"
"TU329A","2.2","12-Sep-2032","6.786301","Straight","Fixed","A+","","14-Nov-25","2.540000","-","-","-","-","2.454864","88.542579","2.454864","-","98.425167","0.482192","6.221311","43.685611","1000","THB","Registered","-"
"TU359A","2.46","12-Sep-2035","9.786301","Straight","Fixed","A+","","20-Oct-25","2.660000","-","-","-","-","2.659044","97.463602","2.659044","-","98.304384","0.539178","8.576569","83.660497","1000","THB","Registered","-"
"TUC262A","4","24-Feb-2026","0.232877","Straight","Fixed","A+","","-","-","-","-","-","-","2.149046","91.639535","2.149046","-","100.420430","0.076712","0.231632","0.111252","1000","THB","Registered","-"
"TUC262B","4.1","16-Feb-2026","0.210959","Straight","Fixed","A+","","30-Jan-25","3.290000","-","-","-","-","2.145869","91.299005","2.145869","-","100.401427","0.168493","0.209833","0.096208","1000","THB","Registered","-"
"TUC262C","4.1","16-Feb-2026","0.210959","Straight","Fixed","A+","","28-Apr-25","2.855000","-","-","-","-","2.147816","91.496944","2.147816","-","100.401016","0.168493","0.209832","0.096207","1000","THB","Registered","-"
"TUC265A","3.75","19-May-2026","0.463014","Straight","Fixed","A+","","21-Feb-24","3.540000","-","-","-","-","2.168209","96.148334","2.168209","-","100.728416","0.123288","0.464348","0.331647","1000","THB","Registered","-"
"TUC26DA","5.5","02-Dec-2026","1.002740","Straight","Fixed","A+","","06-Jun-25","4.700000","-","-","-","-","4.249748","306.064043","4.249748","-","100.207073","1.356164","0.002711","0.000678","1000","THB","Registered","-"
"TUC27NA","4.5","06-Nov-2027","1.931507","Straight","Fixed","A+","","25-Aug-25","2.200000","-","-","-","-","2.330462","107.480621","2.330462","-","104.082802","0.308219","1.842396","4.373689","1000","THB","Registered","-"
"TUC282A","4.9","16-Feb-2028","2.210959","Straight","Fixed","A+","","12-Sep-23","4.700000","-","-","-","-","4.428420","323.594517","4.428420","-","100.977074","0.201370","2.082657","4.988532","1000","THB","Registered","-"
"TURBO265A","5.4","07-May-2026","0.430137","Straight","Fixed","","","-","-","-","-","-","-","4.472738","333.224161","4.472738","-","100.400128","1.020822","0.422266","0.284670","1000","THB","Registered","-"
"TURBO266A","5.4","12-Jun-2026","0.528767","Straight","Fixed","","","-","-","-","-","-","-","4.309457","315.390682","4.309457","-","100.573781","1.050411","0.517310","0.399094","1000","THB","Registered","-"
"TURBO26NA","5.1","03-Nov-2026","0.923288","Straight","Fixed","","","-","-","-","-","-","-","4.399270","320.756102","4.399270","-","100.631907","-0.041918","0.897255","1.034526","1000","THB","Registered","-"
"TURBO276A","5.8","11-Jun-2027","1.526027","Straight","Fixed","","","-","-","-","-","-","-","4.709556","354.090087","4.709556","-","101.603306","1.128219","1.442059","2.504647","1000","THB","Registered","-"
"TURBO276B","5.5","11-Jun-2027","1.526027","Straight","Fixed","","","-","-","-","-","-","-","4.997833","384.049361","4.997833","-","100.738037","1.069863","1.444118","2.507930","1000","THB","Registered","-"
"TURBO27NA","5.65","03-Nov-2027","1.923288","Straight","Fixed","","","-","-","-","-","-","-","4.948621","377.559596","4.948621","-","101.280861","-0.046438","1.814005","3.831901","1000","THB","Registered","-"
"TURBO286A","5.9","11-Jun-2028","2.528767","Straight","Fixed","","","-","-","-","-","-","-","5.395345","423.463258","5.395345","-","101.188916","1.147671","2.311784","6.198703","1000","THB","Registered","-"
"TWZ26DA","7.5","19-Dec-2026","1.049315","Straight","Fixed","","","-","-","-","-","-","-","6.446500","534.205822","6.446500","-","101.063414","1.500000","0.988541","1.251227","1000","THB","Registered","-"
"UNIQ262A","4.1","22-Feb-2026","0.227397","Straight","Fixed","BB+","","-","-","-","-","-","-","4.778166","361.440503","4.778166","-","99.838601","0.101096","0.224713","0.106011","1000","THB","Registered","-"
"UNIQ267A","4.95","20-Jul-2026","0.632877","Straight","Fixed","BB+","","-","-","-","-","-","-","5.156270","403.500160","5.156270","-","99.859422","0.569589","0.619858","0.540852","1000","THB","Registered","-"
"UNIQ276A","6.5","17-Jun-2027","1.542466","Straight","Fixed","BB+","","-","-","-","-","-","-","6.221183","511.052640","6.221183","-","100.410048","1.335616","1.439920","2.507697","1000","THB","Registered","-"
"UNIQ279A","5.5","05-Sep-2027","1.761644","Straight","Fixed","BB+","","-","-","-","-","-","-","6.280876","516.461333","6.280876","-","98.708285","-0.060274","1.664650","3.250287","1000","THB","Registered","-"
"UNIQ285A","6.5","13-May-2028","2.449315","Straight","Fixed","BB+","","-","-","-","-","-","-","6.386876","528.018904","6.386876","-","100.239621","0.320548","2.244743","5.829796","1000","THB","Registered","-"
"UOBCAP266A","0","26-Jun-2026","0.567123","Straight","Fixed","","AAA(tha)","06-Nov-25","1.530000","-","-","-","-","1.520285","27.448750","1.520285","-","99.142693","0.000000","0.564204","0.598301","1000","THB","Registered","-"
"UOBCAP267A","2.99","20-Jul-2026","0.632877","Straight","Fixed","","AAA(tha)","28-Nov-25","1.545000","-","-","-","-","1.545000","30.441260","1.545000","-","100.898995","1.097699","0.624846","0.704009","1000","THB","Registered","-"
"UOBCAP276A","3","28-Jun-2027","1.572603","Straight","Fixed","","AAA(tha)","-","-","-","-","-","-","1.758063","50.382910","1.758063","-","101.914730","1.282192","1.517338","3.102269","1000","THB","Registered","-"
"UOBT23PA","5.1","23-May-2123","97.536986","Straight","Fixed","","A+(tha)","-","-","-","-","-","-","-","-","-","-","102.295092","-","-","-","1000","THB","Registered","-"
"UOBT326A","4.07","07-Jun-2032","6.520548","Straight","Fixed","","AA(tha)","17-Jan-24","3.952000","-","-","-","-","3.090208","157.976673","3.090208","-","105.763168","-0.066904","5.741854","36.973462","1000","THB","Registered","-"
"UOBT349A","4","19-Sep-2034","8.805479","Straight","Fixed","","AA(tha)","-","-","-","-","-","-","3.194315","156.664442","3.194315","-","106.161111","0.800000","7.393878","62.740142","1000","THB","Registered","-"
"VRANDA272A","6.5","14-Feb-2027","1.205479","Straight","Fixed","","","-","-","-","-","-","-","5.743447","460.640987","5.743447","-","100.860051","0.302740","1.149837","1.632686","1000","THB","Registered","-"
"VSK278A","3.25","08-Aug-2027","1.684932","Straight","Fixed","","AAA(tha)","-","-","-","-","-","-","2.268471","102.327412","2.268471","-","101.601990","1.023973","1.623677","3.490600","1000","THB","Registered","-"
"VSK298A","3.65","08-Aug-2029","3.687671","Straight","Fixed","","AAA(tha)","-","-","-","-","-","-","2.637317","133.732701","2.637317","-","103.519877","1.150000","3.407435","13.818473","1000","THB","Registered","-"
"VSK318A","3.9","08-Aug-2031","5.687671","Straight","Fixed","","AAA(tha)","-","-","-","-","-","-","2.882590","146.871621","2.882590","-","105.284005","1.228767","5.043032","29.762642","1000","THB","Registered","-"
"VSK348A","4.15","08-Aug-2034","8.690411","Straight","Fixed","","AAA(tha)","-","-","-","-","-","-","3.223525","158.886156","3.223525","-","106.951543","1.307534","7.231328","61.857574","1000","THB","Registered","-"
"VTN26NA","0","27-Nov-2026","0.989041","Straight","Fixed","","","-","-","-","-","-","-","3.499636","225.299812","3.499636","-","96.640631","0.000000","0.967993","1.412684","1000","THB","Registered","-"
"WEH267A","6.75","16-Jul-2026","0.621918","Straight","Fixed","","","-","-","-","-","-","-","5.719336","462.625838","5.719336","-","100.612536","0.850685","0.605050","0.520069","1000","THB","Registered","-"
"WEH275A","7.15","01-May-2027","1.413699","Straight","Fixed","","","-","-","-","-","-","-","6.332186","524.981030","6.332186","-","101.084452","0.587671","1.334842","2.163489","1000","THB","Registered","-"
"WEH281A","7.15","20-Jan-2028","2.136986","Straight","Fixed","","","-","-","-","-","-","-","6.968401","588.719802","6.968401","-","100.363014","1.410411","1.939334","4.447065","1000","THB","Registered","-"
"WHA263A","3","28-Mar-2026","0.320548","Straight","Fixed","A-","","22-Oct-25","1.740000","-","-","-","-","1.726722","50.568401","1.726722","-","100.412191","0.526027","0.320733","0.183165","1000","THB","Registered","-"
"WHA264A","3.69","24-Apr-2026","0.394521","Straight","Fixed","A-","","06-Nov-25","1.830000","-","-","-","-","1.818458","59.468018","1.818458","-","100.732320","0.384164","0.393880","0.253724","1000","THB","Registered","-"
"WHA264B","3.5","22-Apr-2026","0.389041","Straight","Fixed","A-","","21-Nov-25","1.815000","-","-","-","-","1.806922","58.321786","1.806922","-","100.652963","0.383562","0.388551","0.248203","1000","THB","Registered","-"
"WHA26OA","3.69","12-Oct-2026","0.863014","Straight","Fixed","","","20-Oct-25","1.910000","-","-","-","-","1.933152","69.093552","1.933152","-","101.495422","0.505479","0.847480","0.936697","1000","THB","Registered","-"
"WHA26NA","0","20-Nov-2026","0.969863","Straight","Fixed","A-","","10-Oct-25","1.940000","-","-","-","-","2.000939","74.008362","2.000939","-","98.095557","0.000000","0.956187","1.387651","1000","THB","Registered","-"
"WHA273A","2.9","30-Mar-2027","1.326027","Straight","Fixed","A-","","03-Oct-25","1.960000","-","-","-","-","2.121482","88.073294","2.121482","-","101.019454","0.492603","1.296028","2.025424","1000","THB","Registered","-"
"WHA279A","3.16","21-Sep-2027","1.805479","Straight","Fixed","A-","","25-Nov-25","2.210000","-","-","-","-","2.208915","96.263790","2.208915","-","101.680002","0.614685","1.741771","3.530238","1000","THB","Registered","-"
"WHA283A","3.35","28-Mar-2028","2.323288","Straight","Fixed","A-","","14-Feb-25","3.007500","-","-","-","-","2.217469","96.744895","2.217469","-","102.560212","0.587397","2.221789","5.622068","1000","THB","Registered","-"
"WHA283B","0","27-Mar-2028","2.320548","Straight","Fixed","A-","","30-Sep-25","2.000000","-","-","-","-","2.222585","96.285423","2.222585","-","95.005907","0.000000","2.292334","6.388363","1000","THB","Registered","-"
"WHA28OA","4.08","12-Oct-2028","2.865753","Straight","Fixed","","","29-Oct-24","3.110000","-","-","-","-","2.276406","101.606541","2.276406","-","104.979686","0.558904","2.693649","8.198629","1000","THB","Registered","-"
"WHA293A","3.48","21-Mar-2029","3.304110","Straight","Fixed","A-","","09-Jul-25","2.460000","-","-","-","-","2.418968","114.933194","2.418968","-","103.362180","0.676932","3.100548","10.764991","1000","THB","Registered","-"
"WHART262A","3","14-Feb-2026","0.205479","Straight","Fixed","A","","-","-","-","-","-","-","1.937946","70.179750","1.937946","-","100.210842","0.139726","0.204489","0.092691","1000","THB","Registered","-"
"WHART265A","2.7","14-May-2026","0.449315","Straight","Fixed","A","","25-Jun-25","2.290000","-","-","-","-","1.990963","78.014874","1.990963","-","100.314905","0.125753","0.451559","0.316647","1000","THB","Registered","-"
"WHART265B","3.11","10-May-2026","0.438356","Straight","Fixed","A","","23-Apr-25","2.485000","-","-","-","-","1.987267","77.723211","1.987267","-","100.488932","0.178932","0.440409","0.303991","1000","THB","Registered","-"
"WHART268A","3.15","09-Aug-2026","0.687671","Straight","Fixed","A","","18-Mar-25","2.690000","-","-","-","-","2.036857","80.709184","2.036857","-","100.755895","0.189863","0.682487","0.637914","1000","THB","Registered","-"
"WHART26DA","2.9","04-Dec-2026","1.008219","Straight","Fixed","A","","-","-","-","-","-","-","2.130171","88.488824","2.130171","-","100.765931","-0.023836","0.992237","1.237349","1000","THB","Registered","-"
"WHART271A","2.85","28-Jan-2027","1.158904","Straight","Fixed","A","","07-Oct-25","2.050000","-","-","-","-","2.150220","90.485432","2.150220","-","100.792540","0.265479","1.135329","1.583971","1000","THB","Registered","-"
"WHART271B","3.42","29-Jan-2027","1.161644","Straight","Fixed","A","","11-Apr-25","2.550000","-","-","-","-","2.151755","90.644576","2.151755","-","101.443587","0.309205","1.134717","1.584794","1000","THB","Registered","-"
"WHART272A","3.2","14-Feb-2027","1.205479","Straight","Fixed","A","","18-Mar-25","2.830000","-","-","-","-","2.153850","90.849516","2.153850","-","101.234695","0.149041","1.179593","1.698901","1000","THB","Registered","-"
"WHART275A","3.3","10-May-2027","1.438356","Straight","Fixed","A","","-","-","-","-","-","-","2.161748","92.537103","2.161748","-","101.607366","0.189863","1.406869","2.355525","1000","THB","Registered","-"
"WHART282A","0","07-Feb-2028","2.186301","Straight","Fixed","A","","21-Aug-25","2.080000","-","-","-","-","2.181550","92.644303","2.181550","-","95.367054","0.000000","2.162711","5.747007","1000","THB","Registered","-"
"WHART288A","2.5","26-Aug-2028","2.736986","Straight","Fixed","A","","24-Sep-25","2.060000","-","-","-","-","2.185184","92.741964","2.185184","-","100.829370","0.034247","2.640537","7.767135","1000","THB","Registered","-"
"WHART288B","3.52","09-Aug-2028","2.690411","Straight","Fixed","A","","-","-","-","-","-","-","2.180467","92.376845","2.180467","-","103.485059","0.212164","2.563476","7.394709","1000","THB","Registered","-"
"WHART288C","0","28-Aug-2028","2.742466","Straight","Fixed","A","","05-Sep-25","2.120000","-","-","-","-","2.199114","93.486784","2.199114","-","94.175441","0.000000","2.713994","8.708000","1000","THB","Registered","-"
"WHART308A","2.65","28-Aug-2030","4.742466","Straight","Fixed","A","","-","-","-","-","-","-","2.803319","146.133735","2.803319","-","99.315687","0.021781","4.440407","21.583217","1000","THB","Registered","-"
"WHAUP266A","3.26","15-Jun-2026","0.536986","Straight","Fixed","A-","","27-Nov-25","1.620000","-","-","-","-","1.620016","37.603172","1.620016","-","100.876073","-0.125041","0.534030","0.550058","1000","THB","Registered","-"
"WHAUP267A","2.75","20-Jul-2026","0.632877","Straight","Fixed","A-","","24-Sep-25","1.780000","-","-","-","-","1.745628","50.801146","1.745628","-","100.620992","1.009589","0.624784","0.703316","1000","THB","Registered","-"
"WHAUP275A","0","12-May-2027","1.443836","Straight","Fixed","A-","","19-Sep-25","1.842500","-","-","-","-","1.920275","66.607595","1.920275","-","97.278386","0.000000","1.430105","2.753451","1000","THB","Registered","-"
"WHAUP276A","3.71","01-Jun-2027","1.498630","Straight","Fixed","A-","","11-Jul-25","2.160000","-","-","-","-","2.029061","77.782054","2.029061","-","102.473934","0.000000","1.457057","2.865431","1000","THB","Registered","-"
"WHAUP277A","3.28","12-Jul-2027","1.610959","Straight","Fixed","A-","","20-Nov-25","2.080000","-","-","-","-","2.023889","77.579565","2.023889","-","101.971095","1.276055","1.552136","3.229361","1000","THB","Registered","-"
"WHAUP27DA","3.5","09-Dec-2027","2.021918","Straight","Fixed","A-","","13-May-25","2.480000","-","-","-","-","2.058190","80.407100","2.058190","-","102.841512","-0.076712","1.951632","4.829794","1000","THB","Registered","-"
"WHAUP285A","0","09-May-2028","2.438356","Straight","Fixed","A-","","11-Nov-25","2.095000","-","-","-","-","1.921597","65.708754","1.921597","-","95.448885","0.000000","2.412438","7.014596","1000","THB","Registered","-"
"WHAUP286A","3.55","15-Jun-2028","2.539726","Straight","Fixed","A-","","10-Mar-25","2.800000","-","-","-","-","2.171814","90.945492","2.171814","-","103.386587","-0.136164","2.427937","7.212719","1000","THB","Registered","-"
"WHAUP297A","3.53","12-Jul-2029","3.613699","Straight","Fixed","A-","","24-Mar-25","2.805000","-","-","-","-","2.452646","115.704293","2.452646","-","103.688940","1.373315","3.345109","13.353516","1000","THB","Registered","-"
"WHAUP302A","3.25","21-Feb-2030","4.227397","Straight","Fixed","A-","","20-Nov-25","2.888000","-","-","-","-","2.834759","150.781685","2.834759","-","101.626162","0.908219","3.895031","17.781532","1000","THB","Registered","-"
"WHAUP305A","2.82","09-May-2030","4.438356","Straight","Fixed","A-","","22-Sep-25","2.640000","-","-","-","-","2.860987","152.579586","2.860987","-","99.840862","0.169973","4.133906","19.744292","1000","THB","Registered","-"
"Commercial Papers"
"AP25D04A","0","04-Dec-2025","0.008219","Straight","Fixed","","","23-Apr-25","2.400000","-","-","-","-","1.499624","25.369659","1.499624","-","99.987676","0.000000","0.008218","0.000135","1000","THB","Registered","-"
"AP25D24A","0","24-Dec-2025","0.063014","Straight","Fixed","","","25-Sep-25","1.490000","-","-","-","-","1.429819","18.470777","1.429819","-","99.909983","0.000000","0.062957","0.007927","1000","THB","Registered","-"
"AP26327A","0","27-Mar-2026","0.317808","Straight","Fixed","","","22-Oct-25","1.470000","-","-","-","-","1.459752","21.638786","1.459752","-","99.538221","0.000000","0.316341","0.200143","1000","THB","Registered","-"
"ASAE25D25A","0","25-Dec-2025","0.065753","Straight","Fixed","","","-","-","-","-","-","-","1.585988","34.316513","1.585988","-","99.895824","0.000000","0.065685","0.008629","1000","THB","Mark-to-Market","-"
"ASAE26105A","0","05-Jan-2026","0.095890","Straight","Fixed","","","-","-","-","-","-","-","1.587721","34.576226","1.587721","-","99.847984","0.000000","0.095745","0.018334","1000","THB","Mark-to-Market","-"
"ASAE26122A","0","22-Jan-2026","0.142466","Straight","Fixed","","","-","-","-","-","-","-","1.585620","34.466685","1.585620","-","99.774613","0.000000","0.142145","0.040410","1000","THB","Mark-to-Market","-"
"ASAE26122B","0","22-Jan-2026","0.142466","Straight","Fixed","","","-","-","-","-","-","-","1.590543","34.965692","1.590543","-","99.773914","0.000000","0.142144","0.040410","1000","THB","Mark-to-Market","-"
"ASAE26214A","0","14-Feb-2026","0.205479","Straight","Fixed","","","-","-","-","-","-","-","1.643466","40.387810","1.643466","-","99.663438","0.000000","0.204788","0.083876","1000","THB","Mark-to-Market","-"
"ASAE26226A","0","26-Feb-2026","0.238356","Straight","Fixed","","","-","-","-","-","-","-","1.643740","40.396876","1.643740","-","99.609733","0.000000","0.237426","0.112742","1000","THB","Mark-to-Market","-"
"ASK25D18A","0","18-Dec-2025","0.046575","Straight","Fixed","","","26-Mar-25","2.800000","-","-","-","-","1.848363","60.926631","1.848363","-","99.913986","0.000000","0.046535","0.004331","1000","THB","Registered","-"
"ASK25D22A","0","22-Dec-2025","0.057534","Straight","Fixed","","","27-Mar-25","2.800000","-","-","-","-","1.849712","61.092191","1.849712","-","99.893691","0.000000","0.057473","0.006606","1000","THB","Registered","-"
"ASK26105A","0","05-Jan-2026","0.095890","Straight","Fixed","","","10-Apr-25","2.800000","-","-","-","-","1.909833","67.297180","1.909833","-","99.817200","0.000000","0.095715","0.018323","1000","THB","Registered","-"
"ASK26106A","0","06-Jan-2026","0.098630","Straight","Fixed","","","11-Apr-25","2.800000","-","-","-","-","1.909801","67.299499","1.909801","-","99.811990","0.000000","0.098445","0.019383","1000","THB","Registered","-"
"ASK26205A","0","05-Feb-2026","0.180822","Straight","Fixed","","","13-May-25","2.630000","-","-","-","-","1.900693","66.474244","1.900693","-","99.657490","0.000000","0.180203","0.064946","1000","THB","Registered","-"
"ASK26206A","0","06-Feb-2026","0.183562","Straight","Fixed","","","14-May-25","2.630000","-","-","-","-","1.896242","66.022940","1.896242","-","99.653130","0.000000","0.182925","0.066923","1000","THB","Registered","-"
"ASK26219A","0","19-Feb-2026","0.219178","Straight","Fixed","","","26-May-25","2.640000","-","-","-","-","1.919166","68.337309","1.919166","-","99.581123","0.000000","0.218260","0.095275","1000","THB","Registered","-"
"ASK26511A","0","11-May-2026","0.441096","Straight","Fixed","","","06-Nov-25","1.600000","-","-","-","-","1.589690","34.373853","1.589690","-","99.303677","0.000000","0.438024","0.383731","1000","THB","Registered","-"
"ASK26527A","0","27-May-2026","0.484932","Straight","Fixed","","","28-Nov-25","1.600000","-","-","-","-","1.600000","35.274419","1.600000","-","99.230083","0.000000","0.481198","0.463103","1000","THB","Registered","-"
"ASP26429A","0","29-Apr-2026","0.408219","Straight","Fixed","","","29-Oct-25","2.170000","-","-","-","-","2.153938","91.528909","2.153938","-","99.128385","0.000000","0.404661","0.327501","1000","THB","Registered","-"
"BANPU25D12A","0","12-Dec-2025","0.030137","Straight","Fixed","","","-","-","-","-","-","-","1.598180","35.445680","1.598180","-","99.951859","0.000000","0.030122","0.001815","1000","THB","Registered","-"
"BANPU25D22A","0","22-Dec-2025","0.057534","Straight","Fixed","","","27-Mar-25","2.600000","-","-","-","-","1.602332","35.951046","1.602332","-","99.907896","0.000000","0.057481","0.006608","1000","THB","Registered","-"
"BANPU26115A","0","15-Jan-2026","0.123288","Straight","Fixed","","","24-Jul-25","1.980000","-","-","-","-","1.598360","35.720546","1.598360","-","99.803329","0.000000","0.123045","0.030280","1000","THB","Registered","-"
"BANPU26119A","0","19-Jan-2026","0.134247","Straight","Fixed","","","24-Apr-25","2.550000","-","-","-","-","1.590659","34.962215","1.590659","-","99.786915","0.000000","0.133961","0.035891","1000","THB","Registered","-"
"BANPU26123A","0","23-Jan-2026","0.145205","Straight","Fixed","","","28-Apr-25","2.590000","-","-","-","-","1.590621","34.978401","1.590621","-","99.769565","0.000000","0.144871","0.041975","1000","THB","Registered","-"
"BANPU26219A","0","19-Feb-2026","0.219178","Straight","Fixed","","","13-Aug-25","1.980000","-","-","-","-","1.588156","34.784049","1.588156","-","99.653118","0.000000","0.218418","0.095413","1000","THB","Registered","-"
"BANPU26410A","0","10-Apr-2026","0.356164","Straight","Fixed","","","14-Jul-25","2.250000","-","-","-","-","1.593761","35.065763","1.593761","-","99.435563","0.000000","0.354154","0.250850","1000","THB","Registered","-"
"BANPU26416A","0","16-Apr-2026","0.372603","Straight","Fixed","","","24-Jul-25","2.200000","-","-","-","-","1.599817","35.624875","1.599817","-","99.407436","0.000000","0.370395","0.274385","1000","THB","Registered","-"
"BANPU26417A","0","17-Apr-2026","0.375342","Straight","Fixed","","","21-Jul-25","2.250000","-","-","-","-","1.596026","35.233047","1.596026","-","99.404511","0.000000","0.373107","0.278418","1000","THB","Registered","-"
"BANPU26505A","0","05-May-2026","0.424658","Straight","Fixed","","","08-Aug-25","2.080000","-","-","-","-","1.603285","35.800478","1.603285","-","99.323757","0.000000","0.421786","0.355807","1000","THB","Registered","-"
"BANPU26601A","0","01-Jun-2026","0.498630","Straight","Fixed","","","19-Sep-25","1.700000","-","-","-","-","1.604715","35.709227","1.604715","-","99.206192","0.000000","0.494672","0.489401","1000","THB","Registered","-"
"BANPU26618A","0","18-Jun-2026","0.545205","Straight","Fixed","","","22-Sep-25","1.670000","-","-","-","-","1.598372","34.927536","1.598372","-","99.136087","0.000000","0.540495","0.584271","1000","THB","Registered","-"
"BANPU26716A","0","16-Jul-2026","0.621918","Straight","Fixed","","","-","-","-","-","-","-","1.604091","35.250873","1.604091","-","99.012241","0.000000","0.615775","0.758357","1000","THB","Registered","-"
"BANPU26723A","0","23-Jul-2026","0.641096","Straight","Fixed","","","27-Oct-25","1.620000","-","-","-","-","1.609349","35.714512","1.609349","-","98.978789","0.000000","0.634549","0.805305","1000","THB","Registered","-"
"BANPU26724A","0","24-Jul-2026","0.643836","Straight","Fixed","","","27-Nov-25","1.580000","-","-","-","-","1.580539","32.808054","1.580539","-","98.992644","0.000000","0.637350","0.812430","1000","THB","Registered","-"
"BANPU26813A","0","13-Aug-2026","0.698630","Straight","Fixed","","","-","-","-","-","-","-","1.627478","37.339068","1.627478","-","98.875777","0.000000","0.690776","0.954343","1000","THB","Registered","-"
"BEWCON26112A","0","12-Jan-2026","0.115068","Straight","Fixed","","","-","-","-","-","-","-","1.703263","46.345838","1.703263","-","99.804391","0.000000","0.114843","0.026378","1000","THB","Mark-to-Market","-"
"BEWCON26114A","0","14-Jan-2026","0.120548","Straight","Fixed","","","-","-","-","-","-","-","1.707035","46.739991","1.707035","-","99.794643","0.000000","0.120300","0.028944","1000","THB","Mark-to-Market","-"
"BEWCON26223A","0","23-Feb-2026","0.230137","Straight","Fixed","","","-","-","-","-","-","-","1.702049","46.310959","1.702049","-","99.609824","0.000000","0.229239","0.105101","1000","THB","Mark-to-Market","-"
"BPP26216A","0","16-Feb-2026","0.210959","Straight","Fixed","","","22-May-25","2.430000","-","-","-","-","1.735950","49.758682","1.735950","-","99.635122","0.000000","0.210189","0.088359","1000","THB","Registered","-"
"BPP26310A","0","10-Mar-2026","0.271233","Straight","Fixed","","","13-Jun-25","2.380000","-","-","-","-","1.734956","49.577312","1.734956","-","99.531627","0.000000","0.269962","0.145759","1000","THB","Registered","-"
"BPP26428A","0","28-Apr-2026","0.405479","Straight","Fixed","","","01-Aug-25","2.130000","-","-","-","-","1.734009","49.066518","1.734009","-","99.301804","0.000000","0.402648","0.324251","1000","THB","Registered","-"
"BPP26430A","0","30-Apr-2026","0.410959","Straight","Fixed","","","04-Aug-25","2.140000","-","-","-","-","1.738307","49.480925","1.738307","-","99.290694","0.000000","0.408044","0.333000","1000","THB","Registered","-"
"BPP26505A","0","05-May-2026","0.424658","Straight","Fixed","","","08-Aug-25","2.080000","-","-","-","-","1.732059","48.800478","1.732059","-","99.269839","0.000000","0.421557","0.355420","1000","THB","Registered","-"
"BPP26716A","0","16-Jul-2026","0.621918","Straight","Fixed","","","22-Oct-25","1.650000","-","-","-","-","1.647618","39.629881","1.647618","-","98.985710","0.000000","0.615610","0.757951","1000","THB","Registered","-"
"BSRC25D16A","0","16-Dec-2025","0.041096","Straight","Fixed","","","16-Oct-25","1.450000","-","-","-","-","1.435009","18.925028","1.435009","-","99.941062","0.000000","0.041072","0.003374","1000","THB","Registered","-"
"BSRC25D18A","0","18-Dec-2025","0.046575","Straight","Fixed","","","21-Oct-25","1.450000","-","-","-","-","1.436634","19.107966","1.436634","-","99.933133","0.000000","0.046544","0.004333","1000","THB","Registered","-"
"BSRC25D24A","0","24-Dec-2025","0.063014","Straight","Fixed","","","30-Oct-25","1.450000","-","-","-","-","1.432409","18.733248","1.432409","-","99.909820","0.000000","0.062957","0.007927","1000","THB","Registered","-"
"BTG26525A","0","25-May-2026","0.479452","Straight","Fixed","","","28-Aug-25","1.580000","-","-","-","-","1.530879","28.323102","1.530879","-","99.271365","0.000000","0.475959","0.453073","1000","THB","Registered","-"
"BTSG25D09A","0","09-Dec-2025","0.021918","Straight","Fixed","","","10-Sep-25","2.680000","-","-","-","-","2.637631","141.528188","2.637631","-","99.942222","0.000000","0.021905","0.000960","1000","THB","Registered","-"
"BTSG25D16A","0","16-Dec-2025","0.041096","Straight","Fixed","","","24-Jun-25","3.030000","-","-","-","-","2.633950","141.166900","2.633950","-","99.891873","0.000000","0.041051","0.003370","1000","THB","Registered","-"
"BTSG25D18A","0","18-Dec-2025","0.046575","Straight","Fixed","","","24-Sep-25","2.650000","-","-","-","-","2.630586","140.826531","2.630586","-","99.877629","0.000000","0.046518","0.004328","1000","THB","Registered","-"
"BTSG25D23A","0","23-Dec-2025","0.060274","Straight","Fixed","","","24-Sep-25","2.650000","-","-","-","-","2.630514","140.829583","2.630514","-","99.841699","0.000000","0.060179","0.007243","1000","THB","Registered","-"
"BTSG26129A","0","29-Jan-2026","0.161644","Straight","Fixed","","","14-Aug-25","3.020000","-","-","-","-","2.708270","148.783921","2.708270","-","99.564133","0.000000","0.160939","0.051803","1000","THB","Registered","-"
"BTSG26316A","0","16-Mar-2026","0.287671","Straight","Fixed","","","18-Sep-25","2.770000","-","-","-","-","2.702411","147.809202","2.702411","-","99.228591","0.000000","0.285452","0.162966","1000","THB","Registered","-"
"BTSG26407A","0","07-Apr-2026","0.347945","Straight","Fixed","","","09-Oct-25","2.720000","-","-","-","-","2.705071","147.771618","2.705071","-","99.067560","0.000000","0.344701","0.237637","1000","THB","Registered","-"
"BTSG26423A","0","23-Apr-2026","0.391781","Straight","Fixed","","","29-Oct-25","2.750000","-","-","-","-","2.702785","147.291652","2.702785","-","98.952196","0.000000","0.387676","0.300585","1000","THB","Registered","-"
"BTSG26521A","0","21-May-2026","0.468493","Straight","Fixed","","","28-Nov-25","2.650000","-","-","-","-","2.650000","141.499340","2.650000","-","98.773718","0.000000","0.462748","0.428272","1000","THB","Registered","-"
"CMT25D02A","0","02-Dec-2025","0.002740","Straight","Fixed","","","-","-","-","-","-","-","1.560663","31.548859","1.560663","-","99.995724","0.000000","0.002740","0.000015","1000","THB","Mark-to-Market","-"
"CMT25D02B","0","02-Dec-2025","0.002740","Straight","Fixed","","","-","-","-","-","-","-","1.560663","31.548859","1.560663","-","99.995724","0.000000","0.002740","0.000015","1000","THB","Mark-to-Market","-"
"CMT25D03A","0","03-Dec-2025","0.005479","Straight","Fixed","","","-","-","-","-","-","-","1.560937","31.585366","1.560937","-","99.991448","0.000000","0.005479","0.000060","1000","THB","Mark-to-Market","-"
"CMT25D03B","0","03-Dec-2025","0.005479","Straight","Fixed","","","-","-","-","-","-","-","1.560937","31.585366","1.560937","-","99.991448","0.000000","0.005479","0.000060","1000","THB","Mark-to-Market","-"
"CMT25D04A","0","04-Dec-2025","0.008219","Straight","Fixed","","","-","-","-","-","-","-","1.557437","31.238773","1.557437","-","99.987201","0.000000","0.008218","0.000135","1000","THB","Mark-to-Market","-"
"CMT25D04B","0","04-Dec-2025","0.008219","Straight","Fixed","","","-","-","-","-","-","-","1.561212","31.622061","1.561212","-","99.987170","0.000000","0.008218","0.000135","1000","THB","Mark-to-Market","-"
"CMT25D08A","0","08-Dec-2025","0.019178","Straight","Fixed","","","-","-","-","-","-","-","1.584860","34.058465","1.584860","-","99.969615","0.000000","0.019172","0.000735","1000","THB","Mark-to-Market","-"
"CMT25D09A","0","09-Dec-2025","0.021918","Straight","Fixed","","","-","-","-","-","-","-","1.584353","34.015726","1.584353","-","99.965287","0.000000","0.021910","0.000960","1000","THB","Mark-to-Market","-"
"CMT25D11A","0","11-Dec-2025","0.027397","Straight","Fixed","","","-","-","-","-","-","-","1.585664","34.166103","1.585664","-","99.956576","0.000000","0.027385","0.001500","1000","THB","Mark-to-Market","-"
"CMT25D12A","0","12-Dec-2025","0.030137","Straight","Fixed","","","-","-","-","-","-","-","1.585921","34.200786","1.585921","-","99.952228","0.000000","0.030123","0.001815","1000","THB","Mark-to-Market","-"
"CMT25D15A","0","15-Dec-2025","0.038356","Straight","Fixed","","","-","-","-","-","-","-","1.586696","34.305224","1.586696","-","99.939177","0.000000","0.038333","0.002939","1000","THB","Mark-to-Market","-"
"CMT25D16A","0","16-Dec-2025","0.041096","Straight","Fixed","","","-","-","-","-","-","-","1.631615","38.875040","1.631615","-","99.932992","0.000000","0.041068","0.003373","1000","THB","Mark-to-Market","-"
"CMT25D16B","0","16-Dec-2025","0.041096","Straight","Fixed","","","-","-","-","-","-","-","1.633702","39.086993","1.633702","-","99.932907","0.000000","0.041068","0.003373","1000","THB","Mark-to-Market","-"
"CMT25D17A","0","17-Dec-2025","0.043836","Straight","Fixed","","","-","-","-","-","-","-","1.633982","39.123701","1.633982","-","99.928425","0.000000","0.043804","0.003838","1000","THB","Mark-to-Market","-"
"CMT25D18A","0","18-Dec-2025","0.046575","Straight","Fixed","","","-","-","-","-","-","-","1.634263","39.160458","1.634263","-","99.923942","0.000000","0.046540","0.004332","1000","THB","Mark-to-Market","-"
"CMT25D19A","0","19-Dec-2025","0.049315","Straight","Fixed","","","-","-","-","-","-","-","1.634545","39.197262","1.634545","-","99.919457","0.000000","0.049275","0.004856","1000","THB","Mark-to-Market","-"
"CMT25D22A","0","22-Dec-2025","0.057534","Straight","Fixed","","","-","-","-","-","-","-","1.684657","44.311236","1.684657","-","99.903168","0.000000","0.057479","0.006608","1000","THB","Mark-to-Market","-"
"CMT25D23A","0","23-Dec-2025","0.060274","Straight","Fixed","","","-","-","-","-","-","-","1.687283","44.585793","1.687283","-","99.898404","0.000000","0.060213","0.007251","1000","THB","Mark-to-Market","-"
"CMT25D23B","0","23-Dec-2025","0.060274","Straight","Fixed","","","-","-","-","-","-","-","1.690100","44.871989","1.690100","-","99.898235","0.000000","0.060213","0.007251","1000","THB","Mark-to-Market","-"
"CMT25D25A","0","25-Dec-2025","0.065753","Straight","Fixed","","","-","-","-","-","-","-","1.687775","44.651079","1.687775","-","99.889146","0.000000","0.065681","0.008628","1000","THB","Mark-to-Market","-"
"CMT25D25B","0","25-Dec-2025","0.065753","Straight","Fixed","","","-","-","-","-","-","-","1.690750","44.953255","1.690750","-","99.888951","0.000000","0.065680","0.008628","1000","THB","Mark-to-Market","-"
"CMT25D29A","0","29-Dec-2025","0.076712","Straight","Fixed","","","-","-","-","-","-","-","1.688756","44.780483","1.688756","-","99.870619","0.000000","0.076613","0.011739","1000","THB","Mark-to-Market","-"
"CMT25D30A","0","30-Dec-2025","0.079452","Straight","Fixed","","","-","-","-","-","-","-","1.689024","44.814985","1.689024","-","99.865983","0.000000","0.079346","0.012591","1000","THB","Mark-to-Market","-"
"CMT26107A","0","07-Jan-2026","0.101370","Straight","Fixed","","","-","-","-","-","-","-","1.691483","45.119454","1.691483","-","99.828828","0.000000","0.101196","0.020481","1000","THB","Mark-to-Market","-"
"CMT26116A","0","16-Jan-2026","0.126027","Straight","Fixed","","","-","-","-","-","-","-","1.683678","44.380502","1.683678","-","99.788260","0.000000","0.125761","0.031631","1000","THB","Mark-to-Market","-"
"CMT26120A","0","20-Jan-2026","0.136986","Straight","Fixed","","","-","-","-","-","-","-","1.688265","44.866029","1.688265","-","99.769264","0.000000","0.136670","0.037358","1000","THB","Mark-to-Market","-"
"CMT26219A","0","19-Feb-2026","0.219178","Straight","Fixed","","","-","-","-","-","-","-","1.681739","44.261515","1.681739","-","99.632753","0.000000","0.218373","0.095374","1000","THB","Mark-to-Market","-"
"CMT26223A","0","23-Feb-2026","0.230137","Straight","Fixed","","","-","-","-","-","-","-","1.686712","44.757308","1.686712","-","99.613326","0.000000","0.229247","0.105108","1000","THB","Mark-to-Market","-"
"CMT26227A","0","27-Feb-2026","0.241096","Straight","Fixed","","","-","-","-","-","-","-","1.681751","44.242546","1.681751","-","99.596174","0.000000","0.240122","0.115317","1000","THB","Mark-to-Market","-"
"CMT26302A","0","02-Mar-2026","0.249315","Straight","Fixed","","","-","-","-","-","-","-","1.686563","44.717811","1.686563","-","99.581275","0.000000","0.248271","0.123277","1000","THB","Mark-to-Market","-"
"CMT26305A","0","05-Mar-2026","0.257534","Straight","Fixed","","","-","-","-","-","-","-","1.693524","45.408913","1.693524","-","99.565753","0.000000","0.256416","0.131498","1000","THB","Mark-to-Market","-"
"CMT26309A","0","09-Mar-2026","0.268493","Straight","Fixed","","","-","-","-","-","-","-","1.694281","45.464742","1.694281","-","99.547157","0.000000","0.267277","0.142874","1000","THB","Mark-to-Market","-"
"CMT26313A","0","13-Mar-2026","0.279452","Straight","Fixed","","","-","-","-","-","-","-","1.701665","46.188850","1.701665","-","99.526717","0.000000","0.278129","0.154712","1000","THB","Mark-to-Market","-"
"CPF25D12A","0","12-Dec-2025","0.030137","Straight","Fixed","","","20-Mar-25","2.650000","-","-","-","-","1.479257","23.375599","1.479257","-","99.955440","0.000000","0.030124","0.001815","1000","THB","Registered","-"
"CPF25D15A","0","15-Dec-2025","0.038356","Straight","Fixed","","","21-Mar-25","2.650000","-","-","-","-","1.478393","23.315132","1.478393","-","99.943327","0.000000","0.038334","0.002939","1000","THB","Registered","-"
"CPF25D25A","0","25-Dec-2025","0.065753","Straight","Fixed","","","03-Apr-25","2.495000","-","-","-","-","1.482426","23.811834","1.482426","-","99.902620","0.000000","0.065689","0.008630","1000","THB","Registered","-"
"CPF25D26A","0","26-Dec-2025","0.068493","Straight","Fixed","","","01-Apr-25","2.495000","-","-","-","-","1.484374","24.017771","1.484374","-","99.898434","0.000000","0.068424","0.009364","1000","THB","Registered","-"
"CPF25D29A","0","29-Dec-2025","0.076712","Straight","Fixed","","","04-Apr-25","2.495000","-","-","-","-","1.482709","23.873890","1.482709","-","99.886387","0.000000","0.076625","0.011743","1000","THB","Registered","-"
"CPF25D29B","0","29-Dec-2025","0.076712","Straight","Fixed","","","26-May-25","2.270000","-","-","-","-","1.477076","23.302938","1.477076","-","99.886818","0.000000","0.076626","0.011743","1000","THB","Registered","-"
"CPF26105A","0","05-Jan-2026","0.095890","Straight","Fixed","","","10-Apr-25","2.495000","-","-","-","-","1.479322","23.586059","1.479322","-","99.858348","0.000000","0.095755","0.018338","1000","THB","Registered","-"
"CPF26106A","0","06-Jan-2026","0.098630","Straight","Fixed","","","05-Jun-25","2.190000","-","-","-","-","1.484441","24.112370","1.484441","-","99.853803","0.000000","0.098486","0.019399","1000","THB","Registered","-"
"CPF26112A","0","12-Jan-2026","0.115068","Straight","Fixed","","","18-Apr-25","2.495000","-","-","-","-","1.482052","23.913082","1.482052","-","99.829753","0.000000","0.114873","0.026391","1000","THB","Registered","-"
"CPF26113A","0","13-Jan-2026","0.117808","Straight","Fixed","","","18-Apr-25","2.495000","-","-","-","-","1.481952","23.909618","1.481952","-","99.825718","0.000000","0.117603","0.027661","1000","THB","Registered","-"
"CPF26205A","0","05-Feb-2026","0.180822","Straight","Fixed","","","05-Jun-25","2.200000","-","-","-","-","1.481656","23.990838","1.481656","-","99.732800","0.000000","0.180339","0.065044","1000","THB","Registered","-"
"CPF26206A","0","06-Feb-2026","0.183562","Straight","Fixed","","","06-Jun-25","2.200000","-","-","-","-","1.479458","23.771040","1.479458","-","99.729164","0.000000","0.183064","0.067025","1000","THB","Registered","-"
"CPF26220A","0","20-Feb-2026","0.221918","Straight","Fixed","","","26-Jun-25","2.150000","-","-","-","-","1.482234","24.064538","1.482234","-","99.672144","0.000000","0.221190","0.097850","1000","THB","Registered","-"
"CPF26227A","0","27-Feb-2026","0.241096","Straight","Fixed","","","21-Jul-25","2.020000","-","-","-","-","1.484058","24.236529","1.484058","-","99.643475","0.000000","0.240236","0.115427","1000","THB","Registered","-"
"CPF26305A","0","05-Mar-2026","0.257534","Straight","Fixed","","","-","-","-","-","-","-","1.484980","24.309350","1.484980","-","99.619024","0.000000","0.256553","0.131639","1000","THB","Registered","-"
"CPF26310A","0","10-Mar-2026","0.271233","Straight","Fixed","","","05-Nov-25","1.500000","-","-","-","-","1.490306","24.825926","1.490306","-","99.597407","0.000000","0.270141","0.145952","1000","THB","Registered","-"
"CPF26319A","0","19-Mar-2026","0.295890","Straight","Fixed","","","-","-","-","-","-","-","1.487232","24.466383","1.487232","-","99.561870","0.000000","0.294594","0.173571","1000","THB","Registered","-"
"CPF26409A","0","09-Apr-2026","0.353425","Straight","Fixed","","","02-Sep-25","1.570000","-","-","-","-","1.484904","24.080939","1.484904","-","99.477938","0.000000","0.351580","0.247216","1000","THB","Registered","-"
"CPF26508A","0","08-May-2026","0.432877","Straight","Fixed","","","03-Sep-25","1.580000","-","-","-","-","1.491895","24.536960","1.491895","-","99.358337","0.000000","0.430099","0.369970","1000","THB","Registered","-"
"CPF26511A","0","11-May-2026","0.441096","Straight","Fixed","","","03-Oct-25","1.510000","-","-","-","-","1.491815","24.502835","1.491815","-","99.346268","0.000000","0.438212","0.384060","1000","THB","Registered","-"
"CPF26522A","0","22-May-2026","0.471233","Straight","Fixed","","","27-Aug-25","1.895000","-","-","-","-","1.487926","24.018368","1.487926","-","99.303722","0.000000","0.467952","0.437958","1000","THB","Registered","-"
"CPF26610A","0","10-Jun-2026","0.523288","Straight","Fixed","","","03-Oct-25","1.520000","-","-","-","-","1.487748","23.853031","1.487748","-","99.227494","0.000000","0.519245","0.539231","1000","THB","Registered","-"
"CPF26721A","0","21-Jul-2026","0.635616","Straight","Fixed","","","27-Oct-25","1.510000","-","-","-","-","1.491409","23.873759","1.491409","-","99.060938","0.000000","0.629648","0.792912","1000","THB","Registered","-"
"CPF26722A","0","22-Jul-2026","0.638356","Straight","Fixed","","","27-Oct-25","1.510000","-","-","-","-","1.491474","23.871356","1.491474","-","99.056888","0.000000","0.632336","0.799697","1000","THB","Registered","-"
"CPF26724A","0","24-Jul-2026","0.643836","Straight","Fixed","","","07-Nov-25","1.500000","-","-","-","-","1.493093","24.016391","1.493093","-","99.047847","0.000000","0.637705","0.813336","1000","THB","Registered","-"
"CPF26724B","0","24-Jul-2026","0.643836","Straight","Fixed","","","27-Nov-25","1.515000","-","-","-","-","1.515542","26.273135","1.515542","-","99.033669","0.000000","0.637614","0.813103","1000","THB","Registered","-"
"CPF26804A","0","04-Aug-2026","0.673973","Straight","Fixed","","","07-Nov-25","1.500000","-","-","-","-","1.512750","25.893817","1.512750","-","98.990738","0.000000","0.667170","0.890233","1000","THB","Registered","-"
"CPF26807A","0","07-Aug-2026","0.682192","Straight","Fixed","","","13-Nov-25","1.515000","-","-","-","-","1.512589","25.850710","1.512589","-","98.978663","0.000000","0.675224","0.911856","1000","THB","Registered","-"
"CPF26821A","0","21-Aug-2026","0.720548","Straight","Fixed","","","27-Nov-25","1.515000","-","-","-","-","1.516061","26.074280","1.516061","-","98.919410","0.000000","0.712762","1.016059","1000","THB","Registered","-"
"CPF26824A","0","24-Aug-2026","0.728767","Straight","Fixed","","","27-Nov-25","1.515000","-","-","-","-","1.516116","26.053286","1.516116","-","98.907179","0.000000","0.720803","1.039114","1000","THB","Registered","-"
"CPFGS26123A","0","23-Jan-2026","0.145205","Straight","Fixed","","","25-Jul-25","2.000000","-","-","-","-","1.839490","60.229936","1.839490","-","99.733608","0.000000","0.144819","0.041945","1000","THB","Registered","-"
"CPFGS26507A","0","07-May-2026","0.430137","Straight","Fixed","","","13-Aug-25","1.990000","-","-","-","-","1.870766","62.792704","1.870766","-","99.201738","0.000000","0.426703","0.364152","1000","THB","Registered","-"
"CPFTH25D04A","0","04-Dec-2025","0.008219","Straight","Fixed","","","11-Mar-25","2.650000","-","-","-","-","1.463380","21.691860","1.463380","-","99.987974","0.000000","0.008218","0.000135","1000","THB","Registered","-"
"CPFTH25D19A","0","19-Dec-2025","0.049315","Straight","Fixed","","","26-Jun-25","2.100000","-","-","-","-","1.458708","21.354733","1.458708","-","99.928115","0.000000","0.049280","0.004857","1000","THB","Registered","-"
"CPFTH26105A","0","05-Jan-2026","0.095890","Straight","Fixed","","","10-Apr-25","2.495000","-","-","-","-","1.459584","21.586059","1.459584","-","99.860236","0.000000","0.095756","0.018339","1000","THB","Registered","-"
"CPFTH26129A","0","29-Jan-2026","0.161644","Straight","Fixed","","","08-May-25","2.486000","-","-","-","-","1.454872","21.255494","1.454872","-","99.765381","0.000000","0.161265","0.052013","1000","THB","Registered","-"
"CPFTH26206A","0","06-Feb-2026","0.183562","Straight","Fixed","","","06-Jun-25","2.200000","-","-","-","-","1.459695","21.771040","1.459695","-","99.732772","0.000000","0.183071","0.067030","1000","THB","Registered","-"
"CPFTH26210A","0","10-Feb-2026","0.194521","Straight","Fixed","","","14-Jul-25","2.040000","-","-","-","-","1.453237","21.126329","1.453237","-","99.718112","0.000000","0.193972","0.075250","1000","THB","Registered","-"
"CPFTH26212A","0","12-Feb-2026","0.200000","Straight","Fixed","","","19-May-25","2.320000","-","-","-","-","1.454467","21.253787","1.454467","-","99.709950","0.000000","0.199420","0.079537","1000","THB","Registered","-"
"CPFTH26212B","0","12-Feb-2026","0.200000","Straight","Fixed","","","29-Oct-25","1.480000","-","-","-","-","1.458102","21.621557","1.458102","-","99.709228","0.000000","0.199418","0.079535","1000","THB","Registered","-"
"CPFTH26213A","0","13-Feb-2026","0.202740","Straight","Fixed","","","21-May-25","2.330000","-","-","-","-","1.456694","21.480180","1.456694","-","99.705540","0.000000","0.202143","0.081723","1000","THB","Registered","-"
"CPFTH26305A","0","05-Mar-2026","0.257534","Straight","Fixed","","","02-Oct-25","1.450000","-","-","-","-","1.450888","20.863096","1.450888","-","99.627738","0.000000","0.256576","0.131662","1000","THB","Registered","-"
"CPFTH26312A","0","12-Mar-2026","0.276712","Straight","Fixed","","","05-Sep-25","1.730000","-","-","-","-","1.475822","23.352208","1.475822","-","99.593283","0.000000","0.275587","0.151896","1000","THB","Registered","-"
"CPFTH26317A","0","17-Mar-2026","0.290411","Straight","Fixed","","","11-Sep-25","1.525000","-","-","-","-","1.476297","23.373285","1.476297","-","99.573097","0.000000","0.289171","0.167240","1000","THB","Registered","-"
"CPFTH26319A","0","19-Mar-2026","0.295890","Straight","Fixed","","","26-Jun-25","2.170000","-","-","-","-","1.467934","22.516655","1.467934","-","99.567531","0.000000","0.294611","0.173591","1000","THB","Registered","-"
"CPFTH26326A","0","26-Mar-2026","0.315068","Straight","Fixed","","","26-Aug-25","1.850000","-","-","-","-","1.475381","23.224107","1.475381","-","99.537305","0.000000","0.313611","0.196703","1000","THB","Registered","-"
"CPFTH26403A","0","03-Apr-2026","0.336986","Straight","Fixed","","","14-Jul-25","2.090000","-","-","-","-","1.473702","22.996953","1.473702","-","99.505837","0.000000","0.335321","0.224880","1000","THB","Registered","-"
"CPFTH26408A","0","08-Apr-2026","0.350685","Straight","Fixed","","","14-Jul-25","2.090000","-","-","-","-","1.476109","23.201064","1.476109","-","99.485017","0.000000","0.348879","0.243433","1000","THB","Registered","-"
"CPFTH26410A","0","10-Apr-2026","0.356164","Straight","Fixed","","","-","-","-","-","-","-","1.474329","23.005360","1.474329","-","99.477639","0.000000","0.354304","0.251063","1000","THB","Registered","-"
"CPFTH26417A","0","17-Apr-2026","0.375342","Straight","Fixed","","","24-Jul-25","2.010000","-","-","-","-","1.479968","23.516495","1.479968","-","99.447574","0.000000","0.373269","0.278659","1000","THB","Registered","-"
"CPFTH26430A","0","30-Apr-2026","0.410959","Straight","Fixed","","","06-Aug-25","1.990000","-","-","-","-","1.472307","22.631404","1.472307","-","99.398581","0.000000","0.408487","0.333724","1000","THB","Registered","-"
"CPFTH26514A","0","14-May-2026","0.449315","Straight","Fixed","","","14-Nov-25","1.465000","-","-","-","-","1.447015","19.961106","1.447015","-","99.354034","0.000000","0.446413","0.398569","1000","THB","Registered","-"
"CPFTH26515A","0","15-May-2026","0.452055","Straight","Fixed","","","19-Sep-25","1.520000","-","-","-","-","1.482499","23.529391","1.482499","-","99.334291","0.000000","0.449045","0.403284","1000","THB","Registered","-"
"CPFTH26521A","0","21-May-2026","0.468493","Straight","Fixed","","","26-Aug-25","1.900000","-","-","-","-","1.484349","23.666039","1.484349","-","99.309395","0.000000","0.465258","0.432929","1000","THB","Registered","-"
"CPFTH26527A","0","27-May-2026","0.484932","Straight","Fixed","","","20-Oct-25","1.510000","-","-","-","-","1.488752","24.062011","1.488752","-","99.283232","0.000000","0.481456","0.463599","1000","THB","Registered","-"
"CPFTH26529A","0","29-May-2026","0.490411","Straight","Fixed","","","28-Oct-25","1.495000","-","-","-","-","1.488654","24.036742","1.488654","-","99.275239","0.000000","0.486857","0.474059","1000","THB","Registered","-"
"CPFTH26609A","0","09-Jun-2026","0.520548","Straight","Fixed","","","02-Oct-25","1.520000","-","-","-","-","1.487632","23.849278","1.487632","-","99.231567","0.000000","0.516548","0.533643","1000","THB","Registered","-"
"CPFTH26625A","0","25-Jun-2026","0.564384","Straight","Fixed","","","20-Oct-25","1.520000","-","-","-","-","1.491497","24.107803","1.491497","-","99.165250","0.000000","0.559672","0.626466","1000","THB","Registered","-"
"CPFTH26630A","0","30-Jun-2026","0.578082","Straight","Fixed","","","28-Oct-25","1.520000","-","-","-","-","1.485833","23.495490","1.485833","-","99.148381","0.000000","0.573159","0.657023","1000","THB","Registered","-"
"CPFTH26723A","0","23-Jul-2026","0.641096","Straight","Fixed","","","10-Nov-25","1.500000","-","-","-","-","1.492444","23.960023","1.492444","-","99.052268","0.000000","0.635020","0.806501","1000","THB","Registered","-"
"CPFTH26724A","0","24-Jul-2026","0.643836","Straight","Fixed","","","14-Nov-25","1.515000","-","-","-","-","1.496840","24.393115","1.496840","-","99.045480","0.000000","0.637690","0.813297","1000","THB","Registered","-"
"CPFTH26731A","0","31-Jul-2026","0.663014","Straight","Fixed","","","27-Nov-25","1.515000","-","-","-","-","1.515668","26.222980","1.515668","-","99.005089","0.000000","0.656417","0.861767","1000","THB","Registered","-"
"CPFTH26807A","0","07-Aug-2026","0.682192","Straight","Fixed","","","14-Nov-25","1.520000","-","-","-","-","1.511417","25.732878","1.511417","-","98.979446","0.000000","0.675230","0.911870","1000","THB","Registered","-"
"CPFTH26811A","0","11-Aug-2026","0.693151","Straight","Fixed","","","14-Nov-25","1.520000","-","-","-","-","1.511290","25.684331","1.511290","-","98.963308","0.000000","0.685965","0.941096","1000","THB","Registered","-"
"CPFTH26814A","0","14-Aug-2026","0.701370","Straight","Fixed","","","27-Nov-25","1.500000","-","-","-","-","1.500931","24.617025","1.500931","-","98.958259","0.000000","0.694063","0.963448","1000","THB","Registered","-"
"CPN25D26A","0","26-Dec-2025","0.068493","Straight","Fixed","","","25-Sep-25","1.430000","-","-","-","-","1.340283","9.419063","1.340283","-","99.908284","0.000000","0.068430","0.009365","1000","THB","Registered","-"
"CPN26213A","0","13-Feb-2026","0.202740","Straight","Fixed","","","14-Nov-25","1.350000","-","-","-","-","1.330772","8.748535","1.330772","-","99.730926","0.000000","0.202194","0.081765","1000","THB","Registered","-"
"DRKR25D29A","0","29-Dec-2025","0.076712","Straight","Fixed","","","-","-","-","-","-","-","1.583801","34.126313","1.583801","-","99.878650","0.000000","0.076619","0.011741","1000","THB","Mark-to-Market","-"
"DRKR26109A","0","09-Jan-2026","0.106849","Straight","Fixed","","","-","-","-","-","-","-","1.673833","43.340502","1.673833","-","99.821471","0.000000","0.106659","0.022752","1000","THB","Mark-to-Market","-"
"DRKR26223A","0","23-Feb-2026","0.230137","Straight","Fixed","","","-","-","-","-","-","-","1.681946","44.274506","1.681946","-","99.614415","0.000000","0.229250","0.105111","1000","THB","Mark-to-Market","-"
"EB25D24A","0","24-Dec-2025","0.063014","Straight","Fixed","","","20-Nov-25","1.330000","-","-","-","-","1.324397","7.792524","1.324397","-","99.916614","0.000000","0.062961","0.007928","1000","THB","Registered","-"
"EB25D25A","0","25-Dec-2025","0.065753","Straight","Fixed","","","21-Nov-25","1.330000","-","-","-","-","1.326527","8.017293","1.326527","-","99.912852","0.000000","0.065696","0.008632","1000","THB","Registered","-"
"EB25D25B","0","25-Dec-2025","0.065753","Straight","Fixed","","","-","-","-","-","-","-","1.337377","9.115851","1.337377","-","99.912140","0.000000","0.065696","0.008632","1000","THB","Registered","-"
"EB25D26A","0","26-Dec-2025","0.068493","Straight","Fixed","","","24-Nov-25","1.320000","-","-","-","-","1.318169","7.180347","1.318169","-","99.909796","0.000000","0.068431","0.009366","1000","THB","Registered","-"
"FMC25D04A","0","04-Dec-2025","0.008219","Straight","Fixed","","","-","-","-","-","-","-","1.577130","33.238672","1.577130","-","99.987039","0.000000","0.008218","0.000135","1000","THB","Mark-to-Market","-"
"FMC26223A","0","23-Feb-2026","0.230137","Straight","Fixed","","","-","-","-","-","-","-","1.642085","40.237607","1.642085","-","99.623518","0.000000","0.229271","0.105130","1000","THB","Mark-to-Market","-"
"FMC26225A","0","25-Feb-2026","0.235616","Straight","Fixed","","","-","-","-","-","-","-","1.691345","45.220906","1.691345","-","99.603073","0.000000","0.234681","0.110151","1000","THB","Mark-to-Market","-"
"GITS25D11A","0","11-Dec-2025","0.027397","Straight","Fixed","","","-","-","-","-","-","-","1.841195","60.146077","1.841195","-","99.949582","0.000000","0.027383","0.001500","1000","THB","Mark-to-Market","-"
"HMPRO25D16A","0","16-Dec-2025","0.041096","Straight","Fixed","","","12-Sep-25","1.350000","-","-","-","-","1.314441","6.709152","1.314441","-","99.946011","0.000000","0.041074","0.003374","1000","THB","Registered","-"
"HMPRO26108A","0","08-Jan-2026","0.104110","Straight","Fixed","","","02-Oct-25","1.370000","-","-","-","-","1.334257","8.919115","1.334257","-","99.861284","0.000000","0.103965","0.021618","1000","THB","Registered","-"
"HMPRO26212A","0","12-Feb-2026","0.200000","Straight","Fixed","","","14-Nov-25","1.340000","-","-","-","-","1.320843","7.743452","1.320843","-","99.736527","0.000000","0.199473","0.079579","1000","THB","Registered","-"
"ICBCTL25D09A","0","09-Dec-2025","0.021918","Straight","Fixed","","F1+(tha)","-","-","-","-","-","-","1.613292","36.954893","1.613292","-","99.964653","0.000000","0.021910","0.000960","1000","THB","Registered","-"
"ICBCTL25D09B","0","09-Dec-2025","0.021918","Straight","Fixed","","F1+(tha)","-","-","-","-","-","-","1.606676","36.282883","1.606676","-","99.964798","0.000000","0.021910","0.000960","1000","THB","Registered","-"
"IETL25D02A","0","02-Dec-2025","0.002740","Straight","Fixed","","","-","-","-","-","-","-","1.586755","34.199036","1.586755","-","99.995653","0.000000","0.002740","0.000015","1000","THB","Mark-to-Market","-"
"IETL25D19A","0","19-Dec-2025","0.049315","Straight","Fixed","","","-","-","-","-","-","-","1.585002","34.167041","1.585002","-","99.921897","0.000000","0.049277","0.004856","1000","THB","Mark-to-Market","-"
"IETL25D30A","0","30-Dec-2025","0.079452","Straight","Fixed","","","-","-","-","-","-","-","1.633072","39.134194","1.633072","-","99.870417","0.000000","0.079349","0.012593","1000","THB","Mark-to-Market","-"
"IETL25D30B","0","30-Dec-2025","0.079452","Straight","Fixed","","","-","-","-","-","-","-","1.630689","38.892224","1.630689","-","99.870606","0.000000","0.079349","0.012593","1000","THB","Mark-to-Market","-"
"IETL26116A","0","16-Jan-2026","0.126027","Straight","Fixed","","","-","-","-","-","-","-","1.645299","40.486745","1.645299","-","99.793076","0.000000","0.125767","0.031634","1000","THB","Mark-to-Market","-"
"IETL26123A","0","23-Jan-2026","0.145205","Straight","Fixed","","","-","-","-","-","-","-","1.643100","40.298748","1.643100","-","99.761981","0.000000","0.144860","0.041969","1000","THB","Mark-to-Market","-"
"IETL26226A","0","26-Feb-2026","0.238356","Straight","Fixed","","","-","-","-","-","-","-","1.641909","40.211552","1.641909","-","99.610167","0.000000","0.237427","0.112743","1000","THB","Mark-to-Market","-"
"IETL26226B","0","26-Feb-2026","0.238356","Straight","Fixed","","","-","-","-","-","-","-","1.681795","44.250508","1.681795","-","99.600734","0.000000","0.237404","0.112722","1000","THB","Mark-to-Market","-"
"ISO26109A","0","09-Jan-2026","0.106849","Straight","Fixed","","","-","-","-","-","-","-","1.634166","39.315238","1.634166","-","99.825695","0.000000","0.106663","0.022754","1000","THB","Mark-to-Market","-"
"ISO26213A","0","13-Feb-2026","0.202740","Straight","Fixed","","","-","-","-","-","-","-","1.641998","40.238941","1.641998","-","99.668206","0.000000","0.202067","0.081662","1000","THB","Mark-to-Market","-"
"ISO26313A","0","13-Mar-2026","0.279452","Straight","Fixed","","","-","-","-","-","-","-","1.693345","45.346730","1.693345","-","99.529020","0.000000","0.278136","0.154719","1000","THB","Mark-to-Market","-"
"ISRJVT26109A","0","09-Jan-2026","0.106849","Straight","Fixed","","","-","-","-","-","-","-","1.634166","39.315238","1.634166","-","99.825695","0.000000","0.106663","0.022754","1000","THB","Mark-to-Market","-"
"ISRJVT26313A","0","13-Mar-2026","0.279452","Straight","Fixed","","","-","-","-","-","-","-","1.693345","45.346730","1.693345","-","99.529020","0.000000","0.278136","0.154719","1000","THB","Mark-to-Market","-"
"ITDNWR26210A","0","10-Feb-2026","0.194521","Straight","Fixed","","","-","-","-","-","-","-","1.629042","38.924640","1.629042","-","99.684119","0.000000","0.193906","0.075199","1000","THB","Mark-to-Market","-"
"KGI25D29A","0","29-Dec-2025","0.076712","Straight","Fixed","","","-","-","-","-","-","-","1.347662","10.192800","1.347662","-","99.896724","0.000000","0.076633","0.011745","1000","THB","Registered","-"
"KGI26116A","0","16-Jan-2026","0.126027","Straight","Fixed","","","-","-","-","-","-","-","1.379274","13.532911","1.379274","-","99.826475","0.000000","0.125809","0.031656","1000","THB","Registered","-"
"KGI26127A","0","27-Jan-2026","0.156164","Straight","Fixed","","","-","-","-","-","-","-","1.380059","13.676066","1.380059","-","99.784947","0.000000","0.155829","0.048565","1000","THB","Registered","-"
"KSJVT25D06A","0","06-Dec-2025","0.013699","Straight","Fixed","","","-","-","-","-","-","-","1.626781","38.299774","1.626781","-","99.977720","0.000000","0.013696","0.000375","1000","THB","Mark-to-Market","-"
"KSJVT25D30A","0","30-Dec-2025","0.079452","Straight","Fixed","","","-","-","-","-","-","-","1.651096","40.963812","1.651096","-","99.868989","0.000000","0.079348","0.012592","1000","THB","Mark-to-Market","-"
"KSJVT25D30B","0","30-Dec-2025","0.079452","Straight","Fixed","","","-","-","-","-","-","-","1.653233","41.180779","1.653233","-","99.868820","0.000000","0.079348","0.012592","1000","THB","Mark-to-Market","-"
"KSJVT26206A","0","06-Feb-2026","0.183562","Straight","Fixed","","","-","-","-","-","-","-","1.682599","44.346812","1.682599","-","99.692090","0.000000","0.182996","0.066975","1000","THB","Mark-to-Market","-"
"KSJVT26227A","0","27-Feb-2026","0.241096","Straight","Fixed","","","-","-","-","-","-","-","1.690383","45.116726","1.690383","-","99.594110","0.000000","0.240117","0.115313","1000","THB","Mark-to-Market","-"
"KSJVT26330A","0","30-Mar-2026","0.326027","Straight","Fixed","","","-","-","-","-","-","-","1.690496","44.935778","1.690496","-","99.451873","0.000000","0.324240","0.210264","1000","THB","Mark-to-Market","-"
"KSJVT26505A","0","05-May-2026","0.424658","Straight","Fixed","","","-","-","-","-","-","-","1.689688","44.521973","1.689688","-","99.287573","0.000000","0.421632","0.355547","1000","THB","Mark-to-Market","-"
"KTC25D24A","0","24-Dec-2025","0.063014","Straight","Fixed","","","28-Nov-25","1.320000","-","-","-","-","1.320000","7.346949","1.320000","-","99.916891","0.000000","0.062961","0.007928","1000","THB","Registered","-"
"KTE25D04A","0","04-Dec-2025","0.008219","Straight","Fixed","","","-","-","-","-","-","-","1.597400","35.297671","1.597400","-","99.986872","0.000000","0.008218","0.000135","1000","THB","Mark-to-Market","-"
"KTE25D22A","0","22-Dec-2025","0.057534","Straight","Fixed","","","-","-","-","-","-","-","1.586176","34.311236","1.586176","-","99.908824","0.000000","0.057482","0.006608","1000","THB","Mark-to-Market","-"
"KTE25D25A","0","25-Dec-2025","0.065753","Straight","Fixed","","","-","-","-","-","-","-","1.595084","35.239670","1.595084","-","99.895228","0.000000","0.065685","0.008629","1000","THB","Mark-to-Market","-"
"KTE26106A","0","06-Jan-2026","0.098630","Straight","Fixed","","","-","-","-","-","-","-","1.593565","35.176133","1.593565","-","99.843073","0.000000","0.098475","0.019395","1000","THB","Mark-to-Market","-"
"KTE26112A","0","12-Jan-2026","0.115068","Straight","Fixed","","","-","-","-","-","-","-","1.598928","35.759879","1.598928","-","99.816352","0.000000","0.114857","0.026384","1000","THB","Mark-to-Market","-"
"KTE26114A","0","14-Jan-2026","0.120548","Straight","Fixed","","","-","-","-","-","-","-","1.600224","35.903587","1.600224","-","99.807468","0.000000","0.120316","0.028952","1000","THB","Mark-to-Market","-"
"KTE26126A","0","26-Jan-2026","0.153425","Straight","Fixed","","","-","-","-","-","-","-","1.594309","35.365490","1.594309","-","99.755991","0.000000","0.153050","0.046849","1000","THB","Mark-to-Market","-"
"KTE26128A","0","28-Jan-2026","0.158904","Straight","Fixed","","","-","-","-","-","-","-","1.593979","35.340068","1.593979","-","99.747350","0.000000","0.158503","0.050246","1000","THB","Mark-to-Market","-"
"KTE26209A","0","09-Feb-2026","0.191781","Straight","Fixed","","","-","-","-","-","-","-","1.592218","35.193274","1.592218","-","99.695573","0.000000","0.191197","0.073113","1000","THB","Mark-to-Market","-"
"KTE26210A","0","10-Feb-2026","0.194521","Straight","Fixed","","","-","-","-","-","-","-","1.652329","41.284013","1.652329","-","99.679618","0.000000","0.193897","0.075192","1000","THB","Mark-to-Market","-"
"KTE26218A","0","18-Feb-2026","0.216438","Straight","Fixed","","","-","-","-","-","-","-","1.651990","41.249135","1.651990","-","99.643720","0.000000","0.215667","0.093025","1000","THB","Mark-to-Market","-"
"KVP25D16A","0","16-Dec-2025","0.041096","Straight","Fixed","","","-","-","-","-","-","-","1.665722","42.339799","1.665722","-","99.931592","0.000000","0.041068","0.003373","1000","THB","Mark-to-Market","-"
"KVP26210A","0","10-Feb-2026","0.194521","Straight","Fixed","","","-","-","-","-","-","-","1.682462","44.337659","1.682462","-","99.673794","0.000000","0.193886","0.075184","1000","THB","Mark-to-Market","-"
"KVP26224A","0","24-Feb-2026","0.232877","Straight","Fixed","","","-","-","-","-","-","-","1.691385","45.227950","1.691385","-","99.607661","0.000000","0.231963","0.107614","1000","THB","Mark-to-Market","-"
"KVP26310A","0","10-Mar-2026","0.271233","Straight","Fixed","","","-","-","-","-","-","-","1.693407","45.370733","1.693407","-","99.542792","0.000000","0.269993","0.145792","1000","THB","Mark-to-Market","-"
"LALIN25D11A","0","11-Dec-2025","0.027397","Straight","Fixed","","","11-Sep-25","3.150000","-","-","-","-","3.066067","185.574086","3.066067","-","99.916069","0.000000","0.027374","0.001499","1000","THB","Registered","-"
"LALIN26108A","0","08-Jan-2026","0.104110","Straight","Fixed","","","30-Sep-25","3.150000","-","-","-","-","3.122914","191.366863","3.122914","-","99.675928","0.000000","0.103772","0.021537","1000","THB","Registered","-"
"LH25D04A","0","04-Dec-2025","0.008219","Straight","Fixed","","","05-Aug-25","2.000000","-","-","-","-","1.448810","20.213836","1.448810","-","99.988093","0.000000","0.008218","0.000135","1000","THB","Registered","-"
"LH25D04B","0","04-Dec-2025","0.008219","Straight","Fixed","","","05-Sep-25","1.600000","-","-","-","-","1.472987","22.666554","1.472987","-","99.987895","0.000000","0.008218","0.000135","1000","THB","Registered","-"
"LH25D18A","0","18-Dec-2025","0.046575","Straight","Fixed","","","12-Jun-25","2.200000","-","-","-","-","1.484205","23.931315","1.484205","-","99.930920","0.000000","0.046543","0.004333","1000","THB","Registered","-"
"LH25D23A","0","23-Dec-2025","0.060274","Straight","Fixed","","","22-Jul-25","2.050000","-","-","-","-","1.485967","24.153730","1.485967","-","99.910515","0.000000","0.060220","0.007253","1000","THB","Registered","-"
"LH26105A","0","05-Jan-2026","0.095890","Straight","Fixed","","","08-Jul-25","2.100000","-","-","-","-","1.486708","24.334545","1.486708","-","99.857642","0.000000","0.095754","0.018338","1000","THB","Registered","-"
"LH26115A","0","15-Jan-2026","0.123288","Straight","Fixed","","","09-Jul-25","2.100000","-","-","-","-","1.496029","25.348674","1.496029","-","99.815898","0.000000","0.123061","0.030288","1000","THB","Registered","-"
"LH26122A","0","22-Jan-2026","0.142466","Straight","Fixed","","","22-Jul-25","2.100000","-","-","-","-","1.492485","25.030409","1.492485","-","99.787823","0.000000","0.142163","0.040421","1000","THB","Registered","-"
"LH26122B","0","22-Jan-2026","0.142466","Straight","Fixed","","","08-Aug-25","2.020000","-","-","-","-","1.490367","24.815875","1.490367","-","99.788124","0.000000","0.142164","0.040421","1000","THB","Registered","-"
"LH26226A","0","26-Feb-2026","0.238356","Straight","Fixed","","","28-Aug-25","1.700000","-","-","-","-","1.486767","24.513067","1.486767","-","99.646871","0.000000","0.237514","0.112826","1000","THB","Registered","-"
"LH26305A","0","05-Mar-2026","0.257534","Straight","Fixed","","","02-Sep-25","1.700000","-","-","-","-","1.489151","24.731031","1.489151","-","99.617958","0.000000","0.256550","0.131636","1000","THB","Registered","-"
"LH26312A","0","12-Mar-2026","0.276712","Straight","Fixed","","","05-Sep-25","1.700000","-","-","-","-","1.495363","25.327180","1.495363","-","99.587920","0.000000","0.275572","0.151880","1000","THB","Registered","-"
"LH26319A","0","19-Mar-2026","0.295890","Straight","Fixed","","","18-Sep-25","1.650000","-","-","-","-","1.498404","25.595290","1.498404","-","99.558594","0.000000","0.294584","0.173560","1000","THB","Registered","-"
"LH26326A","0","26-Mar-2026","0.315068","Straight","Fixed","","","12-Sep-25","1.650000","-","-","-","-","1.500880","25.799859","1.500880","-","99.529346","0.000000","0.313586","0.196672","1000","THB","Registered","-"
"LH26402A","0","02-Apr-2026","0.334247","Straight","Fixed","","","02-Oct-25","1.580000","-","-","-","-","1.502346","25.897047","1.502346","-","99.500355","0.000000","0.332577","0.221214","1000","THB","Registered","-"
"LH26409A","0","09-Apr-2026","0.353425","Straight","Fixed","","","09-Oct-25","1.580000","-","-","-","-","1.509044","26.518197","1.509044","-","99.469496","0.000000","0.351550","0.247174","1000","THB","Registered","-"
"LH26409B","0","09-Apr-2026","0.353425","Straight","Fixed","","","10-Oct-25","1.580000","-","-","-","-","1.507991","26.411807","1.507991","-","99.469864","0.000000","0.351551","0.247176","1000","THB","Registered","-"
"LH26421A","0","21-Apr-2026","0.386301","Straight","Fixed","","","20-Nov-25","1.510000","-","-","-","-","1.499275","25.430530","1.499275","-","99.424163","0.000000","0.384077","0.295030","1000","THB","Registered","-"
"LH26423A","0","23-Apr-2026","0.391781","Straight","Fixed","","","28-Oct-25","1.530000","-","-","-","-","1.511126","26.609026","1.511126","-","99.411454","0.000000","0.389475","0.303382","1000","THB","Registered","-"
"LH26507A","0","07-May-2026","0.430137","Straight","Fixed","","","06-Nov-25","1.530000","-","-","-","-","1.519721","27.351905","1.519721","-","99.350557","0.000000","0.427343","0.365245","1000","THB","Registered","-"
"LH26511A","0","11-May-2026","0.441096","Straight","Fixed","","","06-Nov-25","1.530000","-","-","-","-","1.519752","27.319878","1.519752","-","99.334107","0.000000","0.438159","0.383966","1000","THB","Registered","-"
"LH26527A","0","27-May-2026","0.484932","Straight","Fixed","","","20-Nov-25","1.530000","-","-","-","-","1.519439","27.154194","1.519439","-","99.268566","0.000000","0.481385","0.463462","1000","THB","Registered","-"
"LHFG26108A","0","08-Jan-2026","0.104110","Straight","Fixed","","","03-Jul-25","1.790000","-","-","-","-","1.478185","23.493189","1.478185","-","99.846343","0.000000","0.103950","0.021611","1000","THB","Registered","-"
"LHFG26116A","0","16-Jan-2026","0.126027","Straight","Fixed","","","16-Oct-25","1.510000","-","-","-","-","1.493334","25.081899","1.493334","-","99.812153","0.000000","0.125791","0.031647","1000","THB","Registered","-"
"LHFG26128A","0","28-Jan-2026","0.158904","Straight","Fixed","","","28-Oct-25","1.510000","-","-","-","-","1.485304","24.331959","1.485304","-","99.764535","0.000000","0.158530","0.050263","1000","THB","Registered","-"
"LHFG26212A","0","12-Feb-2026","0.200000","Straight","Fixed","","","13-Nov-25","1.510000","-","-","-","-","1.496985","25.555677","1.496985","-","99.701497","0.000000","0.199403","0.079523","1000","THB","Registered","-"
"LHFG26316A","0","16-Mar-2026","0.287671","Straight","Fixed","","","16-Sep-25","1.530000","-","-","-","-","1.512757","27.063578","1.512757","-","99.566709","0.000000","0.286425","0.164078","1000","THB","Registered","-"
"LHFG26416A","0","16-Apr-2026","0.372603","Straight","Fixed","","","16-Oct-25","1.540000","-","-","-","-","1.521831","27.750424","1.521831","-","99.436159","0.000000","0.370502","0.274543","1000","THB","Registered","-"
"LHFG26428A","0","28-Apr-2026","0.405479","Straight","Fixed","","","28-Oct-25","1.540000","-","-","-","-","1.521533","27.614800","1.521533","-","99.386833","0.000000","0.402993","0.324807","1000","THB","Registered","-"
"LHFG26507A","0","07-May-2026","0.430137","Straight","Fixed","","","06-Nov-25","1.540000","-","-","-","-","1.529711","28.359589","1.529711","-","99.346316","0.000000","0.427325","0.365214","1000","THB","Registered","-"
"MCTRIC25D08A","0","08-Dec-2025","0.019178","Straight","Fixed","","","-","-","-","-","-","-","1.649407","40.615822","1.649407","-","99.968378","0.000000","0.019172","0.000735","1000","THB","Mark-to-Market","-"
"MCTRIC25D13A","0","13-Dec-2025","0.032877","Straight","Fixed","","","-","-","-","-","-","-","1.654515","41.176440","1.654515","-","99.945635","0.000000","0.032859","0.002159","1000","THB","Mark-to-Market","-"
"MCTRIC26127A","0","27-Jan-2026","0.156164","Straight","Fixed","","","-","-","-","-","-","-","1.643076","40.312804","1.643076","-","99.744067","0.000000","0.155765","0.048525","1000","THB","Mark-to-Market","-"
"MCTRIC26213A","0","13-Feb-2026","0.202740","Straight","Fixed","","","-","-","-","-","-","-","1.663078","42.374658","1.663078","-","99.663961","0.000000","0.202058","0.081655","1000","THB","Mark-to-Market","-"
"MCTRIC26213B","0","13-Feb-2026","0.202740","Straight","Fixed","","","-","-","-","-","-","-","1.641998","40.238941","1.641998","-","99.668206","0.000000","0.202067","0.081662","1000","THB","Mark-to-Market","-"
"MCTRIC26220A","0","20-Feb-2026","0.221918","Straight","Fixed","","","-","-","-","-","-","-","1.670427","43.113999","1.670427","-","99.630672","0.000000","0.221098","0.097769","1000","THB","Mark-to-Market","-"
"MCTRIC26224A","0","24-Feb-2026","0.232877","Straight","Fixed","","","-","-","-","-","-","-","1.696175","45.713160","1.696175","-","99.606554","0.000000","0.231960","0.107611","1000","THB","Mark-to-Market","-"
"MCTRIC26224B","0","24-Feb-2026","0.232877","Straight","Fixed","","","-","-","-","-","-","-","1.696175","45.713160","1.696175","-","99.606554","0.000000","0.231960","0.107611","1000","THB","Mark-to-Market","-"
"MCTRIC26224C","0","24-Feb-2026","0.232877","Straight","Fixed","","","-","-","-","-","-","-","1.696175","45.713160","1.696175","-","99.606554","0.000000","0.231960","0.107611","1000","THB","Mark-to-Market","-"
"MCTRIC26403A","0","03-Apr-2026","0.336986","Straight","Fixed","","","-","-","-","-","-","-","1.735255","49.428828","1.735255","-","99.418642","0.000000","0.335027","0.224486","1000","THB","Mark-to-Market","-"
"MCTRIC26421A","0","21-Apr-2026","0.386301","Straight","Fixed","","","-","-","-","-","-","-","1.737065","49.444017","1.737065","-","99.333442","0.000000","0.383726","0.294492","1000","THB","Mark-to-Market","-"
"MCTRIC26426A","0","26-Apr-2026","0.400000","Straight","Fixed","","","-","-","-","-","-","-","1.731678","48.850709","1.731678","-","99.312094","0.000000","0.397248","0.315613","1000","THB","Mark-to-Market","-"
"MPSC25D04A","0","04-Dec-2025","0.008219","Straight","Fixed","","","04-Sep-25","1.530000","-","-","-","-","1.462521","21.604678","1.462521","-","99.987981","0.000000","0.008218","0.000135","1000","THB","Registered","-"
"MPSC25D11A","0","11-Dec-2025","0.027397","Straight","Fixed","","","11-Sep-25","1.530000","-","-","-","-","1.452969","20.700201","1.452969","-","99.960208","0.000000","0.027386","0.001500","1000","THB","Registered","-"
"MPSC25D11B","0","11-Dec-2025","0.027397","Straight","Fixed","","","09-Sep-25","1.540000","-","-","-","-","1.460157","21.429186","1.460157","-","99.960012","0.000000","0.027386","0.001500","1000","THB","Registered","-"
"MPSC25D18A","0","18-Dec-2025","0.046575","Straight","Fixed","","","20-Jun-25","1.880000","-","-","-","-","1.472683","22.762905","1.472683","-","99.931456","0.000000","0.046543","0.004333","1000","THB","Registered","-"
"MPSC26106A","0","06-Jan-2026","0.098630","Straight","Fixed","","","02-Oct-25","1.540000","-","-","-","-","1.543578","30.106680","1.543578","-","99.847988","0.000000","0.098480","0.019397","1000","THB","Registered","-"
"MPSC26108A","0","08-Jan-2026","0.104110","Straight","Fixed","","","01-Oct-25","1.530000","-","-","-","-","1.548737","30.644030","1.548737","-","99.839021","0.000000","0.103942","0.021608","1000","THB","Registered","-"
"MPSC26115A","0","15-Jan-2026","0.123288","Straight","Fixed","","","11-Jul-25","1.880000","-","-","-","-","1.551478","30.967669","1.551478","-","99.809087","0.000000","0.123052","0.030284","1000","THB","Registered","-"
"MPSC26115B","0","15-Jan-2026","0.123288","Straight","Fixed","","","09-Oct-25","1.530000","-","-","-","-","1.548650","30.680952","1.548650","-","99.809434","0.000000","0.123053","0.030284","1000","THB","Registered","-"
"MPSC26122A","0","22-Jan-2026","0.142466","Straight","Fixed","","","08-Aug-25","1.820000","-","-","-","-","1.547527","30.606328","1.547527","-","99.780015","0.000000","0.142152","0.040415","1000","THB","Registered","-"
"MPSC26224A","0","24-Feb-2026","0.232877","Straight","Fixed","","","26-Aug-25","1.600000","-","-","-","-","1.547973","30.709081","1.547973","-","99.640808","0.000000","0.232040","0.107685","1000","THB","Registered","-"
"MPSC26312A","0","12-Mar-2026","0.276712","Straight","Fixed","","","05-Sep-25","1.600000","-","-","-","-","1.544025","30.246642","1.544025","-","99.574567","0.000000","0.275535","0.151839","1000","THB","Registered","-"
"MPSC26326A","0","26-Mar-2026","0.315068","Straight","Fixed","","","12-Sep-25","1.590000","-","-","-","-","1.549916","30.754392","1.549916","-","99.514043","0.000000","0.313537","0.196611","1000","THB","Registered","-"
"MPSC26401A","0","01-Apr-2026","0.331507","Straight","Fixed","","","19-Sep-25","1.590000","-","-","-","-","1.544928","30.205928","1.544928","-","99.490455","0.000000","0.329818","0.217559","1000","THB","Registered","-"
"MPSC26417A","0","17-Apr-2026","0.375342","Straight","Fixed","","","26-Sep-25","1.600000","-","-","-","-","1.556823","31.274363","1.556823","-","99.419053","0.000000","0.373162","0.278500","1000","THB","Registered","-"
"MST25D04A","0","04-Dec-2025","0.008219","Straight","Fixed","","","-","-","-","-","-","-","1.428750","18.179100","1.428750","-","99.988258","0.000000","0.008218","0.000135","1000","THB","Registered","-"
"MST25D11A","0","11-Dec-2025","0.027397","Straight","Fixed","","","-","-","-","-","-","-","1.439651","19.349715","1.439651","-","99.960573","0.000000","0.027386","0.001500","1000","THB","Registered","-"
"MST25D25A","0","25-Dec-2025","0.065753","Straight","Fixed","","","-","-","-","-","-","-","1.446005","20.119842","1.446005","-","99.905011","0.000000","0.065691","0.008631","1000","THB","Registered","-"
"MST26116A","0","16-Jan-2026","0.126027","Straight","Fixed","","","-","-","-","-","-","-","1.449028","20.594400","1.449028","-","99.817716","0.000000","0.125798","0.031650","1000","THB","Registered","-"
"MST26121A","0","21-Jan-2026","0.139726","Straight","Fixed","","","-","-","-","-","-","-","1.444236","20.139277","1.444236","-","99.798609","0.000000","0.139445","0.038890","1000","THB","Registered","-"
"MST26126A","0","26-Jan-2026","0.153425","Straight","Fixed","","","-","-","-","-","-","-","1.442525","19.992277","1.442525","-","99.779170","0.000000","0.153086","0.046871","1000","THB","Registered","-"
"MST26129A","0","29-Jan-2026","0.161644","Straight","Fixed","","","07-Aug-25","1.820000","-","-","-","-","1.439140","19.663328","1.439140","-","99.767912","0.000000","0.161269","0.052015","1000","THB","Registered","-"
"MST26203A","0","03-Feb-2026","0.175342","Straight","Fixed","","","05-Nov-25","1.430000","-","-","-","-","1.441755","19.946886","1.441755","-","99.747837","0.000000","0.174900","0.061180","1000","THB","Registered","-"
"MST26205A","0","05-Feb-2026","0.180822","Straight","Fixed","","","06-Nov-25","1.430000","-","-","-","-","1.441340","19.911131","1.441340","-","99.740052","0.000000","0.180352","0.065054","1000","THB","Registered","-"
"MST26219A","0","19-Feb-2026","0.219178","Straight","Fixed","","","28-May-25","2.146000","-","-","-","-","1.448361","20.639244","1.448361","-","99.683556","0.000000","0.218485","0.095471","1000","THB","Registered","-"
"MST26219B","0","19-Feb-2026","0.219178","Straight","Fixed","","","29-May-25","2.146000","-","-","-","-","1.448246","20.627667","1.448246","-","99.683581","0.000000","0.218485","0.095471","1000","THB","Registered","-"
"MST26219C","0","19-Feb-2026","0.219178","Straight","Fixed","","","25-Nov-25","1.430000","-","-","-","-","1.438891","19.681606","1.438891","-","99.685618","0.000000","0.218489","0.095475","1000","THB","Registered","-"
"MST26226A","0","26-Feb-2026","0.238356","Straight","Fixed","","","-","-","-","-","-","-","1.352866","10.978737","1.352866","-","99.678573","0.000000","0.237590","0.112898","1000","THB","Registered","-"
"MST26227A","0","27-Feb-2026","0.241096","Straight","Fixed","","","28-Aug-25","1.550000","-","-","-","-","1.446160","20.404730","1.446160","-","99.652548","0.000000","0.240258","0.115448","1000","THB","Registered","-"
"MST26421A","0","21-Apr-2026","0.386301","Straight","Fixed","","","25-Jul-25","1.847000","-","-","-","-","1.442390","19.691131","1.442390","-","99.445890","0.000000","0.384161","0.295159","1000","THB","Registered","-"
"MST26423A","0","23-Apr-2026","0.391781","Straight","Fixed","","","27-Oct-25","1.500000","-","-","-","-","1.443961","19.832612","1.443961","-","99.437466","0.000000","0.389577","0.303540","1000","THB","Registered","-"
"MST26811A","0","11-Aug-2026","0.693151","Straight","Fixed","","","14-Nov-25","1.480000","-","-","-","-","1.441443","18.668651","1.441443","-","99.010747","0.000000","0.686294","0.941998","1000","THB","Registered","-"
"MST26821A","0","21-Aug-2026","0.720548","Straight","Fixed","","","-","-","-","-","-","-","1.449384","19.379676","1.449384","-","98.966443","0.000000","0.713101","1.017025","1000","THB","Registered","-"
"MTC25D04A","0","04-Dec-2025","0.008219","Straight","Fixed","","","-","-","-","-","-","-","1.853409","61.337917","1.853409","-","99.984769","0.000000","0.008218","0.000135","1000","THB","Registered","-"
"MTC25D09A","0","09-Dec-2025","0.021918","Straight","Fixed","","","12-Jun-25","2.360000","-","-","-","-","1.851582","61.188714","1.851582","-","99.959434","0.000000","0.021909","0.000960","1000","THB","Registered","-"
"MTC25D11A","0","11-Dec-2025","0.027397","Straight","Fixed","","","-","-","-","-","-","-","1.858648","61.922863","1.858648","-","99.949104","0.000000","0.027383","0.001500","1000","THB","Registered","-"
"MTC25D16A","0","16-Dec-2025","0.041096","Straight","Fixed","","","-","-","-","-","-","-","1.857406","61.832696","1.857406","-","99.923726","0.000000","0.041065","0.003373","1000","THB","Registered","-"
"MTC25D17A","0","17-Dec-2025","0.043836","Straight","Fixed","","","19-Jun-25","2.360000","-","-","-","-","1.859016","62.003694","1.859016","-","99.918575","0.000000","0.043800","0.003837","1000","THB","Registered","-"
"MTC25D18A","0","18-Dec-2025","0.046575","Straight","Fixed","","","-","-","-","-","-","-","1.852590","61.356888","1.852590","-","99.913789","0.000000","0.046535","0.004331","1000","THB","Registered","-"
"MTC25D19A","0","19-Dec-2025","0.049315","Straight","Fixed","","","20-Jun-25","2.360000","-","-","-","-","1.851681","61.271482","1.851681","-","99.908768","0.000000","0.049270","0.004855","1000","THB","Registered","-"
"MTC26108A","0","08-Jan-2026","0.104110","Straight","Fixed","","","-","-","-","-","-","-","1.851573","61.389122","1.851573","-","99.807604","0.000000","0.103909","0.021594","1000","THB","Registered","-"
"MTC26115A","0","15-Jan-2026","0.123288","Straight","Fixed","","","-","-","-","-","-","-","1.851452","61.412524","1.851452","-","99.772259","0.000000","0.123007","0.030261","1000","THB","Registered","-"
"MTC26409A","0","09-Apr-2026","0.353425","Straight","Fixed","","","-","-","-","-","-","-","1.847574","60.736266","1.847574","-","99.351258","0.000000","0.351132","0.246587","1000","THB","Registered","-"
"NWR25D04A","0","04-Dec-2025","0.008219","Straight","Fixed","","","-","-","-","-","-","-","1.556250","31.118161","1.556250","-","99.987211","0.000000","0.008218","0.000135","1000","THB","Mark-to-Market","-"
"NWR25D19A","0","19-Dec-2025","0.049315","Straight","Fixed","","","-","-","-","-","-","-","1.618054","37.522631","1.618054","-","99.920269","0.000000","0.049276","0.004856","1000","THB","Mark-to-Market","-"
"NWR25D19B","0","19-Dec-2025","0.049315","Straight","Fixed","","","-","-","-","-","-","-","1.615566","37.270027","1.615566","-","99.920392","0.000000","0.049276","0.004856","1000","THB","Mark-to-Market","-"
"NWR25D29A","0","29-Dec-2025","0.076712","Straight","Fixed","","","-","-","-","-","-","-","1.616224","37.416593","1.616224","-","99.876169","0.000000","0.076617","0.011740","1000","THB","Mark-to-Market","-"
"NWR26130A","0","30-Jan-2026","0.164384","Straight","Fixed","","","-","-","-","-","-","-","1.631849","39.185239","1.631849","-","99.732469","0.000000","0.163944","0.053755","1000","THB","Mark-to-Market","-"
"NWR26130B","0","30-Jan-2026","0.164384","Straight","Fixed","","","-","-","-","-","-","-","1.638885","39.898473","1.638885","-","99.731318","0.000000","0.163942","0.053754","1000","THB","Mark-to-Market","-"
"NWR26223A","0","23-Feb-2026","0.230137","Straight","Fixed","","","-","-","-","-","-","-","1.709599","47.075865","1.709599","-","99.608100","0.000000","0.229235","0.105097","1000","THB","Mark-to-Market","-"
"NWR26223B","0","23-Feb-2026","0.230137","Straight","Fixed","","","-","-","-","-","-","-","1.710552","47.172381","1.710552","-","99.607882","0.000000","0.229235","0.105097","1000","THB","Mark-to-Market","-"
"NWR26223C","0","23-Feb-2026","0.230137","Straight","Fixed","","","-","-","-","-","-","-","1.682479","44.328486","1.682479","-","99.614293","0.000000","0.229249","0.105111","1000","THB","Mark-to-Market","-"
"OANDAS25D17A","0","17-Dec-2025","0.043836","Straight","Fixed","","","-","-","-","-","-","-","1.604887","36.169092","1.604887","-","99.929698","0.000000","0.043805","0.003838","1000","THB","Mark-to-Market","-"
"OANDAS26117A","0","17-Jan-2026","0.128767","Straight","Fixed","","","-","-","-","-","-","-","1.616944","37.616467","1.616944","-","99.792223","0.000000","0.128500","0.033024","1000","THB","Mark-to-Market","-"
"OANDAS26117B","0","17-Jan-2026","0.128767","Straight","Fixed","","","-","-","-","-","-","-","1.628848","38.823634","1.628848","-","99.790697","0.000000","0.128498","0.033023","1000","THB","Mark-to-Market","-"
"OANDAS26222A","0","22-Feb-2026","0.227397","Straight","Fixed","","","-","-","-","-","-","-","1.682454","44.328360","1.682454","-","99.618873","0.000000","0.226531","0.102632","1000","THB","Mark-to-Market","-"
"OANDAS26404A","0","04-Apr-2026","0.339726","Straight","Fixed","","","-","-","-","-","-","-","1.701199","45.976049","1.701199","-","99.425379","0.000000","0.337774","0.228182","1000","THB","Mark-to-Market","-"
"PL25D11A","0","11-Dec-2025","0.027397","Straight","Fixed","","","13-Jun-25","2.950000","-","-","-","-","2.312153","108.196953","2.312153","-","99.936693","0.000000","0.027380","0.001499","1000","THB","Registered","-"
"PL25D16A","0","16-Dec-2025","0.041096","Straight","Fixed","","","19-Jun-25","2.920000","-","-","-","-","2.317480","108.764444","2.317480","-","99.904852","0.000000","0.041057","0.003371","1000","THB","Registered","-"
"PL25D16B","0","16-Dec-2025","0.041096","Straight","Fixed","","","03-Jul-25","2.930000","-","-","-","-","2.310034","108.003330","2.310034","-","99.905157","0.000000","0.041057","0.003371","1000","THB","Registered","-"
"PL25D18A","0","18-Dec-2025","0.046575","Straight","Fixed","","","24-Sep-25","2.450000","-","-","-","-","2.314132","108.431144","2.314132","-","99.892335","0.000000","0.046525","0.004329","1000","THB","Registered","-"
"PL25D25A","0","25-Dec-2025","0.065753","Straight","Fixed","","","03-Jul-25","2.930000","-","-","-","-","2.309980","108.036728","2.309980","-","99.848341","0.000000","0.065654","0.008621","1000","THB","Registered","-"
"PL26129A","0","29-Jan-2026","0.161644","Straight","Fixed","","","07-Aug-25","2.780000","-","-","-","-","2.314201","108.545842","2.314201","-","99.627318","0.000000","0.161041","0.051869","1000","THB","Registered","-"
"PL26205A","0","05-Feb-2026","0.180822","Straight","Fixed","","","08-Aug-25","2.800000","-","-","-","-","2.306866","107.791480","2.306866","-","99.584601","0.000000","0.180071","0.064851","1000","THB","Registered","-"
"PL26209A","0","09-Feb-2026","0.191781","Straight","Fixed","","","05-Nov-25","2.410000","-","-","-","-","2.312180","108.324497","2.312180","-","99.558526","0.000000","0.190934","0.072912","1000","THB","Registered","-"
"PL26223A","0","23-Feb-2026","0.230137","Straight","Fixed","","","24-Nov-25","2.310000","-","-","-","-","2.304633","107.497029","2.304633","-","99.472417","0.000000","0.228923","0.104811","1000","THB","Registered","-"
"PL26316A","0","16-Mar-2026","0.287671","Straight","Fixed","","","15-Sep-25","2.600000","-","-","-","-","2.413440","118.386897","2.413440","-","99.310510","0.000000","0.285688","0.163235","1000","THB","Registered","-"
"PL26423A","0","23-Apr-2026","0.391781","Straight","Fixed","","","27-Oct-25","2.450000","-","-","-","-","2.412353","117.799486","2.412353","-","99.063735","0.000000","0.388113","0.301263","1000","THB","Registered","-"
"PL26521A","0","21-May-2026","0.468493","Straight","Fixed","","","20-Nov-25","2.420000","-","-","-","-","2.409099","117.088484","2.409099","-","98.883950","0.000000","0.463265","0.429228","1000","THB","Registered","-"
"PL26521B","0","21-May-2026","0.468493","Straight","Fixed","","","27-Nov-25","2.400000","-","-","-","-","2.399873","116.154171","2.399873","-","98.888176","0.000000","0.463284","0.429265","1000","THB","Registered","-"
"PL26626A","0","26-Jun-2026","0.567123","Straight","Fixed","","","-","-","-","-","-","-","2.439670","119.712042","2.439670","-","98.635288","0.000000","0.559384","0.625820","1000","THB","Registered","-"
"PL26724A","0","24-Jul-2026","0.643836","Straight","Fixed","","","30-Oct-25","2.580000","-","-","-","-","2.567414","132.211048","2.567414","-","98.373887","0.000000","0.633366","0.802305","1000","THB","Registered","-"
"PLE25D23A","0","23-Dec-2025","0.060274","Straight","Fixed","","","-","-","-","-","-","-","1.595931","35.309499","1.595931","-","99.903899","0.000000","0.060216","0.007252","1000","THB","Mark-to-Market","-"
"PLE26112A","0","12-Jan-2026","0.115068","Straight","Fixed","","","-","-","-","-","-","-","1.592842","35.142747","1.592842","-","99.817049","0.000000","0.114858","0.026385","1000","THB","Mark-to-Market","-"
"PLE26210A","0","10-Feb-2026","0.194521","Straight","Fixed","","","-","-","-","-","-","-","1.592141","35.186750","1.592141","-","99.691252","0.000000","0.193920","0.075210","1000","THB","Mark-to-Market","-"
"POC25D02A","0","02-Dec-2025","0.002740","Straight","Fixed","","","-","-","-","-","-","-","1.632317","38.828550","1.632317","-","99.995528","0.000000","0.002740","0.000015","1000","THB","Mark-to-Market","-"
"POC25D08A","0","08-Dec-2025","0.019178","Straight","Fixed","","","-","-","-","-","-","-","1.631456","38.791739","1.631456","-","99.968722","0.000000","0.019172","0.000735","1000","THB","Mark-to-Market","-"
"POC25D09A","0","09-Dec-2025","0.021918","Straight","Fixed","","","-","-","-","-","-","-","1.631339","38.788272","1.631339","-","99.964257","0.000000","0.021910","0.000960","1000","THB","Mark-to-Market","-"
"POC25D13A","0","13-Dec-2025","0.032877","Straight","Fixed","","","-","-","-","-","-","-","1.626021","38.281769","1.626021","-","99.946570","0.000000","0.032859","0.002159","1000","THB","Mark-to-Market","-"
"POC25D16A","0","16-Dec-2025","0.041096","Straight","Fixed","","","-","-","-","-","-","-","1.626719","38.377821","1.626719","-","99.933193","0.000000","0.041068","0.003373","1000","THB","Mark-to-Market","-"
"POC25D17A","0","17-Dec-2025","0.043836","Straight","Fixed","","","-","-","-","-","-","-","1.627978","38.513955","1.627978","-","99.928687","0.000000","0.043804","0.003838","1000","THB","Mark-to-Market","-"
"POC25D17B","0","17-Dec-2025","0.043836","Straight","Fixed","","","-","-","-","-","-","-","1.631207","38.841872","1.631207","-","99.928546","0.000000","0.043804","0.003838","1000","THB","Mark-to-Market","-"
"POC25D18A","0","18-Dec-2025","0.046575","Straight","Fixed","","","-","-","-","-","-","-","1.645881","40.340489","1.645881","-","99.923401","0.000000","0.046540","0.004332","1000","THB","Mark-to-Market","-"
"POC25D18B","0","18-Dec-2025","0.046575","Straight","Fixed","","","-","-","-","-","-","-","1.640828","39.827266","1.640828","-","99.923636","0.000000","0.046540","0.004332","1000","THB","Mark-to-Market","-"
"POC25D23A","0","23-Dec-2025","0.060274","Straight","Fixed","","","-","-","-","-","-","-","1.637658","39.545646","1.637658","-","99.901389","0.000000","0.060215","0.007252","1000","THB","Mark-to-Market","-"
"POC25D24A","0","24-Dec-2025","0.063014","Straight","Fixed","","","-","-","-","-","-","-","1.645314","40.331002","1.645314","-","99.896430","0.000000","0.062948","0.007925","1000","THB","Mark-to-Market","-"
"POC25D30A","0","30-Dec-2025","0.079452","Straight","Fixed","","","-","-","-","-","-","-","1.633443","39.171822","1.633443","-","99.870388","0.000000","0.079349","0.012593","1000","THB","Mark-to-Market","-"
"POC26106A","0","06-Jan-2026","0.098630","Straight","Fixed","","","-","-","-","-","-","-","1.634833","39.363013","1.634833","-","99.839016","0.000000","0.098471","0.019393","1000","THB","Mark-to-Market","-"
"POC26107A","0","07-Jan-2026","0.101370","Straight","Fixed","","","-","-","-","-","-","-","1.639265","39.819475","1.639265","-","99.834104","0.000000","0.101202","0.020484","1000","THB","Mark-to-Market","-"
"POC26110A","0","10-Jan-2026","0.109589","Straight","Fixed","","","-","-","-","-","-","-","1.635204","39.426994","1.635204","-","99.821120","0.000000","0.109393","0.023934","1000","THB","Mark-to-Market","-"
"POC26112A","0","12-Jan-2026","0.115068","Straight","Fixed","","","-","-","-","-","-","-","1.638204","39.743796","1.638204","-","99.811849","0.000000","0.114852","0.026382","1000","THB","Mark-to-Market","-"
"POC26113A","0","13-Jan-2026","0.117808","Straight","Fixed","","","-","-","-","-","-","-","1.635706","39.496366","1.635706","-","99.807671","0.000000","0.117582","0.027651","1000","THB","Mark-to-Market","-"
"POC26114A","0","14-Jan-2026","0.120548","Straight","Fixed","","","-","-","-","-","-","-","1.639208","39.857557","1.639208","-","99.802787","0.000000","0.120310","0.028949","1000","THB","Mark-to-Market","-"
"POC26114B","0","14-Jan-2026","0.120548","Straight","Fixed","","","-","-","-","-","-","-","1.643234","40.265911","1.643234","-","99.802303","0.000000","0.120310","0.028949","1000","THB","Mark-to-Market","-"
"POC26115A","0","15-Jan-2026","0.123288","Straight","Fixed","","","-","-","-","-","-","-","1.635696","39.507082","1.635696","-","99.798745","0.000000","0.123040","0.030277","1000","THB","Mark-to-Market","-"
"POC26129A","0","29-Jan-2026","0.161644","Straight","Fixed","","","-","-","-","-","-","-","1.633068","39.305413","1.633068","-","99.736720","0.000000","0.161218","0.051983","1000","THB","Mark-to-Market","-"
"POC26131A","0","31-Jan-2026","0.167123","Straight","Fixed","","","-","-","-","-","-","-","1.637658","39.777186","1.637658","-","99.727056","0.000000","0.166667","0.055556","1000","THB","Mark-to-Market","-"
"POC26207A","0","07-Feb-2026","0.186301","Straight","Fixed","","","-","-","-","-","-","-","1.633335","39.355625","1.633335","-","99.696631","0.000000","0.185736","0.068996","1000","THB","Mark-to-Market","-"
"POC26210A","0","10-Feb-2026","0.194521","Straight","Fixed","","","-","-","-","-","-","-","1.633746","39.401146","1.633746","-","99.683210","0.000000","0.193904","0.075198","1000","THB","Mark-to-Market","-"
"POC26212A","0","12-Feb-2026","0.200000","Straight","Fixed","","","-","-","-","-","-","-","1.632572","39.283682","1.632572","-","99.674548","0.000000","0.199349","0.079480","1000","THB","Mark-to-Market","-"
"POC26216A","0","16-Feb-2026","0.210959","Straight","Fixed","","","-","-","-","-","-","-","1.628074","38.828232","1.628074","-","99.657719","0.000000","0.210237","0.088399","1000","THB","Mark-to-Market","-"
"POC26219A","0","19-Feb-2026","0.219178","Straight","Fixed","","","-","-","-","-","-","-","1.632627","39.286913","1.632627","-","99.643440","0.000000","0.218397","0.095394","1000","THB","Mark-to-Market","-"
"POC26225A","0","25-Feb-2026","0.235616","Straight","Fixed","","","-","-","-","-","-","-","1.631699","39.180777","1.631699","-","99.617017","0.000000","0.234714","0.110181","1000","THB","Mark-to-Market","-"
"POC26226A","0","26-Feb-2026","0.238356","Straight","Fixed","","","-","-","-","-","-","-","1.631752","39.183205","1.631752","-","99.612569","0.000000","0.237433","0.112749","1000","THB","Mark-to-Market","-"
"POC26302A","0","02-Mar-2026","0.249315","Straight","Fixed","","","-","-","-","-","-","-","1.631707","39.164070","1.631707","-","99.594839","0.000000","0.248305","0.123311","1000","THB","Mark-to-Market","-"
"POC26307A","0","07-Mar-2026","0.263014","Straight","Fixed","","","-","-","-","-","-","-","1.630334","39.002732","1.630334","-","99.573031","0.000000","0.261891","0.137173","1000","THB","Mark-to-Market","-"
"POC26309A","0","09-Mar-2026","0.268493","Straight","Fixed","","","-","-","-","-","-","-","1.637324","39.699927","1.637324","-","99.562314","0.000000","0.267318","0.142918","1000","THB","Mark-to-Market","-"
"POC26314A","0","14-Mar-2026","0.282192","Straight","Fixed","","","-","-","-","-","-","-","1.636603","39.598794","1.636603","-","99.540287","0.000000","0.280895","0.157803","1000","THB","Mark-to-Market","-"
"POC26316A","0","16-Mar-2026","0.287671","Straight","Fixed","","","-","-","-","-","-","-","1.649426","40.883687","1.649426","-","99.527748","0.000000","0.286313","0.163950","1000","THB","Mark-to-Market","-"
"POC26323A","0","23-Mar-2026","0.306849","Straight","Fixed","","","-","-","-","-","-","-","1.667872","42.701855","1.667872","-","99.490821","0.000000","0.305287","0.186400","1000","THB","Mark-to-Market","-"
"POC26324A","0","24-Mar-2026","0.309589","Straight","Fixed","","","-","-","-","-","-","-","1.661652","42.065344","1.661652","-","99.488204","0.000000","0.308005","0.189734","1000","THB","Mark-to-Market","-"
"POC26330A","0","30-Mar-2026","0.326027","Straight","Fixed","","","-","-","-","-","-","-","1.672712","43.137340","1.672712","-","99.457608","0.000000","0.324259","0.210288","1000","THB","Mark-to-Market","-"
"POC26420A","0","20-Apr-2026","0.383562","Straight","Fixed","","","-","-","-","-","-","-","1.684668","44.159146","1.684668","-","99.357975","0.000000","0.381099","0.290473","1000","THB","Mark-to-Market","-"
"POC26420B","0","20-Apr-2026","0.383562","Straight","Fixed","","","-","-","-","-","-","-","1.684668","44.159146","1.684668","-","99.357975","0.000000","0.381099","0.290473","1000","THB","Mark-to-Market","-"
"POC26428A","0","28-Apr-2026","0.405479","Straight","Fixed","","","-","-","-","-","-","-","1.689741","44.595008","1.689741","-","99.319507","0.000000","0.402720","0.324367","1000","THB","Mark-to-Market","-"
"POC26511A","0","11-May-2026","0.441096","Straight","Fixed","","","-","-","-","-","-","-","1.689593","44.454910","1.689593","-","99.260241","0.000000","0.437833","0.383395","1000","THB","Mark-to-Market","-"
"PWPAC25D25A","0","25-Dec-2025","0.065753","Straight","Fixed","","","-","-","-","-","-","-","1.684379","44.306127","1.684379","-","99.889369","0.000000","0.065681","0.008628","1000","THB","Mark-to-Market","-"
"QCP26213A","0","13-Feb-2026","0.202740","Straight","Fixed","","","-","-","-","-","-","-","1.641998","40.238941","1.641998","-","99.668206","0.000000","0.202067","0.081662","1000","THB","Mark-to-Market","-"
"RIVE25D09A","0","09-Dec-2025","0.021918","Straight","Fixed","","","-","-","-","-","-","-","1.689774","44.726922","1.689774","-","99.962978","0.000000","0.021910","0.000960","1000","THB","Mark-to-Market","-"
"RIVE25D22A","0","22-Dec-2025","0.057534","Straight","Fixed","","","-","-","-","-","-","-","1.685684","44.415631","1.685684","-","99.903109","0.000000","0.057479","0.006608","1000","THB","Mark-to-Market","-"
"RIVE26109A","0","09-Jan-2026","0.106849","Straight","Fixed","","","-","-","-","-","-","-","1.691056","45.088717","1.691056","-","99.819638","0.000000","0.106657","0.022751","1000","THB","Mark-to-Market","-"
"RIVE26213A","0","13-Feb-2026","0.202740","Straight","Fixed","","","-","-","-","-","-","-","1.689144","45.016018","1.689144","-","99.658712","0.000000","0.202048","0.081647","1000","THB","Mark-to-Market","-"
"RIVE26313A","0","13-Mar-2026","0.279452","Straight","Fixed","","","-","-","-","-","-","-","1.733730","49.434890","1.733730","-","99.517842","0.000000","0.278105","0.154684","1000","THB","Mark-to-Market","-"
"RIVE26320A","0","20-Mar-2026","0.298630","Straight","Fixed","","","-","-","-","-","-","-","1.771145","53.174571","1.771145","-","99.473866","0.000000","0.297059","0.176488","1000","THB","Mark-to-Market","-"
"RIVE26323A","0","23-Mar-2026","0.306849","Straight","Fixed","","","-","-","-","-","-","-","1.774788","53.520401","1.774788","-","99.458357","0.000000","0.305187","0.186279","1000","THB","Mark-to-Market","-"
"RT25D09A","0","09-Dec-2025","0.021918","Straight","Fixed","","","-","-","-","-","-","-","1.584794","34.060474","1.584794","-","99.965277","0.000000","0.021910","0.000960","1000","THB","Mark-to-Market","-"
"RT25D22A","0","22-Dec-2025","0.057534","Straight","Fixed","","","-","-","-","-","-","-","1.585432","34.235663","1.585432","-","99.908866","0.000000","0.057482","0.006608","1000","THB","Mark-to-Market","-"
"RT26209A","0","09-Feb-2026","0.191781","Straight","Fixed","","","-","-","-","-","-","-","1.652350","41.285148","1.652350","-","99.684112","0.000000","0.191175","0.073096","1000","THB","Mark-to-Market","-"
"RT26210A","0","10-Feb-2026","0.194521","Straight","Fixed","","","-","-","-","-","-","-","1.652134","41.264246","1.652134","-","99.679655","0.000000","0.193897","0.075192","1000","THB","Mark-to-Market","-"
"S26313A","3.75","13-Mar-2026","0.279452","Straight","Fixed","","","-","-","-","-","-","-","3.464224","225.719010","3.464224","-","100.062743","1.705479","0.276773","0.153206","1000","THB","Registered","-"
"SAWAD25D04A","0","04-Dec-2025","0.008219","Straight","Fixed","","","05-Jun-25","2.580000","-","-","-","-","2.151799","91.772134","2.151799","-","99.982317","0.000000","0.008218","0.000135","1000","THB","Registered","-"
"SAWAD25D09A","0","09-Dec-2025","0.021918","Straight","Fixed","","","05-Jun-25","2.580000","-","-","-","-","2.151074","91.726457","2.151074","-","99.952875","0.000000","0.021907","0.000960","1000","THB","Registered","-"
"SAWAD25D11A","0","11-Dec-2025","0.027397","Straight","Fixed","","","12-Jun-25","2.580000","-","-","-","-","2.148202","91.444537","2.148202","-","99.941180","0.000000","0.027381","0.001499","1000","THB","Registered","-"
"SAWAD25D16A","0","16-Dec-2025","0.041096","Straight","Fixed","","","19-Jun-25","2.580000","-","-","-","-","2.156188","92.287812","2.156188","-","99.911468","0.000000","0.041060","0.003372","1000","THB","Registered","-"
"SAWAD25D18A","0","18-Dec-2025","0.046575","Straight","Fixed","","","12-Jun-25","2.550000","-","-","-","-","2.156536","92.334230","2.156536","-","99.899659","0.000000","0.046529","0.004330","1000","THB","Registered","-"
"SAWAD25D18B","0","18-Dec-2025","0.046575","Straight","Fixed","","","20-Jun-25","2.550000","-","-","-","-","2.148511","91.515200","2.148511","-","99.900032","0.000000","0.046529","0.004330","1000","THB","Registered","-"
"SAWAD25D18C","0","18-Dec-2025","0.046575","Straight","Fixed","","","26-Sep-25","2.240000","-","-","-","-","2.147339","91.395553","2.147339","-","99.900087","0.000000","0.046529","0.004330","1000","THB","Registered","-"
"SAWAD25D29A","0","29-Dec-2025","0.076712","Straight","Fixed","","","03-Oct-25","2.220000","-","-","-","-","2.152208","91.949274","2.152208","-","99.835171","0.000000","0.076586","0.011731","1000","THB","Registered","-"
"SAWAD26115A","0","15-Jan-2026","0.123288","Straight","Fixed","","","09-Jul-25","2.550000","-","-","-","-","2.209474","97.852919","2.209474","-","99.728339","0.000000","0.122953","0.030235","1000","THB","Registered","-"
"SAWAD26122A","0","22-Jan-2026","0.142466","Straight","Fixed","","","08-Aug-25","2.490000","-","-","-","-","2.204830","97.394335","2.204830","-","99.686871","0.000000","0.142020","0.040339","1000","THB","Registered","-"
"SAWAD26122B","0","22-Jan-2026","0.142466","Straight","Fixed","","","20-Oct-25","2.230000","-","-","-","-","2.229475","99.905792","2.229475","-","99.683382","0.000000","0.142015","0.040336","1000","THB","Registered","-"
"SAWAD26312A","0","12-Mar-2026","0.276712","Straight","Fixed","","","05-Sep-25","2.300000","-","-","-","-","2.231329","99.912255","2.231329","-","99.386353","0.000000","0.275014","0.151266","1000","THB","Registered","-"
"SAWAD26312B","0","12-Mar-2026","0.276712","Straight","Fixed","","","11-Sep-25","2.320000","-","-","-","-","2.227912","99.565049","2.227912","-","99.387287","0.000000","0.275017","0.151269","1000","THB","Registered","-"
"SAWAD26317A","0","17-Mar-2026","0.290411","Straight","Fixed","","","03-Oct-25","2.250000","-","-","-","-","2.228430","99.571347","2.228430","-","99.357001","0.000000","0.288544","0.166515","1000","THB","Registered","-"
"SAWAD26323A","0","23-Mar-2026","0.306849","Straight","Fixed","","","26-Jun-25","2.646000","-","-","-","-","2.231196","99.792201","2.231196","-","99.320014","0.000000","0.304763","0.185761","1000","THB","Registered","-"
"SAWAD26324A","0","24-Mar-2026","0.309589","Straight","Fixed","","","27-Jun-25","2.646000","-","-","-","-","2.231299","99.792216","2.231299","-","99.313953","0.000000","0.307465","0.189070","1000","THB","Registered","-"
"SAWAD26326A","0","26-Mar-2026","0.315068","Straight","Fixed","","","12-Sep-25","2.300000","-","-","-","-","2.227654","99.400931","2.227654","-","99.303028","0.000000","0.312873","0.195778","1000","THB","Registered","-"
"SAWAD26401A","0","01-Apr-2026","0.331507","Straight","Fixed","","","23-Sep-25","2.300000","-","-","-","-","2.229335","99.505582","2.229335","-","99.266382","0.000000","0.329075","0.216581","1000","THB","Registered","-"
"SAWAD26409A","0","09-Apr-2026","0.353425","Straight","Fixed","","","16-Oct-25","2.290000","-","-","-","-","2.230459","99.526727","2.230459","-","99.217866","0.000000","0.350660","0.245925","1000","THB","Registered","-"
"SAWAD26421A","0","21-Apr-2026","0.386301","Straight","Fixed","","","29-Sep-25","2.300000","-","-","-","-","2.234638","99.803612","2.234638","-","99.144144","0.000000","0.382995","0.293371","1000","THB","Registered","-"
"SAWAD26511A","0","11-May-2026","0.441096","Straight","Fixed","","","06-Nov-25","2.250000","-","-","-","-","2.238974","99.990832","2.238974","-","99.022056","0.000000","0.436782","0.381557","1000","THB","Registered","-"
"SAWAD26521A","0","21-May-2026","0.468493","Straight","Fixed","","","28-Nov-25","2.250000","-","-","-","-","2.250000","100.983415","2.250000","-","98.956886","0.000000","0.463606","0.429861","1000","THB","Registered","-"
"SC25D25A","0","25-Dec-2025","0.065753","Straight","Fixed","","","01-Apr-25","3.100000","-","-","-","-","2.592761","136.965523","2.592761","-","99.829807","0.000000","0.065642","0.008618","1000","THB","Registered","-"
"SC25D25B","0","25-Dec-2025","0.065753","Straight","Fixed","","","28-Apr-25","3.080000","-","-","-","-","2.589508","136.632226","2.589508","-","99.830020","0.000000","0.065642","0.008618","1000","THB","Registered","-"
"SC26122A","0","22-Jan-2026","0.142466","Straight","Fixed","","","24-Jul-25","2.830000","-","-","-","-","2.590071","136.712174","2.590071","-","99.632360","0.000000","0.141942","0.040295","1000","THB","Registered","-"
"SC26129A","0","29-Jan-2026","0.161644","Straight","Fixed","","","06-May-25","3.100000","-","-","-","-","2.595846","137.291013","2.595846","-","99.582151","0.000000","0.160968","0.051822","1000","THB","Registered","-"
"SC26129B","0","29-Jan-2026","0.161644","Straight","Fixed","","","08-May-25","3.100000","-","-","-","-","2.594196","137.122351","2.594196","-","99.582415","0.000000","0.160969","0.051822","1000","THB","Registered","-"
"SC26312A","0","12-Mar-2026","0.276712","Straight","Fixed","","","-","-","-","-","-","-","2.603047","137.732388","2.603047","-","99.284856","0.000000","0.274733","0.150957","1000","THB","Registered","-"
"SC26312B","0","12-Mar-2026","0.276712","Straight","Fixed","","","05-Sep-25","2.710000","-","-","-","-","2.599911","137.412874","2.599911","-","99.285711","0.000000","0.274736","0.150960","1000","THB","Registered","-"
"SC26325A","0","25-Mar-2026","0.312329","Straight","Fixed","","","-","-","-","-","-","-","2.599711","137.232607","2.599711","-","99.194575","0.000000","0.309813","0.191968","1000","THB","Registered","-"
"SC26409A","0","09-Apr-2026","0.353425","Straight","Fixed","","","-","-","-","-","-","-","2.602731","137.332666","2.602731","-","99.088515","0.000000","0.350203","0.245285","1000","THB","Registered","-"
"SC26521A","0","21-May-2026","0.468493","Straight","Fixed","","","25-Aug-25","2.890000","-","-","-","-","2.602435","136.677134","2.602435","-","98.795463","0.000000","0.462850","0.428460","1000","THB","Registered","-"
"SC26525A","0","25-May-2026","0.479452","Straight","Fixed","","","02-Sep-25","2.790000","-","-","-","-","2.599927","136.365579","2.599927","-","98.768807","0.000000","0.473549","0.448497","1000","THB","Registered","-"
"SC26527A","0","27-May-2026","0.484932","Straight","Fixed","","","27-Nov-25","2.600000","-","-","-","-","2.599860","136.330521","2.599860","-","98.754943","0.000000","0.478894","0.458679","1000","THB","Registered","-"
"SC26605A","0","05-Jun-2026","0.509589","Straight","Fixed","","","-","-","-","-","-","-","2.750918","151.507005","2.750918","-","98.617542","0.000000","0.502544","0.505101","1000","THB","Registered","-"
"SCAP26212A","0","12-Feb-2026","0.200000","Straight","Fixed","","","14-Nov-25","2.260000","-","-","-","-","2.240343","101.001252","2.240343","-","99.553930","0.000000","0.199108","0.079288","1000","THB","Registered","-"
"SEAFCO25D12A","0","12-Dec-2025","0.030137","Straight","Fixed","","","-","-","-","-","-","-","1.609708","36.616459","1.609708","-","99.951512","0.000000","0.030122","0.001815","1000","THB","Mark-to-Market","-"
"SEAFCO25D26A","0","26-Dec-2025","0.068493","Straight","Fixed","","","-","-","-","-","-","-","1.605751","36.330307","1.605751","-","99.890138","0.000000","0.068418","0.009362","1000","THB","Mark-to-Market","-"
"SEAFCO26120A","0","20-Jan-2026","0.136986","Straight","Fixed","","","-","-","-","-","-","-","1.688300","44.869611","1.688300","-","99.769260","0.000000","0.136670","0.037357","1000","THB","Mark-to-Market","-"
"SEAFCO26220A","0","20-Feb-2026","0.221918","Straight","Fixed","","","-","-","-","-","-","-","1.680299","44.113999","1.680299","-","99.628497","0.000000","0.221093","0.097765","1000","THB","Mark-to-Market","-"
"SEAFCO26225A","0","25-Feb-2026","0.235616","Straight","Fixed","","","-","-","-","-","-","-","1.680925","44.165594","1.680925","-","99.605509","0.000000","0.234687","0.110156","1000","THB","Mark-to-Market","-"
"SEAFCO26327A","0","27-Mar-2026","0.317808","Straight","Fixed","","","-","-","-","-","-","-","1.685183","44.422406","1.685183","-","99.467288","0.000000","0.316115","0.199858","1000","THB","Mark-to-Market","-"
"SEAFCO26424A","0","24-Apr-2026","0.394521","Straight","Fixed","","","-","-","-","-","-","-","1.689817","44.641224","1.689817","-","99.337747","0.000000","0.391908","0.307183","1000","THB","Mark-to-Market","-"
"SEAFCO26428A","0","28-Apr-2026","0.405479","Straight","Fixed","","","-","-","-","-","-","-","1.741440","49.817140","1.741440","-","99.298833","0.000000","0.402636","0.324232","1000","THB","Mark-to-Market","-"
"SECCEN25D02A","0","02-Dec-2025","0.002740","Straight","Fixed","","","-","-","-","-","-","-","1.546197","30.079779","1.546197","-","99.995764","0.000000","0.002740","0.000015","1000","THB","Mark-to-Market","-"
"SECCEN25D04A","0","04-Dec-2025","0.008219","Straight","Fixed","","","-","-","-","-","-","-","1.547721","30.252153","1.547721","-","99.987281","0.000000","0.008218","0.000135","1000","THB","Mark-to-Market","-"
"SECCEN25D04B","0","04-Dec-2025","0.008219","Straight","Fixed","","","-","-","-","-","-","-","1.547721","30.252153","1.547721","-","99.987281","0.000000","0.008218","0.000135","1000","THB","Mark-to-Market","-"
"SECCEN25D09A","0","09-Dec-2025","0.021918","Straight","Fixed","","","-","-","-","-","-","-","1.546069","30.128567","1.546069","-","99.966125","0.000000","0.021910","0.000960","1000","THB","Mark-to-Market","-"
"SECCEN25D11A","0","11-Dec-2025","0.027397","Straight","Fixed","","","-","-","-","-","-","-","1.556838","31.239330","1.556838","-","99.957365","0.000000","0.027386","0.001500","1000","THB","Mark-to-Market","-"
"SECCEN25D11B","0","11-Dec-2025","0.027397","Straight","Fixed","","","-","-","-","-","-","-","1.556838","31.239330","1.556838","-","99.957365","0.000000","0.027386","0.001500","1000","THB","Mark-to-Market","-"
"SECCEN25D11C","0","11-Dec-2025","0.027397","Straight","Fixed","","","-","-","-","-","-","-","1.555277","31.080930","1.555277","-","99.957408","0.000000","0.027386","0.001500","1000","THB","Mark-to-Market","-"
"SECCEN25D23A","0","23-Dec-2025","0.060274","Straight","Fixed","","","-","-","-","-","-","-","1.560829","31.747201","1.560829","-","99.906011","0.000000","0.060217","0.007252","1000","THB","Mark-to-Market","-"
"SECCEN25D23B","0","23-Dec-2025","0.060274","Straight","Fixed","","","-","-","-","-","-","-","1.560829","31.747201","1.560829","-","99.906011","0.000000","0.060217","0.007252","1000","THB","Mark-to-Market","-"
"SECCEN25D23C","0","23-Dec-2025","0.060274","Straight","Fixed","","","-","-","-","-","-","-","1.554640","31.119170","1.554640","-","99.906383","0.000000","0.060218","0.007252","1000","THB","Mark-to-Market","-"
"SECCEN25D25A","0","25-Dec-2025","0.065753","Straight","Fixed","","","-","-","-","-","-","-","1.555362","31.208949","1.555362","-","99.897834","0.000000","0.065686","0.008629","1000","THB","Mark-to-Market","-"
"SECCEN25D26A","0","26-Dec-2025","0.068493","Straight","Fixed","","","-","-","-","-","-","-","1.585304","34.255210","1.585304","-","99.891535","0.000000","0.068419","0.009362","1000","THB","Mark-to-Market","-"
"SECCEN25D26B","0","26-Dec-2025","0.068493","Straight","Fixed","","","-","-","-","-","-","-","1.585304","34.255210","1.585304","-","99.891535","0.000000","0.068419","0.009362","1000","THB","Mark-to-Market","-"
"SECCEN25D26C","0","26-Dec-2025","0.068493","Straight","Fixed","","","-","-","-","-","-","-","1.585304","34.255210","1.585304","-","99.891535","0.000000","0.068419","0.009362","1000","THB","Mark-to-Market","-"
"SECCEN26109A","0","09-Jan-2026","0.106849","Straight","Fixed","","","-","-","-","-","-","-","1.586300","34.459829","1.586300","-","99.830792","0.000000","0.106669","0.022756","1000","THB","Mark-to-Market","-"
"SECCEN26109B","0","09-Jan-2026","0.106849","Straight","Fixed","","","-","-","-","-","-","-","1.586300","34.459829","1.586300","-","99.830792","0.000000","0.106669","0.022756","1000","THB","Mark-to-Market","-"
"SECCEN26112A","0","12-Jan-2026","0.115068","Straight","Fixed","","","-","-","-","-","-","-","1.581969","34.040099","1.581969","-","99.818296","0.000000","0.114859","0.026385","1000","THB","Mark-to-Market","-"
"SECCEN26116A","0","16-Jan-2026","0.126027","Straight","Fixed","","","-","-","-","-","-","-","1.588832","34.760231","1.588832","-","99.800164","0.000000","0.125776","0.031639","1000","THB","Mark-to-Market","-"
"SECCEN26120A","0","20-Jan-2026","0.136986","Straight","Fixed","","","-","-","-","-","-","-","1.590333","34.934399","1.590333","-","99.782620","0.000000","0.136689","0.037368","1000","THB","Mark-to-Market","-"
"SECCEN26121A","0","21-Jan-2026","0.139726","Straight","Fixed","","","-","-","-","-","-","-","1.590715","34.978224","1.590715","-","99.778229","0.000000","0.139416","0.038874","1000","THB","Mark-to-Market","-"
"SECCEN26122A","0","22-Jan-2026","0.142466","Straight","Fixed","","","-","-","-","-","-","-","1.591100","35.022163","1.591100","-","99.773835","0.000000","0.142144","0.040410","1000","THB","Mark-to-Market","-"
"SECCEN26128A","0","28-Jan-2026","0.158904","Straight","Fixed","","","-","-","-","-","-","-","1.593772","35.319068","1.593772","-","99.747383","0.000000","0.158503","0.050246","1000","THB","Mark-to-Market","-"
"SECCEN26211A","0","11-Feb-2026","0.197260","Straight","Fixed","","","-","-","-","-","-","-","1.602760","36.263259","1.602760","-","99.684836","0.000000","0.196639","0.077333","1000","THB","Mark-to-Market","-"
"SECCEN26216A","0","16-Feb-2026","0.210959","Straight","Fixed","","","-","-","-","-","-","-","1.639940","40.030135","1.639940","-","99.655233","0.000000","0.210232","0.088395","1000","THB","Mark-to-Market","-"
"SECCEN26224A","0","24-Feb-2026","0.232877","Straight","Fixed","","","-","-","-","-","-","-","1.653984","41.440024","1.653984","-","99.616304","0.000000","0.231983","0.107632","1000","THB","Mark-to-Market","-"
"SECCEN26225A","0","25-Feb-2026","0.235616","Straight","Fixed","","","-","-","-","-","-","-","1.654517","41.491180","1.654517","-","99.611682","0.000000","0.234701","0.110170","1000","THB","Mark-to-Market","-"
"SECCEN26302A","0","02-Mar-2026","0.249315","Straight","Fixed","","","-","-","-","-","-","-","1.652005","41.218857","1.652005","-","99.589820","0.000000","0.248292","0.123298","1000","THB","Mark-to-Market","-"
"SECCEN26306A","0","06-Mar-2026","0.260274","Straight","Fixed","","","-","-","-","-","-","-","1.660256","42.036021","1.660256","-","99.569738","0.000000","0.259154","0.134322","1000","THB","Mark-to-Market","-"
"SECCEN26310A","0","10-Mar-2026","0.271233","Straight","Fixed","","","-","-","-","-","-","-","1.653887","41.370631","1.653887","-","99.553415","0.000000","0.270022","0.145823","1000","THB","Mark-to-Market","-"
"SECCEN26311A","0","11-Mar-2026","0.273973","Straight","Fixed","","","-","-","-","-","-","-","1.654028","41.379370","1.654028","-","99.548886","0.000000","0.272737","0.148771","1000","THB","Mark-to-Market","-"
"SECCEN26312A","0","12-Mar-2026","0.276712","Straight","Fixed","","","-","-","-","-","-","-","1.651490","41.116814","1.651490","-","99.545091","0.000000","0.275454","0.151749","1000","THB","Mark-to-Market","-"
"SGRADE26212A","0","12-Feb-2026","0.200000","Straight","Fixed","","","-","-","-","-","-","-","1.642064","40.245356","1.642064","-","99.672662","0.000000","0.199345","0.079477","1000","THB","Mark-to-Market","-"
"SGRADE26310A","0","10-Mar-2026","0.271233","Straight","Fixed","","","-","-","-","-","-","-","1.701728","46.213053","1.701728","-","99.540556","0.000000","0.269987","0.145786","1000","THB","Mark-to-Market","-"
"SIRI25D16A","0","16-Dec-2025","0.041096","Straight","Fixed","","","25-Mar-25","3.240000","-","-","-","-","2.505789","128.033089","2.505789","-","99.897128","0.000000","0.041054","0.003371","1000","THB","Registered","-"
"SIRI25D16B","0","16-Dec-2025","0.041096","Straight","Fixed","","","19-Jun-25","2.920000","-","-","-","-","2.503165","127.764444","2.503165","-","99.897236","0.000000","0.041054","0.003371","1000","THB","Registered","-"
"SIRI25D18A","0","18-Dec-2025","0.046575","Straight","Fixed","","","27-Mar-25","3.240000","-","-","-","-","2.509862","128.456544","2.509862","-","99.883239","0.000000","0.046521","0.004328","1000","THB","Registered","-"
"SIRI25D18B","0","18-Dec-2025","0.046575","Straight","Fixed","","","28-Apr-25","3.145000","-","-","-","-","2.508090","128.275053","2.508090","-","99.883321","0.000000","0.046521","0.004328","1000","THB","Registered","-"
"SIRI25D18C","0","18-Dec-2025","0.046575","Straight","Fixed","","","24-Sep-25","2.570000","-","-","-","-","2.502128","127.664542","2.502128","-","99.883598","0.000000","0.046521","0.004328","1000","THB","Registered","-"
"SIRI26119A","0","19-Jan-2026","0.134247","Straight","Fixed","","","-","-","-","-","-","-","2.545197","132.126964","2.545197","-","99.659480","0.000000","0.133789","0.035799","1000","THB","Registered","-"
"SIRI26119B","0","19-Jan-2026","0.134247","Straight","Fixed","","","23-May-25","3.045000","-","-","-","-","2.538686","131.461520","2.538686","-","99.660348","0.000000","0.133791","0.035800","1000","THB","Registered","-"
"SIRI26128A","0","28-Jan-2026","0.158904","Straight","Fixed","","","30-Oct-25","2.560000","-","-","-","-","2.536570","131.237310","2.536570","-","99.598547","0.000000","0.158266","0.050096","1000","THB","Registered","-"
"SIRI26129A","0","29-Jan-2026","0.161644","Straight","Fixed","","","08-Aug-25","2.870000","-","-","-","-","2.543308","131.923815","2.543308","-","99.590573","0.000000","0.160982","0.051830","1000","THB","Registered","-"
"SIRI26219A","0","19-Feb-2026","0.219178","Straight","Fixed","","","27-May-25","3.045000","-","-","-","-","2.543032","131.809742","2.543032","-","99.445713","0.000000","0.217963","0.095016","1000","THB","Registered","-"
"SIRI26316A","0","16-Mar-2026","0.287671","Straight","Fixed","","","15-Sep-25","2.620000","-","-","-","-","2.541450","131.413218","2.541450","-","99.274204","0.000000","0.285583","0.163116","1000","THB","Registered","-"
"SIRI26320A","0","20-Mar-2026","0.298630","Straight","Fixed","","","23-Jun-25","3.040000","-","-","-","-","2.599601","137.285490","2.599601","-","99.229661","0.000000","0.296330","0.175623","1000","THB","Registered","-"
"SIRI26320B","0","20-Mar-2026","0.298630","Straight","Fixed","","","04-Jul-25","3.045000","-","-","-","-","2.597180","137.039001","2.597180","-","99.230373","0.000000","0.296332","0.175625","1000","THB","Registered","-"
"SIRI26323A","0","23-Mar-2026","0.306849","Straight","Fixed","","","26-Jun-25","3.045000","-","-","-","-","2.597060","136.988795","2.597060","-","99.209394","0.000000","0.304423","0.185347","1000","THB","Registered","-"
"SIRI26323B","0","23-Mar-2026","0.306849","Straight","Fixed","","","26-Jun-25","3.045000","-","-","-","-","2.597060","136.988795","2.597060","-","99.209394","0.000000","0.304423","0.185347","1000","THB","Registered","-"
"SIRI26331A","0","31-Mar-2026","0.328767","Straight","Fixed","","","04-Jul-25","3.045000","-","-","-","-","2.597338","136.910761","2.597338","-","99.153311","0.000000","0.325983","0.212530","1000","THB","Registered","-"
"SIRI26409A","0","09-Apr-2026","0.353425","Straight","Fixed","","","15-Jul-25","3.000000","-","-","-","-","2.601477","137.205172","2.601477","-","99.088950","0.000000","0.350205","0.245287","1000","THB","Registered","-"
"SIRI26518A","0","18-May-2026","0.460274","Straight","Fixed","","","21-Aug-25","2.895000","-","-","-","-","2.605458","137.027335","2.605458","-","98.814986","0.000000","0.454820","0.413722","1000","THB","Registered","-"
"SIRI26518B","0","18-May-2026","0.460274","Straight","Fixed","","","21-Aug-25","2.890000","-","-","-","-","2.610352","137.523515","2.610352","-","98.812787","0.000000","0.454810","0.413703","1000","THB","Registered","-"
"SIRI26521A","0","21-May-2026","0.468493","Straight","Fixed","","","27-Nov-25","2.620000","-","-","-","-","2.619857","138.443239","2.619857","-","98.787497","0.000000","0.462813","0.428391","1000","THB","Registered","-"
"SIRI26604A","0","04-Jun-2026","0.506849","Straight","Fixed","","","09-Sep-25","2.690000","-","-","-","-","2.624711","138.736017","2.624711","-","98.687133","0.000000","0.500195","0.500390","1000","THB","Registered","-"
"SIRI26609A","0","09-Jun-2026","0.520548","Straight","Fixed","","","15-Sep-25","2.680000","-","-","-","-","2.625681","138.762951","2.625681","-","98.651636","0.000000","0.513529","0.527424","1000","THB","Registered","-"
"SIRI26618A","0","18-Jun-2026","0.545205","Straight","Fixed","","","22-Sep-25","2.690000","-","-","-","-","2.654176","141.515517","2.654176","-","98.573570","0.000000","0.537429","0.577659","1000","THB","Registered","-"
"SIRI26618B","0","18-Jun-2026","0.545205","Straight","Fixed","","","25-Sep-25","2.695000","-","-","-","-","2.656934","141.794592","2.656934","-","98.572109","0.000000","0.537421","0.577642","1000","THB","Registered","-"
"SIRI26626A","0","26-Jun-2026","0.567123","Straight","Fixed","","","30-Sep-25","2.690000","-","-","-","-","2.672218","143.220437","2.672218","-","98.507147","0.000000","0.558657","0.624195","1000","THB","Registered","-"
"SIRI26707A","0","07-Jul-2026","0.597260","Straight","Fixed","","","10-Oct-25","2.690000","-","-","-","-","2.674662","143.298766","2.674662","-","98.427648","0.000000","0.587869","0.691180","1000","THB","Registered","-"
"SIRI26717A","0","17-Jul-2026","0.624658","Straight","Fixed","","","-","-","-","-","-","-","2.674308","143.107699","2.674308","-","98.356921","0.000000","0.614394","0.754960","1000","THB","Registered","-"
"SIRI26723A","0","23-Jul-2026","0.641096","Straight","Fixed","","","30-Oct-25","2.690000","-","-","-","-","2.677119","143.297701","2.677119","-","98.312669","0.000000","0.630278","0.794502","1000","THB","Registered","-"
"SIRI26813A","0","13-Aug-2026","0.698630","Straight","Fixed","","","17-Nov-25","2.690000","-","-","-","-","2.677190","142.975818","2.677190","-","98.163975","0.000000","0.685803","0.940652","1000","THB","Registered","-"
"SIRI26820A","0","20-Aug-2026","0.717808","Straight","Fixed","","","27-Nov-25","2.680000","-","-","-","-","2.680972","143.247519","2.680972","-","98.111911","0.000000","0.704255","0.991951","1000","THB","Registered","-"
"SLC26226A","0","26-Feb-2026","0.238356","Straight","Fixed","","","-","-","-","-","-","-","1.691312","45.214353","1.691312","-","99.598484","0.000000","0.237399","0.112717","1000","THB","Mark-to-Market","-"
"SPALI25D18A","0","18-Dec-2025","0.046575","Straight","Fixed","","","19-Jun-25","2.200000","-","-","-","-","1.532323","28.812376","1.532323","-","99.928682","0.000000","0.046542","0.004332","1000","THB","Registered","-"
"SPALI26105A","0","05-Jan-2026","0.095890","Straight","Fixed","","","10-Apr-25","2.450000","-","-","-","-","1.535269","29.256964","1.535269","-","99.852999","0.000000","0.095749","0.018336","1000","THB","Registered","-"
"SPALI26105B","0","05-Jan-2026","0.095890","Straight","Fixed","","","08-Jul-25","2.100000","-","-","-","-","1.536034","29.334545","1.536034","-","99.852926","0.000000","0.095749","0.018336","1000","THB","Registered","-"
"SPALI26219A","0","19-Feb-2026","0.219178","Straight","Fixed","","","27-May-25","2.280000","-","-","-","-","1.538581","29.766145","1.538581","-","99.663910","0.000000","0.218441","0.095433","1000","THB","Registered","-"
"SPALI26219B","0","19-Feb-2026","0.219178","Straight","Fixed","","","21-Aug-25","1.890000","-","-","-","-","1.533766","29.278941","1.533766","-","99.664958","0.000000","0.218444","0.095435","1000","THB","Registered","-"
"SPALI26312A","0","12-Mar-2026","0.276712","Straight","Fixed","","","19-Jun-25","2.280000","-","-","-","-","1.534345","29.267954","1.534345","-","99.577223","0.000000","0.275542","0.151847","1000","THB","Registered","-"
"SPALI26409A","0","09-Apr-2026","0.353425","Straight","Fixed","","","09-Oct-25","1.590000","-","-","-","-","1.538833","29.526217","1.538833","-","99.459080","0.000000","0.351513","0.247123","1000","THB","Registered","-"
"SPALI26527A","0","27-May-2026","0.484932","Straight","Fixed","","","28-Nov-25","1.530000","-","-","-","-","1.530000","28.218550","1.530000","-","99.263519","0.000000","0.481360","0.463415","1000","THB","Registered","-"
"SPI25D09A","0","09-Dec-2025","0.021918","Straight","Fixed","","","09-Jun-25","1.800000","-","-","-","-","1.567807","32.335484","1.567807","-","99.965649","0.000000","0.021910","0.000960","1000","THB","Registered","-"
"SPY25D25A","0","25-Dec-2025","0.065753","Straight","Fixed","","","-","-","-","-","-","-","1.824951","58.594190","1.824951","-","99.880147","0.000000","0.065675","0.008626","1000","THB","Mark-to-Market","-"
"SSJVT26107A","0","07-Jan-2026","0.101370","Straight","Fixed","","","-","-","-","-","-","-","1.674015","43.346229","1.674015","-","99.830593","0.000000","0.101198","0.020482","1000","THB","Mark-to-Market","-"
"SSJVT26116A","0","16-Jan-2026","0.126027","Straight","Fixed","","","-","-","-","-","-","-","1.724499","48.523411","1.724499","-","99.783137","0.000000","0.125754","0.031628","1000","THB","Mark-to-Market","-"
"SSKC25D11A","0","11-Dec-2025","0.027397","Straight","Fixed","","","-","-","-","-","-","-","1.584212","34.018683","1.584212","-","99.956616","0.000000","0.027385","0.001500","1000","THB","Mark-to-Market","-"
"SSKC25D25A","0","25-Dec-2025","0.065753","Straight","Fixed","","","-","-","-","-","-","-","1.637464","39.541771","1.637464","-","99.892447","0.000000","0.065683","0.008628","1000","THB","Mark-to-Market","-"
"SSKC26109A","0","09-Jan-2026","0.106849","Straight","Fixed","","","-","-","-","-","-","-","1.650563","40.978982","1.650563","-","99.823949","0.000000","0.106661","0.022753","1000","THB","Mark-to-Market","-"
"SSKC26225A","0","25-Feb-2026","0.235616","Straight","Fixed","","","-","-","-","-","-","-","1.652219","41.258505","1.652219","-","99.612220","0.000000","0.234703","0.110171","1000","THB","Mark-to-Market","-"
"SSKC26225B","0","25-Feb-2026","0.235616","Straight","Fixed","","","-","-","-","-","-","-","1.653650","41.403374","1.653650","-","99.611885","0.000000","0.234702","0.110170","1000","THB","Mark-to-Market","-"
"SSKC26225C","0","25-Feb-2026","0.235616","Straight","Fixed","","","-","-","-","-","-","-","1.652005","41.236827","1.652005","-","99.612270","0.000000","0.234703","0.110171","1000","THB","Mark-to-Market","-"
"SSKC26226A","0","26-Feb-2026","0.238356","Straight","Fixed","","","-","-","-","-","-","-","1.651656","41.198394","1.651656","-","99.607861","0.000000","0.237421","0.112738","1000","THB","Mark-to-Market","-"
"SSKY25D11A","0","11-Dec-2025","0.027397","Straight","Fixed","","","-","-","-","-","-","-","1.685520","44.310859","1.685520","-","99.953843","0.000000","0.027385","0.001500","1000","THB","Mark-to-Market","-"
"SSKY25D23A","0","23-Dec-2025","0.060274","Straight","Fixed","","","-","-","-","-","-","-","1.683776","44.229493","1.683776","-","99.898615","0.000000","0.060213","0.007251","1000","THB","Mark-to-Market","-"
"SSKY26120A","0","20-Jan-2026","0.136986","Straight","Fixed","","","-","-","-","-","-","-","1.732037","49.307822","1.732037","-","99.763296","0.000000","0.136662","0.037353","1000","THB","Mark-to-Market","-"
"SSKY26124A","0","24-Jan-2026","0.147945","Straight","Fixed","","","-","-","-","-","-","-","1.736030","49.729854","1.736030","-","99.743821","0.000000","0.147566","0.043552","1000","THB","Mark-to-Market","-"
"TBTC25D05A","0","05-Dec-2025","0.010959","Straight","Fixed","","","-","-","-","-","-","-","1.635648","39.192393","1.635648","-","99.982078","0.000000","0.010957","0.000240","1000","THB","Mark-to-Market","-"
"TBTC25D12A","0","12-Dec-2025","0.030137","Straight","Fixed","","","-","-","-","-","-","-","1.634056","39.089639","1.634056","-","99.950779","0.000000","0.030122","0.001815","1000","THB","Mark-to-Market","-"
"TBTC26105A","0","05-Jan-2026","0.095890","Straight","Fixed","","","-","-","-","-","-","-","1.637711","39.648194","1.637711","-","99.843205","0.000000","0.095740","0.018332","1000","THB","Mark-to-Market","-"
"TBTC26105B","0","05-Jan-2026","0.095890","Straight","Fixed","","","-","-","-","-","-","-","1.635133","39.386607","1.635133","-","99.843452","0.000000","0.095740","0.018332","1000","THB","Mark-to-Market","-"
"TBTC26109A","0","09-Jan-2026","0.106849","Straight","Fixed","","","-","-","-","-","-","-","1.638046","39.708934","1.638046","-","99.825282","0.000000","0.106663","0.022754","1000","THB","Mark-to-Market","-"
"TBTC26129A","0","29-Jan-2026","0.161644","Straight","Fixed","","","-","-","-","-","-","-","1.632453","39.243077","1.632453","-","99.736819","0.000000","0.161218","0.051983","1000","THB","Mark-to-Market","-"
"TBTC26129B","0","29-Jan-2026","0.161644","Straight","Fixed","","","-","-","-","-","-","-","1.637204","39.724687","1.637204","-","99.736055","0.000000","0.161217","0.051982","1000","THB","Mark-to-Market","-"
"TBTC26205A","0","05-Feb-2026","0.180822","Straight","Fixed","","","-","-","-","-","-","-","1.681744","44.258463","1.681744","-","99.696826","0.000000","0.180274","0.064997","1000","THB","Mark-to-Market","-"
"TBTC26205B","0","05-Feb-2026","0.180822","Straight","Fixed","","","-","-","-","-","-","-","1.683440","44.430389","1.683440","-","99.696521","0.000000","0.180273","0.064997","1000","THB","Mark-to-Market","-"
"TBTC26209A","0","09-Feb-2026","0.191781","Straight","Fixed","","","-","-","-","-","-","-","1.687355","44.832820","1.687355","-","99.677441","0.000000","0.191162","0.073086","1000","THB","Mark-to-Market","-"
"TBTC26223A","0","23-Feb-2026","0.230137","Straight","Fixed","","","-","-","-","-","-","-","1.682479","44.328486","1.682479","-","99.614293","0.000000","0.229249","0.105111","1000","THB","Mark-to-Market","-"
"TBTC26313A","0","13-Mar-2026","0.279452","Straight","Fixed","","","-","-","-","-","-","-","1.691009","45.110233","1.691009","-","99.529667","0.000000","0.278138","0.154721","1000","THB","Mark-to-Market","-"
"TBTC26323A","0","23-Mar-2026","0.306849","Straight","Fixed","","","-","-","-","-","-","-","1.691178","45.059369","1.691178","-","99.483742","0.000000","0.305265","0.186374","1000","THB","Mark-to-Market","-"
"TBTC26403A","0","03-Apr-2026","0.336986","Straight","Fixed","","","-","-","-","-","-","-","1.693065","45.162151","1.693065","-","99.432697","0.000000","0.335075","0.224550","1000","THB","Mark-to-Market","-"
"TBTC26403B","0","03-Apr-2026","0.336986","Straight","Fixed","","","-","-","-","-","-","-","1.701220","45.986784","1.701220","-","99.429980","0.000000","0.335065","0.224538","1000","THB","Mark-to-Market","-"
"TCAP26205A","0","05-Feb-2026","0.180822","Straight","Fixed","","","14-May-25","2.250000","-","-","-","-","1.765794","52.782020","1.765794","-","99.681722","0.000000","0.180246","0.064978","1000","THB","Registered","-"
"TCAP26529A","0","29-May-2026","0.490411","Straight","Fixed","","","08-Sep-25","1.720000","-","-","-","-","1.676771","42.998578","1.676771","-","99.184400","0.000000","0.486411","0.473192","1000","THB","Registered","-"
"THANI26114A","0","14-Jan-2026","0.120548","Straight","Fixed","","","14-Jul-25","2.050000","-","-","-","-","1.741245","50.212925","1.741245","-","99.790536","0.000000","0.120295","0.028942","1000","THB","Registered","-"
"THANI26115A","0","15-Jan-2026","0.123288","Straight","Fixed","","","17-Jul-25","2.060000","-","-","-","-","1.765996","52.731334","1.765996","-","99.782747","0.000000","0.123020","0.030268","1000","THB","Registered","-"
"THANI26122A","0","22-Jan-2026","0.142466","Straight","Fixed","","","24-Jul-25","2.060000","-","-","-","-","1.795540","55.762914","1.795540","-","99.744850","0.000000","0.142102","0.040386","1000","THB","Registered","-"
"THANI26212A","0","12-Feb-2026","0.200000","Straight","Fixed","","","18-Aug-25","2.060000","-","-","-","-","1.796151","55.865554","1.796151","-","99.642056","0.000000","0.199284","0.079428","1000","THB","Registered","-"
"THANI26226A","0","26-Feb-2026","0.238356","Straight","Fixed","","","28-Aug-25","1.780000","-","-","-","-","1.714700","47.583370","1.714700","-","99.592954","0.000000","0.237386","0.112704","1000","THB","Registered","-"
"THENG25D05A","0","05-Dec-2025","0.010959","Straight","Fixed","","","-","-","-","-","-","-","1.633380","38.961923","1.633380","-","99.982103","0.000000","0.010957","0.000240","1000","THB","Mark-to-Market","-"
"THENG25D24A","0","24-Dec-2025","0.063014","Straight","Fixed","","","-","-","-","-","-","-","1.636923","39.478910","1.636923","-","99.896958","0.000000","0.062949","0.007925","1000","THB","Mark-to-Market","-"
"THENG26109A","0","09-Jan-2026","0.106849","Straight","Fixed","","","-","-","-","-","-","-","1.634166","39.315238","1.634166","-","99.825695","0.000000","0.106663","0.022754","1000","THB","Mark-to-Market","-"
"THENG26120A","0","20-Jan-2026","0.136986","Straight","Fixed","","","-","-","-","-","-","-","1.653764","41.366191","1.653764","-","99.773969","0.000000","0.136677","0.037361","1000","THB","Mark-to-Market","-"
"THENG26204A","0","04-Feb-2026","0.178082","Straight","Fixed","","","-","-","-","-","-","-","1.652836","41.326156","1.652836","-","99.706523","0.000000","0.177560","0.063055","1000","THB","Mark-to-Market","-"
"THENG26317A","0","17-Mar-2026","0.290411","Straight","Fixed","","","-","-","-","-","-","-","1.651945","41.132098","1.651945","-","99.522548","0.000000","0.289024","0.167070","1000","THB","Mark-to-Market","-"
"TISCOG25D11A","1.65","11-Dec-2025","0.027397","Straight","Fixed","","","-","-","-","-","-","-","1.545320","30.070170","1.545320","-","100.002712","0.366164","0.027386","0.001500","1000","THB","Registered","-"
"TISCOG25D25A","1.65","25-Dec-2025","0.065753","Straight","Fixed","","","-","-","-","-","-","-","1.562048","31.887304","1.562048","-","100.005466","0.302877","0.065686","0.008629","1000","THB","Registered","-"
"TISCOG26122A","1.575","22-Jan-2026","0.142466","Straight","Fixed","","","-","-","-","-","-","-","1.558922","31.760912","1.558922","-","100.001922","0.163973","0.142150","0.040413","1000","THB","Registered","-"
"TKM25D30A","0","30-Dec-2025","0.079452","Straight","Fixed","","","-","-","-","-","-","-","1.597483","35.522253","1.597483","-","99.873238","0.000000","0.079351","0.012593","1000","THB","Mark-to-Market","-"
"TKM26119A","0","19-Jan-2026","0.134247","Straight","Fixed","","","-","-","-","-","-","-","1.603131","36.226646","1.603131","-","99.785247","0.000000","0.133958","0.035890","1000","THB","Mark-to-Market","-"
"TP25D09A","0","09-Dec-2025","0.021918","Straight","Fixed","","","-","-","-","-","-","-","1.608764","36.495010","1.608764","-","99.964752","0.000000","0.021910","0.000960","1000","THB","Mark-to-Market","-"
"TP25D09B","0","09-Dec-2025","0.021918","Straight","Fixed","","","-","-","-","-","-","-","1.606885","36.304155","1.606885","-","99.964793","0.000000","0.021910","0.000960","1000","THB","Mark-to-Market","-"
"TP25D12A","0","12-Dec-2025","0.030137","Straight","Fixed","","","-","-","-","-","-","-","1.604435","36.080886","1.604435","-","99.951671","0.000000","0.030122","0.001815","1000","THB","Mark-to-Market","-"
"TP25D25A","0","25-Dec-2025","0.065753","Straight","Fixed","","","-","-","-","-","-","-","1.605694","36.316513","1.605694","-","99.894531","0.000000","0.065684","0.008629","1000","THB","Mark-to-Market","-"
"TP25D29A","0","29-Dec-2025","0.076712","Straight","Fixed","","","-","-","-","-","-","-","1.605511","36.329317","1.605511","-","99.876989","0.000000","0.076618","0.011741","1000","THB","Mark-to-Market","-"
"TP26114A","0","14-Jan-2026","0.120548","Straight","Fixed","","","-","-","-","-","-","-","1.640600","39.998696","1.640600","-","99.802619","0.000000","0.120310","0.028949","1000","THB","Mark-to-Market","-"
"TP26120A","0","20-Jan-2026","0.136986","Straight","Fixed","","","-","-","-","-","-","-","1.634043","39.366191","1.634043","-","99.776658","0.000000","0.136680","0.037363","1000","THB","Mark-to-Market","-"
"TP26204A","0","04-Feb-2026","0.178082","Straight","Fixed","","","-","-","-","-","-","-","1.633102","39.326156","1.633102","-","99.710017","0.000000","0.177566","0.063059","1000","THB","Mark-to-Market","-"
"TP26206A","0","06-Feb-2026","0.183562","Straight","Fixed","","","-","-","-","-","-","-","1.633265","39.346830","1.633265","-","99.701091","0.000000","0.183013","0.066987","1000","THB","Mark-to-Market","-"
"TP26210A","0","10-Feb-2026","0.194521","Straight","Fixed","","","-","-","-","-","-","-","1.633645","39.390975","1.633645","-","99.683229","0.000000","0.193904","0.075198","1000","THB","Mark-to-Market","-"
"TP26212A","0","12-Feb-2026","0.200000","Straight","Fixed","","","-","-","-","-","-","-","1.633861","39.414248","1.633861","-","99.674292","0.000000","0.199349","0.079480","1000","THB","Mark-to-Market","-"
"TP26218A","0","18-Feb-2026","0.216438","Straight","Fixed","","","-","-","-","-","-","-","1.632283","39.253173","1.632283","-","99.647955","0.000000","0.215676","0.093033","1000","THB","Mark-to-Market","-"
"TP26226A","0","26-Feb-2026","0.238356","Straight","Fixed","","","-","-","-","-","-","-","1.651073","41.139402","1.651073","-","99.607999","0.000000","0.237422","0.112738","1000","THB","Mark-to-Market","-"
"TP26227A","0","27-Feb-2026","0.241096","Straight","Fixed","","","-","-","-","-","-","-","1.651778","41.207480","1.651778","-","99.603343","0.000000","0.240140","0.115334","1000","THB","Mark-to-Market","-"
"TP26302A","0","02-Mar-2026","0.249315","Straight","Fixed","","","-","-","-","-","-","-","1.651688","41.186732","1.651688","-","99.589898","0.000000","0.248293","0.123298","1000","THB","Mark-to-Market","-"
"TP26302B","0","02-Mar-2026","0.249315","Straight","Fixed","","","-","-","-","-","-","-","1.651688","41.186732","1.651688","-","99.589898","0.000000","0.248293","0.123298","1000","THB","Mark-to-Market","-"
"TP26306A","0","06-Mar-2026","0.260274","Straight","Fixed","","","-","-","-","-","-","-","1.652338","41.234618","1.652338","-","99.571781","0.000000","0.259159","0.134327","1000","THB","Mark-to-Market","-"
"TP26311A","0","11-Mar-2026","0.273973","Straight","Fixed","","","-","-","-","-","-","-","1.653922","41.368694","1.653922","-","99.548915","0.000000","0.272737","0.148771","1000","THB","Mark-to-Market","-"
"TP26318A","0","18-Mar-2026","0.293151","Straight","Fixed","","","-","-","-","-","-","-","1.655182","41.453081","1.655182","-","99.517125","0.000000","0.291735","0.170219","1000","THB","Mark-to-Market","-"
"TP26319A","0","19-Mar-2026","0.295890","Straight","Fixed","","","-","-","-","-","-","-","1.655362","41.464538","1.655362","-","99.512582","0.000000","0.294448","0.173399","1000","THB","Mark-to-Market","-"
"TPIPL25D18A","0","18-Dec-2025","0.046575","Straight","Fixed","","","12-Jun-25","2.000000","-","-","-","-","2.268107","103.727685","2.268107","-","99.894474","0.000000","0.046526","0.004329","1000","THB","Registered","-"
"TPIPL25D18B","0","18-Dec-2025","0.046575","Straight","Fixed","","","20-Jun-25","2.000000","-","-","-","-","2.289178","105.880747","2.289178","-","99.893494","0.000000","0.046526","0.004329","1000","THB","Registered","-"
"TPIPL25D18C","0","18-Dec-2025","0.046575","Straight","Fixed","","","24-Jun-25","2.000000","-","-","-","-","2.288418","105.803071","2.288418","-","99.893530","0.000000","0.046526","0.004329","1000","THB","Registered","-"
"TPIPL26105A","0","05-Jan-2026","0.095890","Straight","Fixed","","","26-Aug-25","1.856300","-","-","-","-","2.337768","110.914410","2.337768","-","99.776332","0.000000","0.095676","0.018308","1000","THB","Registered","-"
"TPIPL26122A","0","22-Jan-2026","0.142466","Straight","Fixed","","","29-Jul-25","2.000000","-","-","-","-","2.405913","117.900897","2.405913","-","99.658411","0.000000","0.141979","0.040316","1000","THB","Registered","-"
"TPIPL26122B","0","22-Jan-2026","0.142466","Straight","Fixed","","","13-Aug-25","2.000000","-","-","-","-","2.413677","118.693327","2.413677","-","99.657312","0.000000","0.141978","0.040315","1000","THB","Registered","-"
"TPIPL26129A","0","29-Jan-2026","0.161644","Straight","Fixed","","","07-Aug-25","1.990000","-","-","-","-","2.405267","117.832872","2.405267","-","99.612709","0.000000","0.161018","0.051853","1000","THB","Registered","-"
"TPIPL26130A","0","30-Jan-2026","0.164384","Straight","Fixed","","","26-Aug-25","1.936400","-","-","-","-","2.418818","119.214242","2.418818","-","99.603961","0.000000","0.163733","0.053617","1000","THB","Registered","-"
"TPIPL26417A","0","17-Apr-2026","0.375342","Straight","Fixed","","","24-Jul-25","2.100000","-","-","-","-","2.478204","124.566316","2.478204","-","99.078397","0.000000","0.371883","0.276594","1000","THB","Registered","-"
"TSAKUL25D02A","0","02-Dec-2025","0.002740","Straight","Fixed","","","-","-","-","-","-","-","1.695730","45.275349","1.695730","-","99.995354","0.000000","0.002740","0.000015","1000","THB","Mark-to-Market","-"
"TSU26120A","0","20-Jan-2026","0.136986","Straight","Fixed","","","-","-","-","-","-","-","1.722759","48.366191","1.722759","-","99.764561","0.000000","0.136664","0.037354","1000","THB","Mark-to-Market","-"
"TSU26227A","0","27-Feb-2026","0.241096","Straight","Fixed","","","-","-","-","-","-","-","1.691279","45.207480","1.691279","-","99.593896","0.000000","0.240117","0.115312","1000","THB","Mark-to-Market","-"
"UNA25D07A","0","07-Dec-2025","0.016438","Straight","Fixed","","","-","-","-","-","-","-","1.827681","58.740472","1.827681","-","99.969965","0.000000","0.016433","0.000540","1000","THB","Mark-to-Market","-"
"UNA25D07B","0","07-Dec-2025","0.016438","Straight","Fixed","","","-","-","-","-","-","-","1.824909","58.458313","1.824909","-","99.970010","0.000000","0.016433","0.000540","1000","THB","Mark-to-Market","-"
"UNA25D20A","0","20-Dec-2025","0.052055","Straight","Fixed","","","-","-","-","-","-","-","1.843304","60.426084","1.843304","-","99.904139","0.000000","0.052005","0.005409","1000","THB","Mark-to-Market","-"
"UNI25D06A","0","06-Dec-2025","0.013699","Straight","Fixed","","","-","-","-","-","-","-","1.661834","41.862051","1.661834","-","99.977240","0.000000","0.013696","0.000375","1000","THB","Mark-to-Market","-"
"UNI25D06B","0","06-Dec-2025","0.013699","Straight","Fixed","","","-","-","-","-","-","-","1.658517","41.524948","1.658517","-","99.977286","0.000000","0.013696","0.000375","1000","THB","Mark-to-Market","-"
"UNI25D15A","0","15-Dec-2025","0.038356","Straight","Fixed","","","-","-","-","-","-","-","1.657643","41.510753","1.657643","-","99.936460","0.000000","0.038332","0.002939","1000","THB","Mark-to-Market","-"
"UNI25D17A","0","17-Dec-2025","0.043836","Straight","Fixed","","","-","-","-","-","-","-","1.657725","41.535455","1.657725","-","99.927385","0.000000","0.043804","0.003838","1000","THB","Mark-to-Market","-"
"UNI25D21A","0","21-Dec-2025","0.054795","Straight","Fixed","","","-","-","-","-","-","-","1.658074","41.603107","1.658074","-","99.909229","0.000000","0.054745","0.005994","1000","THB","Mark-to-Market","-"
"UNI26105A","0","05-Jan-2026","0.095890","Straight","Fixed","","","-","-","-","-","-","-","1.660685","41.979821","1.660685","-","99.841009","0.000000","0.095738","0.018332","1000","THB","Mark-to-Market","-"
"UNI26105B","0","05-Jan-2026","0.095890","Straight","Fixed","","","-","-","-","-","-","-","1.659640","41.873825","1.659640","-","99.841109","0.000000","0.095738","0.018332","1000","THB","Mark-to-Market","-"
"UNI26210A","0","10-Feb-2026","0.194521","Straight","Fixed","","","-","-","-","-","-","-","1.668800","42.953116","1.668800","-","99.676434","0.000000","0.193891","0.075188","1000","THB","Mark-to-Market","-"
"UNI26215A","0","15-Feb-2026","0.208219","Straight","Fixed","","","-","-","-","-","-","-","1.669691","43.044522","1.669691","-","99.653543","0.000000","0.207498","0.086111","1000","THB","Mark-to-Market","-"
"UNI26218A","0","18-Feb-2026","0.216438","Straight","Fixed","","","-","-","-","-","-","-","1.668397","42.911081","1.668397","-","99.640194","0.000000","0.215660","0.093018","1000","THB","Mark-to-Market","-"
"UNI26302A","0","02-Mar-2026","0.249315","Straight","Fixed","","","-","-","-","-","-","-","1.671486","43.191159","1.671486","-","99.585003","0.000000","0.248280","0.123286","1000","THB","Mark-to-Market","-"
"UNI26308A","0","08-Mar-2026","0.265753","Straight","Fixed","","","-","-","-","-","-","-","1.686490","44.681440","1.686490","-","99.553809","0.000000","0.264568","0.139992","1000","THB","Mark-to-Market","-"
"UNI26315A","0","15-Mar-2026","0.284932","Straight","Fixed","","","-","-","-","-","-","-","1.682087","44.194887","1.682087","-","99.523007","0.000000","0.283572","0.160827","1000","THB","Mark-to-Market","-"
"UNI26322A","0","22-Mar-2026","0.304110","Straight","Fixed","","","-","-","-","-","-","-","1.686051","44.548125","1.686051","-","99.489871","0.000000","0.302558","0.183083","1000","THB","Mark-to-Market","-"
"UNI26323A","0","23-Mar-2026","0.306849","Straight","Fixed","","","-","-","-","-","-","-","1.686244","44.560237","1.686244","-","99.485241","0.000000","0.305270","0.186379","1000","THB","Mark-to-Market","-"
"UNI26412A","0","12-Apr-2026","0.361644","Straight","Fixed","","","-","-","-","-","-","-","1.686605","44.429480","1.686605","-","99.393748","0.000000","0.359451","0.258411","1000","THB","Mark-to-Market","-"
"UNI26419A","0","19-Apr-2026","0.380822","Straight","Fixed","","","-","-","-","-","-","-","1.682169","43.916174","1.682169","-","99.363471","0.000000","0.378398","0.286370","1000","THB","Mark-to-Market","-"
"UNI26420A","0","20-Apr-2026","0.383562","Straight","Fixed","","","-","-","-","-","-","-","1.741283","49.880057","1.741283","-","99.336542","0.000000","0.381017","0.290348","1000","THB","Mark-to-Market","-"
"UNI26427A","0","27-Apr-2026","0.402740","Straight","Fixed","","","-","-","-","-","-","-","1.741375","49.820501","1.741375","-","99.303563","0.000000","0.399935","0.319896","1000","THB","Mark-to-Market","-"
"UNI26509A","0","09-May-2026","0.435616","Straight","Fixed","","","-","-","-","-","-","-","1.742861","49.851919","1.742861","-","99.246502","0.000000","0.432334","0.373826","1000","THB","Mark-to-Market","-"
"UNIQ25D02A","0","02-Dec-2025","0.002740","Straight","Fixed","","","-","-","-","-","-","-","1.599613","35.505344","1.599613","-","99.995618","0.000000","0.002740","0.000015","1000","THB","Mark-to-Market","-"
"UNIQ25D02B","0","02-Dec-2025","0.002740","Straight","Fixed","","","-","-","-","-","-","-","1.604561","36.008061","1.604561","-","99.995604","0.000000","0.002740","0.000015","1000","THB","Mark-to-Market","-"
"UNIQ25D03A","0","03-Dec-2025","0.005479","Straight","Fixed","","","-","-","-","-","-","-","1.599728","35.525547","1.599728","-","99.991235","0.000000","0.005479","0.000060","1000","THB","Mark-to-Market","-"
"UNIQ25D06A","0","06-Dec-2025","0.013699","Straight","Fixed","","","-","-","-","-","-","-","1.600062","35.585333","1.600062","-","99.978086","0.000000","0.013696","0.000375","1000","THB","Mark-to-Market","-"
"UNIQ25D06B","0","06-Dec-2025","0.013699","Straight","Fixed","","","-","-","-","-","-","-","1.599469","35.525049","1.599469","-","99.978094","0.000000","0.013696","0.000375","1000","THB","Mark-to-Market","-"
"UNIQ25D06C","0","06-Dec-2025","0.013699","Straight","Fixed","","","-","-","-","-","-","-","1.596966","35.270794","1.596966","-","99.978129","0.000000","0.013696","0.000375","1000","THB","Mark-to-Market","-"
"UNIQ25D07A","0","07-Dec-2025","0.016438","Straight","Fixed","","","-","-","-","-","-","-","1.600172","35.605115","1.600172","-","99.973703","0.000000","0.016434","0.000540","1000","THB","Mark-to-Market","-"
"UNIQ25D07B","0","07-Dec-2025","0.016438","Straight","Fixed","","","-","-","-","-","-","-","1.603983","35.992242","1.603983","-","99.973640","0.000000","0.016434","0.000540","1000","THB","Mark-to-Market","-"
"UNIQ25D09A","0","09-Dec-2025","0.021918","Straight","Fixed","","","-","-","-","-","-","-","1.600673","35.673103","1.600673","-","99.964929","0.000000","0.021910","0.000960","1000","THB","Mark-to-Market","-"
"UNIQ25D13A","0","13-Dec-2025","0.032877","Straight","Fixed","","","-","-","-","-","-","-","1.601248","35.765785","1.601248","-","99.947384","0.000000","0.032859","0.002159","1000","THB","Mark-to-Market","-"
"UNIQ25D15A","0","15-Dec-2025","0.038356","Straight","Fixed","","","-","-","-","-","-","-","1.598479","35.501576","1.598479","-","99.938726","0.000000","0.038333","0.002939","1000","THB","Mark-to-Market","-"
"UNIQ25D16A","0","16-Dec-2025","0.041096","Straight","Fixed","","","-","-","-","-","-","-","1.598648","35.527223","1.598648","-","99.934345","0.000000","0.041069","0.003373","1000","THB","Mark-to-Market","-"
"UNIQ25D16B","0","16-Dec-2025","0.041096","Straight","Fixed","","","-","-","-","-","-","-","1.550544","30.644065","1.550544","-","99.936320","0.000000","0.041070","0.003373","1000","THB","Mark-to-Market","-"
"UNIQ25D17A","0","17-Dec-2025","0.043836","Straight","Fixed","","","-","-","-","-","-","-","1.550426","30.640747","1.550426","-","99.932082","0.000000","0.043806","0.003838","1000","THB","Mark-to-Market","-"
"UNIQ25D17B","0","17-Dec-2025","0.043836","Straight","Fixed","","","-","-","-","-","-","-","1.550426","30.640747","1.550426","-","99.932082","0.000000","0.043806","0.003838","1000","THB","Mark-to-Market","-"
"UNIQ25D17C","0","17-Dec-2025","0.043836","Straight","Fixed","","","-","-","-","-","-","-","1.550426","30.640747","1.550426","-","99.932082","0.000000","0.043806","0.003838","1000","THB","Mark-to-Market","-"
"UNIQ25D17D","0","17-Dec-2025","0.043836","Straight","Fixed","","","-","-","-","-","-","-","1.550426","30.640747","1.550426","-","99.932082","0.000000","0.043806","0.003838","1000","THB","Mark-to-Market","-"
"UNIQ25D18A","0","18-Dec-2025","0.046575","Straight","Fixed","","","-","-","-","-","-","-","1.550309","30.637412","1.550309","-","99.927846","0.000000","0.046542","0.004332","1000","THB","Mark-to-Market","-"
"UNIQ25D20A","0","20-Dec-2025","0.052055","Straight","Fixed","","","-","-","-","-","-","-","1.550827","30.707077","1.550827","-","99.919337","0.000000","0.052013","0.005411","1000","THB","Mark-to-Market","-"
"UNIQ25D20B","0","20-Dec-2025","0.052055","Straight","Fixed","","","-","-","-","-","-","-","1.550827","30.707077","1.550827","-","99.919337","0.000000","0.052013","0.005411","1000","THB","Mark-to-Market","-"
"UNIQ25D21A","0","21-Dec-2025","0.054795","Straight","Fixed","","","-","-","-","-","-","-","1.551464","30.780173","1.551464","-","99.915060","0.000000","0.054748","0.005995","1000","THB","Mark-to-Market","-"
"UNIQ25D21B","0","21-Dec-2025","0.054795","Straight","Fixed","","","-","-","-","-","-","-","1.551464","30.780173","1.551464","-","99.915060","0.000000","0.054748","0.005995","1000","THB","Mark-to-Market","-"
"UNIQ25D21C","0","21-Dec-2025","0.054795","Straight","Fixed","","","-","-","-","-","-","-","1.551464","30.780173","1.551464","-","99.915060","0.000000","0.054748","0.005995","1000","THB","Mark-to-Market","-"
"UNIQ25D21D","0","21-Dec-2025","0.054795","Straight","Fixed","","","-","-","-","-","-","-","1.551464","30.780173","1.551464","-","99.915060","0.000000","0.054748","0.005995","1000","THB","Mark-to-Market","-"
"UNIQ25D22A","0","22-Dec-2025","0.057534","Straight","Fixed","","","-","-","-","-","-","-","1.552100","30.853146","1.552100","-","99.910781","0.000000","0.057483","0.006609","1000","THB","Mark-to-Market","-"
"UNIQ25D23A","0","23-Dec-2025","0.060274","Straight","Fixed","","","-","-","-","-","-","-","1.552738","30.926198","1.552738","-","99.906498","0.000000","0.060218","0.007252","1000","THB","Mark-to-Market","-"
"UNIQ25D27A","0","27-Dec-2025","0.071233","Straight","Fixed","","","-","-","-","-","-","-","1.555292","31.218087","1.555292","-","99.889335","0.000000","0.071154","0.010126","1000","THB","Mark-to-Market","-"
"UNIQ25D31A","0","31-Dec-2025","0.082192","Straight","Fixed","","","-","-","-","-","-","-","1.557854","31.509536","1.557854","-","99.872121","0.000000","0.082087","0.013476","1000","THB","Mark-to-Market","-"
"UNIQ26103A","0","03-Jan-2026","0.090411","Straight","Fixed","","","-","-","-","-","-","-","1.559783","31.727957","1.559783","-","99.859177","0.000000","0.090284","0.016302","1000","THB","Mark-to-Market","-"
"UNIQ26105A","0","05-Jan-2026","0.095890","Straight","Fixed","","","-","-","-","-","-","-","1.561072","31.873437","1.561072","-","99.850532","0.000000","0.095747","0.018335","1000","THB","Mark-to-Market","-"
"UNIQ26105B","0","05-Jan-2026","0.095890","Straight","Fixed","","","-","-","-","-","-","-","1.561072","31.873437","1.561072","-","99.850532","0.000000","0.095747","0.018335","1000","THB","Mark-to-Market","-"
"UNIQ26105C","0","05-Jan-2026","0.095890","Straight","Fixed","","","-","-","-","-","-","-","1.561072","31.873437","1.561072","-","99.850532","0.000000","0.095747","0.018335","1000","THB","Mark-to-Market","-"
"UNIQ26107A","0","07-Jan-2026","0.101370","Straight","Fixed","","","-","-","-","-","-","-","1.562366","32.018940","1.562366","-","99.841874","0.000000","0.101210","0.020487","1000","THB","Mark-to-Market","-"
"UNIQ26110A","0","10-Jan-2026","0.109589","Straight","Fixed","","","-","-","-","-","-","-","1.564314","32.236948","1.564314","-","99.828862","0.000000","0.109401","0.023937","1000","THB","Mark-to-Market","-"
"UNIQ26111A","0","11-Jan-2026","0.112329","Straight","Fixed","","","-","-","-","-","-","-","1.564964","32.309512","1.564964","-","99.824518","0.000000","0.112132","0.025147","1000","THB","Mark-to-Market","-"
"UNIQ26114A","0","14-Jan-2026","0.120548","Straight","Fixed","","","-","-","-","-","-","-","1.566924","32.527295","1.566924","-","99.811467","0.000000","0.120321","0.028954","1000","THB","Mark-to-Market","-"
"UNIQ26118A","0","18-Jan-2026","0.131507","Straight","Fixed","","","-","-","-","-","-","-","1.569555","32.817453","1.569555","-","99.794018","0.000000","0.131236","0.034446","1000","THB","Mark-to-Market","-"
"UNIQ26119A","0","19-Jan-2026","0.134247","Straight","Fixed","","","-","-","-","-","-","-","1.570216","32.889873","1.570216","-","99.789647","0.000000","0.133964","0.035893","1000","THB","Mark-to-Market","-"
"UNIQ26119B","0","19-Jan-2026","0.134247","Straight","Fixed","","","-","-","-","-","-","-","1.570216","32.889873","1.570216","-","99.789647","0.000000","0.133964","0.035893","1000","THB","Mark-to-Market","-"
"UNIQ26119C","0","19-Jan-2026","0.134247","Straight","Fixed","","","-","-","-","-","-","-","1.570216","32.889873","1.570216","-","99.789647","0.000000","0.133964","0.035893","1000","THB","Mark-to-Market","-"
"UNIQ26119D","0","19-Jan-2026","0.134247","Straight","Fixed","","","-","-","-","-","-","-","1.570216","32.889873","1.570216","-","99.789647","0.000000","0.133964","0.035893","1000","THB","Mark-to-Market","-"
"UNIQ26120A","0","20-Jan-2026","0.136986","Straight","Fixed","","","-","-","-","-","-","-","1.570878","32.962376","1.570878","-","99.785273","0.000000","0.136692","0.037369","1000","THB","Mark-to-Market","-"
"UNIQ26121A","0","21-Jan-2026","0.139726","Straight","Fixed","","","-","-","-","-","-","-","1.571542","33.034862","1.571542","-","99.780896","0.000000","0.139420","0.038876","1000","THB","Mark-to-Market","-"
"UNIQ26126A","0","26-Jan-2026","0.153425","Straight","Fixed","","","-","-","-","-","-","-","1.574883","33.396839","1.574883","-","99.758957","0.000000","0.153055","0.046852","1000","THB","Mark-to-Market","-"
"UNIQ26128A","0","28-Jan-2026","0.158904","Straight","Fixed","","","-","-","-","-","-","-","1.576230","33.541495","1.576230","-","99.750156","0.000000","0.158507","0.050249","1000","THB","Mark-to-Market","-"
"UNIQ26201A","0","01-Feb-2026","0.169863","Straight","Fixed","","","-","-","-","-","-","-","1.578946","33.830721","1.578946","-","99.732513","0.000000","0.169409","0.057399","1000","THB","Mark-to-Market","-"
"UNIQ26202A","0","02-Feb-2026","0.172603","Straight","Fixed","","","-","-","-","-","-","-","1.579629","33.902914","1.579629","-","99.728093","0.000000","0.172133","0.059260","1000","THB","Mark-to-Market","-"
"UNIQ26203A","0","03-Feb-2026","0.175342","Straight","Fixed","","","-","-","-","-","-","-","1.580315","33.975192","1.580315","-","99.723669","0.000000","0.174858","0.061151","1000","THB","Mark-to-Market","-"
"UNIQ26203B","0","03-Feb-2026","0.175342","Straight","Fixed","","","-","-","-","-","-","-","1.580315","33.975192","1.580315","-","99.723669","0.000000","0.174858","0.061151","1000","THB","Mark-to-Market","-"
"UNIQ26203C","0","03-Feb-2026","0.175342","Straight","Fixed","","","-","-","-","-","-","-","1.580315","33.975192","1.580315","-","99.723669","0.000000","0.174858","0.061151","1000","THB","Mark-to-Market","-"
"UNIQ26204A","0","04-Feb-2026","0.178082","Straight","Fixed","","","-","-","-","-","-","-","1.600108","35.983019","1.600108","-","99.715859","0.000000","0.177576","0.063067","1000","THB","Mark-to-Market","-"
"UNIQ26204B","0","04-Feb-2026","0.178082","Straight","Fixed","","","-","-","-","-","-","-","1.592250","35.186909","1.592250","-","99.717250","0.000000","0.177579","0.063068","1000","THB","Mark-to-Market","-"
"UNIQ26207A","0","07-Feb-2026","0.186301","Straight","Fixed","","","-","-","-","-","-","-","1.598914","35.868382","1.598914","-","99.703005","0.000000","0.185748","0.069005","1000","THB","Mark-to-Market","-"
"UNIQ26209A","0","09-Feb-2026","0.191781","Straight","Fixed","","","-","-","-","-","-","-","1.600010","35.982450","1.600010","-","99.694087","0.000000","0.191194","0.073110","1000","THB","Mark-to-Market","-"
"UNIQ26210A","0","10-Feb-2026","0.194521","Straight","Fixed","","","-","-","-","-","-","-","1.594437","35.419274","1.594437","-","99.690808","0.000000","0.193919","0.075209","1000","THB","Mark-to-Market","-"
"UNIQ26211A","0","11-Feb-2026","0.197260","Straight","Fixed","","","-","-","-","-","-","-","1.594651","35.442008","1.594651","-","99.686425","0.000000","0.196642","0.077336","1000","THB","Mark-to-Market","-"
"UNIQ26211B","0","11-Feb-2026","0.197260","Straight","Fixed","","","-","-","-","-","-","-","1.593884","35.364257","1.593884","-","99.686575","0.000000","0.196642","0.077336","1000","THB","Mark-to-Market","-"
"UNIQ26215A","0","15-Feb-2026","0.208219","Straight","Fixed","","","-","-","-","-","-","-","1.594795","35.458293","1.594795","-","99.669032","0.000000","0.207530","0.086137","1000","THB","Mark-to-Market","-"
"UNIQ26215B","0","15-Feb-2026","0.208219","Straight","Fixed","","","-","-","-","-","-","-","1.594747","35.453421","1.594747","-","99.669042","0.000000","0.207530","0.086137","1000","THB","Mark-to-Market","-"
"UNIQ26216A","0","16-Feb-2026","0.210959","Straight","Fixed","","","-","-","-","-","-","-","1.594891","35.467817","1.594891","-","99.664672","0.000000","0.210251","0.088411","1000","THB","Mark-to-Market","-"
"UNIQ26216B","0","16-Feb-2026","0.210959","Straight","Fixed","","","-","-","-","-","-","-","1.600118","35.997174","1.600118","-","99.663576","0.000000","0.210249","0.088409","1000","THB","Mark-to-Market","-"
"UNIQ26218A","0","18-Feb-2026","0.216438","Straight","Fixed","","","-","-","-","-","-","-","1.590845","35.057184","1.590845","-","99.656862","0.000000","0.215696","0.093049","1000","THB","Mark-to-Market","-"
"UNIQ26219A","0","19-Feb-2026","0.219178","Straight","Fixed","","","-","-","-","-","-","-","1.591565","35.129145","1.591565","-","99.652376","0.000000","0.218416","0.095411","1000","THB","Mark-to-Market","-"
"UNIQ26220A","0","20-Feb-2026","0.221918","Straight","Fixed","","","-","-","-","-","-","-","1.654731","41.524121","1.654731","-","99.634129","0.000000","0.221106","0.097776","1000","THB","Mark-to-Market","-"
"UNIQ26221A","0","21-Feb-2026","0.224658","Straight","Fixed","","","-","-","-","-","-","-","1.654884","41.537903","1.654884","-","99.629595","0.000000","0.223825","0.100196","1000","THB","Mark-to-Market","-"
"UNIQ26222A","0","22-Feb-2026","0.227397","Straight","Fixed","","","-","-","-","-","-","-","1.655039","41.551670","1.655039","-","99.625060","0.000000","0.226545","0.102645","1000","THB","Mark-to-Market","-"
"UNIQ26223A","0","23-Feb-2026","0.230137","Straight","Fixed","","","-","-","-","-","-","-","1.655195","41.565214","1.655195","-","99.620524","0.000000","0.229264","0.105124","1000","THB","Mark-to-Market","-"
"UNIQ26224A","0","24-Feb-2026","0.232877","Straight","Fixed","","","-","-","-","-","-","-","1.655353","41.578632","1.655353","-","99.615987","0.000000","0.231982","0.107632","1000","THB","Mark-to-Market","-"
"UNIQ26228A","0","28-Feb-2026","0.243836","Straight","Fixed","","","-","-","-","-","-","-","1.652005","41.226799","1.652005","-","99.598798","0.000000","0.242857","0.117959","1000","THB","Mark-to-Market","-"
"UNIQ26302A","0","02-Mar-2026","0.249315","Straight","Fixed","","","-","-","-","-","-","-","1.652396","41.258481","1.652396","-","99.589723","0.000000","0.248292","0.123298","1000","THB","Mark-to-Market","-"
"UNIQ26304A","0","04-Mar-2026","0.254795","Straight","Fixed","","","-","-","-","-","-","-","1.652771","41.287796","1.652771","-","99.580649","0.000000","0.253726","0.128754","1000","THB","Mark-to-Market","-"
"UNIQ26308A","0","08-Mar-2026","0.265753","Straight","Fixed","","","-","-","-","-","-","-","1.656852","41.681440","1.656852","-","99.561616","0.000000","0.264588","0.140014","1000","THB","Mark-to-Market","-"
"UNIQ26309A","0","09-Mar-2026","0.268493","Straight","Fixed","","","-","-","-","-","-","-","1.657184","41.709731","1.657184","-","99.557028","0.000000","0.267304","0.142903","1000","THB","Mark-to-Market","-"
"UNIQ26310A","0","10-Mar-2026","0.271233","Straight","Fixed","","","-","-","-","-","-","-","1.657371","41.723316","1.657371","-","99.552478","0.000000","0.270019","0.145821","1000","THB","Mark-to-Market","-"
"UNIQ26310B","0","10-Mar-2026","0.271233","Straight","Fixed","","","-","-","-","-","-","-","1.652136","41.193478","1.652136","-","99.553885","0.000000","0.270023","0.145825","1000","THB","Mark-to-Market","-"
"UNIQ26315A","0","15-Mar-2026","0.284932","Straight","Fixed","","","-","-","-","-","-","-","1.652438","41.194786","1.652438","-","99.531375","0.000000","0.283596","0.160854","1000","THB","Mark-to-Market","-"
"UNIQ26317A","0","17-Mar-2026","0.290411","Straight","Fixed","","","-","-","-","-","-","-","1.655155","41.456911","1.655155","-","99.521624","0.000000","0.289022","0.167067","1000","THB","Mark-to-Market","-"
"UNIQ26321A","0","21-Mar-2026","0.301370","Straight","Fixed","","","-","-","-","-","-","-","1.657927","41.710210","1.657927","-","99.502835","0.000000","0.299872","0.179846","1000","THB","Mark-to-Market","-"
"UNIQ26322A","0","22-Mar-2026","0.304110","Straight","Fixed","","","-","-","-","-","-","-","1.679722","43.907779","1.679722","-","99.491777","0.000000","0.302564","0.183090","1000","THB","Mark-to-Market","-"
"UNIQ26322B","0","22-Mar-2026","0.304110","Straight","Fixed","","","-","-","-","-","-","-","1.685709","44.513461","1.685709","-","99.489974","0.000000","0.302559","0.183083","1000","THB","Mark-to-Market","-"
"UNIQ26323A","0","23-Mar-2026","0.306849","Straight","Fixed","","","-","-","-","-","-","-","1.681343","44.064445","1.681343","-","99.486729","0.000000","0.305274","0.186385","1000","THB","Mark-to-Market","-"
"UNIQ26323B","0","23-Mar-2026","0.306849","Straight","Fixed","","","-","-","-","-","-","-","1.679972","43.925773","1.679972","-","99.487145","0.000000","0.305276","0.186386","1000","THB","Mark-to-Market","-"
"UNIQ26325A","0","25-Mar-2026","0.312329","Straight","Fixed","","","-","-","-","-","-","-","1.680476","43.961784","1.680476","-","99.477879","0.000000","0.310698","0.193067","1000","THB","Mark-to-Market","-"
"UNIQ26331A","0","31-Mar-2026","0.328767","Straight","Fixed","","","-","-","-","-","-","-","1.687818","44.656748","1.687818","-","99.448163","0.000000","0.326953","0.213796","1000","THB","Mark-to-Market","-"
"UNIQ26405A","0","05-Apr-2026","0.342466","Straight","Fixed","","","-","-","-","-","-","-","1.688997","44.733647","1.688997","-","99.424903","0.000000","0.340496","0.231875","1000","THB","Mark-to-Market","-"
"UNIQ26405B","0","05-Apr-2026","0.342466","Straight","Fixed","","","-","-","-","-","-","-","1.688997","44.733647","1.688997","-","99.424903","0.000000","0.340496","0.231875","1000","THB","Mark-to-Market","-"
"UNIQ26408A","0","08-Apr-2026","0.350685","Straight","Fixed","","","-","-","-","-","-","-","1.689702","44.778501","1.689702","-","99.410937","0.000000","0.348619","0.243071","1000","THB","Mark-to-Market","-"
"UNIQ26412A","0","12-Apr-2026","0.361644","Straight","Fixed","","","-","-","-","-","-","-","1.690631","44.836395","1.690631","-","99.392309","0.000000","0.359446","0.258403","1000","THB","Mark-to-Market","-"
"UNIQ26415A","0","15-Apr-2026","0.369863","Straight","Fixed","","","-","-","-","-","-","-","1.737277","49.523355","1.737277","-","99.361548","0.000000","0.367502","0.270115","1000","THB","Mark-to-Market","-"
"UNIQ26419A","0","19-Apr-2026","0.380822","Straight","Fixed","","","-","-","-","-","-","-","1.731650","48.916174","1.731650","-","99.344870","0.000000","0.378327","0.286263","1000","THB","Mark-to-Market","-"
"UNIQ26419B","0","19-Apr-2026","0.380822","Straight","Fixed","","","-","-","-","-","-","-","1.738340","49.592343","1.738340","-","99.342356","0.000000","0.378317","0.286248","1000","THB","Mark-to-Market","-"
"UNIQ26420A","0","20-Apr-2026","0.383562","Straight","Fixed","","","-","-","-","-","-","-","1.739650","49.715010","1.739650","-","99.337160","0.000000","0.381019","0.290351","1000","THB","Mark-to-Market","-"
"UNIQ26420B","0","20-Apr-2026","0.383562","Straight","Fixed","","","-","-","-","-","-","-","1.738608","49.609651","1.738608","-","99.337554","0.000000","0.381021","0.290354","1000","THB","Mark-to-Market","-"
"UNIQ26422A","0","22-Apr-2026","0.389041","Straight","Fixed","","","-","-","-","-","-","-","1.739141","49.644016","1.739141","-","99.327950","0.000000","0.386427","0.298651","1000","THB","Mark-to-Market","-"
"UNIQ26425A","0","25-Apr-2026","0.397260","Straight","Fixed","","","-","-","-","-","-","-","1.739932","49.694455","1.739932","-","99.313539","0.000000","0.394533","0.311313","1000","THB","Mark-to-Market","-"
"UNIQ26425B","0","25-Apr-2026","0.397260","Straight","Fixed","","","-","-","-","-","-","-","1.733439","49.038483","1.733439","-","99.316083","0.000000","0.394543","0.311329","1000","THB","Mark-to-Market","-"
"UNIQ26427A","0","27-Apr-2026","0.402740","Straight","Fixed","","","-","-","-","-","-","-","1.740476","49.729652","1.740476","-","99.303920","0.000000","0.399936","0.319898","1000","THB","Mark-to-Market","-"
"UNIQ26428A","0","28-Apr-2026","0.405479","Straight","Fixed","","","-","-","-","-","-","-","1.734320","49.097940","1.734320","-","99.301680","0.000000","0.402648","0.324251","1000","THB","Mark-to-Market","-"
"UNIQ26504A","0","04-May-2026","0.421918","Straight","Fixed","","","-","-","-","-","-","-","1.736074","49.215752","1.736074","-","99.272846","0.000000","0.418850","0.350870","1000","THB","Mark-to-Market","-"
"UNIQ26505A","0","05-May-2026","0.424658","Straight","Fixed","","","-","-","-","-","-","-","1.736364","49.235229","1.736364","-","99.268037","0.000000","0.421549","0.355407","1000","THB","Mark-to-Market","-"
"UNIQ26509A","0","09-May-2026","0.435616","Straight","Fixed","","","-","-","-","-","-","-","1.742860","49.851818","1.742860","-","99.246502","0.000000","0.432334","0.373826","1000","THB","Mark-to-Market","-"
"UNIQ26509B","0","09-May-2026","0.435616","Straight","Fixed","","","-","-","-","-","-","-","1.755706","51.148940","1.755706","-","99.240991","0.000000","0.432310","0.373784","1000","THB","Mark-to-Market","-"
"UNIQ26519A","0","19-May-2026","0.463014","Straight","Fixed","","","-","-","-","-","-","-","1.758187","51.302368","1.758187","-","99.192509","0.000000","0.459275","0.421867","1000","THB","Mark-to-Market","-"
"VN25D22A","0","22-Dec-2025","0.057534","Straight","Fixed","","","-","-","-","-","-","-","1.634358","39.202585","1.634358","-","99.906057","0.000000","0.057480","0.006608","1000","THB","Mark-to-Market","-"
"VNJOIN25D16A","0","16-Dec-2025","0.041096","Straight","Fixed","","","-","-","-","-","-","-","1.680916","43.883590","1.680916","-","99.930969","0.000000","0.041068","0.003373","1000","THB","Mark-to-Market","-"
"VTN26326A","0","26-Mar-2026","0.315068","Straight","Fixed","","","18-Sep-25","2.750000","-","-","-","-","2.684675","145.869140","2.684675","-","99.161238","0.000000","0.312426","0.195220","1000","THB","Registered","-"
"VTN26527A","0","27-May-2026","0.484932","Straight","Fixed","","","28-Nov-25","2.700000","-","-","-","-","2.700000","146.479756","2.700000","-","98.707606","0.000000","0.478664","0.458239","1000","THB","Registered","-"
"YUANTA25D03A","1.2","03-Dec-2025","0.005479","Straight","Fixed","","","-","-","-","-","-","-","1.295976","4.712336","1.295976","-","99.999467","0.092055","0.005479","0.000060","1000","THB","Registered","-"
"YUANTA25D03B","1.4","03-Dec-2025","0.005479","Straight","Fixed","","","-","-","-","-","-","-","1.295976","4.712336","1.295976","-","100.000563","0.107397","0.005479","0.000060","1000","THB","Registered","-"
"YUANTA25D11A","1.25","11-Dec-2025","0.027397","Straight","Fixed","","","-","-","-","-","-","-","1.311186","6.331204","1.311186","-","99.998300","0.068493","0.027387","0.001500","1000","THB","Registered","-"
"YUANTA25D26A","0.55","26-Dec-2025","0.068493","Straight","Fixed","","","-","-","-","-","-","-","1.309608","6.313728","1.309608","-","99.948014","0.004521","0.068432","0.009366","1000","THB","Registered","-"
"YUANTA26105A","1.3","05-Jan-2026","0.095890","Straight","Fixed","","","-","-","-","-","-","-","1.311463","6.588513","1.311463","-","99.998630","0.217260","0.095770","0.018344","1000","THB","Registered","-"
"YUANTA26112A","0","12-Jan-2026","0.115068","Straight","Fixed","","","10-Oct-25","1.400000","-","-","-","-","1.317561","7.260375","1.317561","-","99.848620","0.000000","0.114894","0.026401","1000","THB","Registered","-"
"YUANTA26119A","1.25","19-Jan-2026","0.134247","Straight","Fixed","","","-","-","-","-","-","-","1.309435","6.487150","1.309435","-","99.991963","0.041096","0.134011","0.035918","1000","THB","Registered","-"
"YUANTA26202A","1.6","02-Feb-2026","0.172603","Straight","Fixed","","","-","-","-","-","-","-","1.321682","7.799262","1.321682","-","100.046711","0.534795","0.172210","0.059312","1000","THB","Registered","-"
"YUANTA26205A","0","05-Feb-2026","0.180822","Straight","Fixed","","","07-Aug-25","1.847500","-","-","-","-","1.318296","7.467980","1.318296","-","99.762190","0.000000","0.180392","0.065082","1000","THB","Registered","-"
"YUANTA26213A","1.3","13-Feb-2026","0.202740","Straight","Fixed","","","-","-","-","-","-","-","1.309831","6.632451","1.309831","-","99.997852","0.060548","0.202203","0.081772","1000","THB","Registered","-"
"YUANTA26218A","1.3","18-Feb-2026","0.216438","Straight","Fixed","","","-","-","-","-","-","-","1.309809","6.635098","1.309809","-","99.997752","0.046301","0.215827","0.093162","1000","THB","Registered","-"
"YUANTA26219A","1.6","19-Feb-2026","0.219178","Straight","Fixed","","","-","-","-","-","-","-","1.318821","7.545796","1.318821","-","100.060137","0.455890","0.218546","0.095525","1000","THB","Registered","-"
"YUANTA26220A","0","20-Feb-2026","0.221918","Straight","Fixed","","","-","-","-","-","-","-","1.325092","8.179234","1.325092","-","99.706801","0.000000","0.221267","0.097918","1000","THB","Registered","-"
"YUANTA26430A","0","30-Apr-2026","0.410959","Straight","Fixed","","","06-Nov-25","1.330000","-","-","-","-","1.319839","7.260214","1.319839","-","99.460527","0.000000","0.408742","0.334140","1000","THB","Registered","-"
"YUWASU25D28A","0","28-Dec-2025","0.073973","Straight","Fixed","","","-","-","-","-","-","-","1.655960","41.442710","1.655960","-","99.877654","0.000000","0.073882","0.010917","1000","THB","Mark-to-Market","-"
"YUWASU26124A","0","24-Jan-2026","0.147945","Straight","Fixed","","","-","-","-","-","-","-","1.661665","42.185717","1.661665","-","99.754767","0.000000","0.147582","0.043561","1000","THB","Mark-to-Market","-"
"YUWASU26302A","0","02-Mar-2026","0.249315","Straight","Fixed","","","-","-","-","-","-","-","1.671486","43.191159","1.671486","-","99.585003","0.000000","0.248280","0.123286","1000","THB","Mark-to-Market","-"
"YUWASU26411A","0","11-Apr-2026","0.358904","Straight","Fixed","","","-","-","-","-","-","-","1.686521","44.430059","1.686521","-","99.398343","0.000000","0.356745","0.254534","1000","THB","Mark-to-Market","-"
"YUWASU26411B","0","11-Apr-2026","0.358904","Straight","Fixed","","","-","-","-","-","-","-","1.681555","43.928089","1.681555","-","99.400103","0.000000","0.356751","0.254543","1000","THB","Mark-to-Market","-"
"YUWASU26411C","0","11-Apr-2026","0.358904","Straight","Fixed","","","-","-","-","-","-","-","1.739658","49.801786","1.739658","-","99.379504","0.000000","0.356677","0.254437","1000","THB","Mark-to-Market","-"
"YUWASU26425A","0","25-Apr-2026","0.397260","Straight","Fixed","","","-","-","-","-","-","-","1.742515","49.955427","1.742515","-","99.312527","0.000000","0.394529","0.311307","1000","THB","Mark-to-Market","-"
"Foreign Bonds"
"EDLGEN268A","6.3","25-Aug-2026","0.731507","Straight","Fixed","BB+","","-","-","-","-","-","-","6.352442","528.451835","6.352442","-","99.948983","0.103562","0.712726","0.687926","1000","THB","Registered","-"
"EDLGEN271A","6.5","08-Jan-2027","1.104110","Straight","Fixed","BB+","","-","-","-","-","-","-","6.414455","530.869140","6.414455","-","100.073987","0.961644","1.047986","1.383355","1000","THB","Registered","-"
"EDLGEN271B","6.5","31-Jan-2027","1.167123","Straight","Fixed","BB+","","-","-","-","-","-","-","6.457692","535.384200","6.457692","-","100.033673","1.104110","1.103407","1.522664","1000","THB","Registered","-"
"EDLGEN271C","6.5","26-Jan-2027","1.153425","Straight","Fixed","BB+","","-","-","-","-","-","-","6.438001","534.513760","6.438001","-","100.057251","0.089041","1.103566","1.511069","1000","THB","Registered","-"
"EDLGEN27NA","6.9","25-Nov-2027","1.983562","Straight","Fixed","BB+","","-","-","-","-","-","-","6.457987","535.963697","6.457987","-","100.802631","0.113425","1.841693","3.971867","1000","THB","Registered","-"
"EDLGEN287A","5.5","13-Jul-2028","2.616438","Straight","Fixed","BB+","","-","-","-","-","-","-","6.660029","550.076741","6.660029","-","97.224125","2.124658","2.342440","6.927557","1000","THB","Registered","-"
"EDLGEN307A","6","13-Jul-2030","4.616438","Straight","Fixed","BB+","","-","-","-","-","-","-","7.000562","576.622523","7.000562","-","96.075425","2.317808","3.860090","18.291475","1000","THB","Registered","-"
"EDLGEN311A","6.5","30-Jan-2031","5.167123","Straight","Fixed","BB+","","-","-","-","-","-","-","7.300357","603.419712","7.300357","-","96.567571","2.208219","4.204812","21.808705","1000","THB","Registered","-"
"EDLGEN337A","6.25","13-Jul-2033","7.619178","Straight","Fixed","BB+","","-","-","-","-","-","-","7.493389","603.632672","7.493389","-","92.845167","2.414384","5.744648","41.533956","1000","THB","Registered","-"
"HTB261A","4.7","24-Jan-2026","0.147945","Straight","Fixed","BBB+","","-","-","-","-","-","-","4.213550","300.639481","4.213550","-","100.046575","1.673973","0.144893","0.091945","1000","THB","Registered","-"
"MOFL263A","6.4","31-Mar-2026","0.328767","Straight","Fixed","BB+","","-","-","-","-","-","-","5.732692","466.784503","5.732692","-","100.202368","1.087123","0.323623","0.185435","1000","THB","Registered","-"
"MOFL268A","6.1","04-Aug-2026","0.673973","Straight","Fixed","BB+","","-","-","-","-","-","-","5.794449","470.137209","5.794449","-","100.186963","0.451233","0.657364","0.598541","1000","THB","Registered","-"
"MOFL26NA","4.975","18-Nov-2026","0.964384","Straight","Fixed","BB+","","05-Jun-20","4.970722","-","-","-","-","6.048495","485.131387","6.048495","-","99.030687","0.177192","0.920246","1.299074","1000","THB","Registered","-"
"MOFL278A","6.6","04-Aug-2027","1.673973","Straight","Fixed","BB+","","-","-","-","-","-","-","6.096208","498.958001","6.096208","-","100.781724","0.488219","1.571594","2.937717","1000","THB","Registered","-"
"MOFL27OA","5.2","05-Oct-2027","1.843836","Straight","Fixed","BB+","","01-Oct-18","5.450000","-","-","-","-","6.656195","549.788052","6.656195","-","97.511639","0.812055","1.709649","3.828390","1000","THB","Registered","-"
"MOFL28NA","5.15","18-Nov-2028","2.967123","Straight","Fixed","BB+","","30-Nov-16","5.147500","-","-","-","-","6.807533","562.558309","6.807533","-","95.640948","0.183425","2.681930","8.782079","1000","THB","Registered","-"
"MOFL28NB","6","29-Nov-2028","2.997260","Straight","Fixed","BB+","","-","-","-","-","-","-","6.833174","565.167528","6.833174","-","97.804237","0.032877","2.685694","8.839223","1000","THB","Registered","-"
"MOFL29OA","5.4","05-Oct-2029","3.846575","Straight","Fixed","BB+","","-","-","-","-","-","-","7.124055","591.285626","7.124055","-","94.289807","0.843288","3.360410","13.654414","1000","THB","Registered","-"
"MOFL30NA","6.45","29-Nov-2030","4.997260","Straight","Fixed","BB+","","-","-","-","-","-","-","7.318242","605.735207","7.318242","-","96.449505","0.035342","4.175889","21.047744","1000","THB","Registered","-"
"MOFL32OA","6.05","05-Oct-2032","6.849315","Straight","Fixed","BB+","","16-Jan-25","8.400000","-","-","-","-","7.650959","623.104303","7.650959","-","91.589434","0.944795","5.380488","35.531852","1000","THB","Registered","-"
"NNPC273A","3.88","07-Mar-2027","1.263014","Amortization","Fixed","A-","","18-Feb-20","2.800000","-","-","-","-","3.370535","213.748561","3.370535","-","100.409983","0.903562","0.805917","1.281879","700","THB","Registered","-"
"NNPC27OA","3.69","05-Oct-2027","1.843836","Amortization","Fixed","A-","","18-Oct-17","3.689500","-","-","-","-","3.566774","233.192711","3.566774","-","100.161034","0.576247","1.288471","2.544454","666.67","THB","Registered","-"
"NNPC303A","3.98","30-Mar-2030","4.328767","Amortization","Fixed","A-","","26-Feb-20","2.423000","-","-","-","-","3.150550","186.620550","3.150550","-","102.601477","0.676055","3.077429","11.786127","1000","THB","Registered","-"
"XPCL267A","4.75","27-Jul-2026","0.652055","Straight","Fixed","BBB+","","-","-","-","-","-","-","3.647794","246.456976","3.647794","-","100.700418","0.455479","0.641585","0.574079","1000","THB","Registered","-"
"XPCL26OA","5.15","26-Oct-2026","0.901370","Straight","Fixed","BBB+","","01-Aug-25","3.800000","-","-","-","-","4.077668","288.877799","4.077668","-","100.934287","0.507945","0.875705","0.993998","1000","THB","Registered","-"
"XPCL277A","5","27-Jul-2027","1.652055","Straight","Fixed","BBB+","","-","-","-","-","-","-","4.027093","283.513806","4.027093","-","101.539456","0.479452","1.577410","2.941872","1000","THB","Registered","-"
"XPCL27OA","5.3","26-Oct-2027","1.901370","Straight","Fixed","BBB+","","-","-","-","-","-","-","4.031757","283.379682","4.031757","-","102.300043","0.522740","1.797425","3.776354","1000","THB","Registered","-"
"XPCL287A","4.85","23-Jul-2028","2.643836","Straight","Fixed","BBB+","","-","-","-","-","-","-","4.821308","363.729889","4.821308","-","100.059123","0.518219","2.456725","6.891926","1000","THB","Registered","-"
"XPCL28OA","5.55","26-Oct-2028","2.904110","Straight","Fixed","BBB+","","-","-","-","-","-","-","4.246025","303.349069","4.246025","-","103.531141","0.547397","2.664074","8.112700","1000","THB","Registered","-"
"XPCL297A","5","23-Jul-2029","3.643836","Straight","Fixed","BBB+","","-","-","-","-","-","-","5.004412","378.796411","5.004412","-","99.973216","0.534247","3.296571","12.324429","1000","THB","Registered","-"
"XPCL307A","5.15","23-Jul-2030","4.643836","Straight","Fixed","BBB+","","-","-","-","-","-","-","5.192161","393.378731","5.192161","-","99.814370","0.550274","4.085435","19.001054","1000","THB","Registered","-"
"XPCL307B","2.8","23-Jul-2030","4.643836","Straight","Fixed","AAA","","-","-","-","-","-","-","2.847290","150.285310","2.847290","-","99.782045","1.004932","4.284321","21.313237","1000","THB","Registered","-"
"YSH26NA","6.09","22-Nov-2026","0.975342","Straight","Fixed","AAA","","-","-","-","-","-","-","4.881588","365.805131","4.881588","-","101.155860","0.150164","0.933751","1.334436","1000","THB","Registered","-"
"YSH28NA","6.57","22-Nov-2028","2.978082","Straight","Fixed","AAA","","-","-","-","-","-","-","5.275801","405.143213","5.275801","-","103.541158","0.162000","2.676601","8.814596","1000","THB","Registered","-"
"Foreign Currency-Denominated Bonds"
"BANPU288A","5.25","08-Aug-2028","2.687671","Straight","Fixed","A+","","-","-","-","-","-","-","-","-","-","-","98.786524","1.654110","-","-","10000","USD","Registered","-"
"CIMBT26108A","0.6","08-Jan-2026","0.104110","Straight","Fixed","","F1+(tha)","-","-","-","-","-","-","-","-","-","-","99.995890","0.078904","-","-","1000000","JPY","Registered","-"
"EDLGEN269A","5.59","02-Sep-2026","0.753425","Straight","Fixed","BB+","","-","-","-","-","-","-","-","-","-","-","97.915078","1.378356","-","-","1000","USD","Registered","-"
"EDLGEN289A","5.98","02-Sep-2028","2.756164","Straight","Fixed","BB+","","07-Oct-25","-","-","-","-","-","-","-","-","-","89.148535","1.474521","-","-","1000","USD","Registered","-"
"KBANK25DA","0.86","11-Dec-2025","0.027397","Straight","Fixed","","AA+(tha)","-","-","-","-","-","-","-","-","-","-","99.978378","0.827014","-","-","5000000","JPY","Registered","-"
"KBANK25DB","5.34","15-Dec-2025","0.038356","Straight","Fixed","","AA+(tha)","-","-","-","-","-","-","-","-","-","-","99.985476","2.472493","-","-","1000","USD","Registered","-"
"MINT277A","4.95","19-Jul-2027","1.630137","Straight","Fixed","","","-","-","-","-","-","-","-","-","-","-","98.610824","1.830822","-","-","1000","USD","Registered","-"
"MINT33OA","4.03","10-Oct-2033","7.863014","Straight","Fixed","","","-","-","-","-","-","-","-","-","-","-","91.933923","0.574137","-","-","1000","EUR","Registered","-"
"MOFL25DA","7.77","18-Dec-2025","0.046575","Straight","Fixed","BB+","","-","-","-","-","-","-","-","-","-","-","99.949527","3.533753","-","-","1000","USD","Registered","-"
"MOFL27DA","7.504","18-Dec-2027","2.046575","Straight","Fixed","BB+","","-","-","-","-","-","-","-","-","-","-","98.643687","3.412778","-","-","1000","USD","Registered","-"
"TU264A","3.66","11-Apr-2026","0.358904","Straight","Fixed","","","-","-","-","-","-","-","-","-","-","-","99.255417","0.511397","-","-","1000","USD","Registered","-"
"Remark"
"1. Traded yield is based on 30/360 basis (on coupon payment) which might be different from yield calculated on actual payment.  Click here to learn more."
"2. For Inflation-Linked Bond, Coupon (%) is Real coupon (%) and all the Yields(%) shown are Real YTM(%). The Clean price(%) and Accrued Interest (%) are all in Unadjusted terms. The corresponding Adjusted terms can be obtained by multiplying the Unadjusted price or accrued interest by the Index Ratio shown in the last column. Modified duration and convexity are calculated based on Real YTM"
"3. The prices shown in the Clean Price Column of the Traded-by-price bonds are gross price."
"4. The cut-off time for daily quotation of all bonds is 16:00."
"5. Clean price, Accrued interest, Modified duration and Convexity shown in Plain vanilla MTM pages (not Trade-by-price) calculated with Market Yield and settlement date on T+1 (Calendar day)."
"6. Model yield of  are synthetic yield derived from ThaiBMA pricing model. But if there are trading transaction, model yield will be traded yield."
"7. BEY (%) is Bond Equivalent Yield (calculated with semi-annually compounded yield)."
"8. Since 1-Apr-2020 Market Yield of Long-term corporate bond that have one time cash flow (zero-coupon bond and Coupon at maturity) is semi-annual compounding yield (BEY)."